<?xml-stylesheet type='text/xsl' href='DetailXmlReference/LogReport.xsl'?>
<Root><StartTime>17/Feb/2023   1:01:47 AM</StartTime><Browser>BROWSERNAME - Version: BrowserName</Browser><Module>SIGNPOSTSTANDALONEINPROCESS</Module><TestCase StartTime="1:01:47 AM" ModuleName="ODY_5566A"><TestCaseName>ODY_5566A</TestCaseName><Step Number="1"><LowLevelInfo><StepID>1</StepID><Description>face to face assessment within 2 hours is displayed for assessment urgency in the Summary screen</Description><StepExecutedTime>1:03:46 AM</StepExecutedTime><ScreenShot Name="N/A">N/A</ScreenShot><Result>PASS</Result></LowLevelInfo></Step><Step Number="2"><LowLevelInfo><StepID>2</StepID><Description>Multiple signpost is shown and none of those are preselected in the Summary screen</Description><StepExecutedTime>1:03:48 AM</StepExecutedTime><ScreenShot Name="N/A">N/A</ScreenShot><Result>PASS</Result></LowLevelInfo></Step><Step Number="3"><LowLevelInfo><StepID>3</StepID><Description>Emergency department is displaying as preferred signpost with star icon in summary screen</Description><StepExecutedTime>1:03:50 AM</StepExecutedTime><ScreenShot Name="N/A">N/A</ScreenShot><Result>PASS</Result></LowLevelInfo></Step><Step Number="4"><LowLevelInfo><StepID>4</StepID><Description>GP Assessment is displaying as preferred signpost with star icon in summary screen</Description><StepExecutedTime>1:03:53 AM</StepExecutedTime><ScreenShot Name="N/A">N/A</ScreenShot><Result>PASS</Result></LowLevelInfo></Step><Step Number="5"><LowLevelInfo><StepID>5</StepID><Description>GP telephone assessment is displaying as preferred signpost with star icon in summary screen</Description><StepExecutedTime>1:03:55 AM</StepExecutedTime><ScreenShot Name="N/A">N/A</ScreenShot><Result>PASS</Result></LowLevelInfo></Step><Step Number="6"><LowLevelInfo><StepID>6</StepID><Description>Mental health team is not displaying as preferred signpost with star icon in summary screen</Description><StepExecutedTime>1:03:57 AM</StepExecutedTime><ScreenShot Name="N/A">N/A</ScreenShot><Result>PASS</Result></LowLevelInfo></Step><Step Number="7"><LowLevelInfo><StepID>7</StepID><Description>Urgency increased to face to face assessment Now for assessment urgency after change in answers</Description><StepExecutedTime>1:04:36 AM</StepExecutedTime><ScreenShot Name="N/A">N/A</ScreenShot><Result>PASS</Result></LowLevelInfo></Step><Step Number="8"><LowLevelInfo><StepID>8</StepID><Description>Only one signpost Clinical Assessment Now is shown and preselected in the Summary screen</Description><StepExecutedTime>1:04:38 AM</StepExecutedTime><ScreenShot Name="N/A">N/A</ScreenShot><Result>PASS</Result></LowLevelInfo></Step><Step Number="9"><LowLevelInfo><StepID>9</StepID><Description>XML screen is displaying on ending assessment in Summary screen</Description><StepExecutedTime>1:04:46 AM</StepExecutedTime><ScreenShot Name="N/A">N/A</ScreenShot><Result>PASS</Result></LowLevelInfo></Step><Step Number="10"><LowLevelInfo><StepID>10</StepID><Description>Suggested Sigpnost as Clinical Assessment Now is displaying in db</Description><StepExecutedTime>1:04:49 AM</StepExecutedTime><ScreenShot Name="N/A">N/A</ScreenShot><Result>PASS</Result></LowLevelInfo></Step><Step Number="11"><LowLevelInfo><StepID>11</StepID><Description>Selected Sigpnost as Clinical Assessment Now is displaying in db</Description><StepExecutedTime>1:04:49 AM</StepExecutedTime><ScreenShot Name="N/A">N/A</ScreenShot><Result>PASS</Result></LowLevelInfo></Step><TestCaseDescription>InprocessClinician-Test case to validate the preselect signpost when a "Clinical assessment Now"  signpost is presented.</TestCaseDescription><Result>PASS</Result><EndTime>1:04:49 AM</EndTime></TestCase><TestCase StartTime="1:04:49 AM" ModuleName="ODY_5565A"><TestCaseName>ODY_5565A</TestCaseName><Step Number="1"><LowLevelInfo><StepID>1</StepID><Description>Multiple signposts are displaying and none of them are preselected</Description><StepExecutedTime>1:06:03 AM</StepExecutedTime><ScreenShot Name="N/A">N/A</ScreenShot><Result>PASS</Result></LowLevelInfo></Step><Step Number="2"><LowLevelInfo><StepID>2</StepID><Description>Signposts : label is displayed for Clinician in the Summary screen after assessment review</Description><StepExecutedTime>1:06:27 AM</StepExecutedTime><ScreenShot Name="N/A">N/A</ScreenShot><Result>PASS</Result></LowLevelInfo></Step><Step Number="3"><LowLevelInfo><StepID>3</StepID><Description>Only one signpost Call Ambulance (999) is shown and preselected in the Summary screen</Description><StepExecutedTime>1:06:29 AM</StepExecutedTime><ScreenShot Name="N/A">N/A</ScreenShot><Result>PASS</Result></LowLevelInfo></Step><Step Number="4"><LowLevelInfo><StepID>4</StepID><Description>XML screen is displaying on ending assessment in Summary screen</Description><StepExecutedTime>1:06:36 AM</StepExecutedTime><ScreenShot Name="N/A">N/A</ScreenShot><Result>PASS</Result></LowLevelInfo></Step><Step Number="5"><LowLevelInfo><StepID>5</StepID><Description>Suggested Sigpnost as Call Ambulance(999) is displaying in db</Description><StepExecutedTime>1:06:39 AM</StepExecutedTime><ScreenShot Name="N/A">N/A</ScreenShot><Result>PASS</Result></LowLevelInfo></Step><Step Number="6"><LowLevelInfo><StepID>6</StepID><Description>Selected Sigpnost as Call Ambulance(999) is displaying in db</Description><StepExecutedTime>1:06:39 AM</StepExecutedTime><ScreenShot Name="N/A">N/A</ScreenShot><Result>PASS</Result></LowLevelInfo></Step><TestCaseDescription>InprocessClinician-Test case to validate the preselect signpost when "Call Ambulance" signpost is presented.</TestCaseDescription><Result>PASS</Result><EndTime>1:06:39 AM</EndTime></TestCase><TestCase StartTime="1:06:39 AM" ModuleName="ODY_5564A"><TestCaseName>ODY_5564A</TestCaseName><Step Number="1"><LowLevelInfo><StepID>1</StepID><Description>Signposts : label is displayed for Clinician in the Summary screen</Description><StepExecutedTime>1:07:58 AM</StepExecutedTime><ScreenShot Name="N/A">N/A</ScreenShot><Result>PASS</Result></LowLevelInfo></Step><Step Number="2"><LowLevelInfo><StepID>2</StepID><Description>Only one signpost Self care is shown and preselected in the Summary screen</Description><StepExecutedTime>1:08:00 AM</StepExecutedTime><ScreenShot Name="N/A">N/A</ScreenShot><Result>PASS</Result></LowLevelInfo></Step><Step Number="3"><LowLevelInfo><StepID>3</StepID><Description>XML screen is displaying on ending assessment in Summary screen</Description><StepExecutedTime>1:08:07 AM</StepExecutedTime><ScreenShot Name="N/A">N/A</ScreenShot><Result>PASS</Result></LowLevelInfo></Step><Step Number="4"><LowLevelInfo><StepID>4</StepID><Description>Suggested Sigpnost as selfCare is displaying in db</Description><StepExecutedTime>1:08:11 AM</StepExecutedTime><ScreenShot Name="N/A">N/A</ScreenShot><Result>PASS</Result></LowLevelInfo></Step><Step Number="5"><LowLevelInfo><StepID>5</StepID><Description>Selected Sigpnost as selfCare is displaying in db</Description><StepExecutedTime>1:08:11 AM</StepExecutedTime><ScreenShot Name="N/A">N/A</ScreenShot><Result>PASS</Result></LowLevelInfo></Step><TestCaseDescription>InprocessClinician-Test case to validate the preselect signpost when self care signpost is presented</TestCaseDescription><Result>PASS</Result><EndTime>1:08:11 AM</EndTime></TestCase><TestCase StartTime="1:08:11 AM" ModuleName="ODY_5745D"><TestCaseName>ODY_5745D</TestCaseName><Step Number="1"><LowLevelInfo><StepID>1</StepID><Description>face to face assessment within 6 hours is displaying as Urgency Selected in summary screen</Description><StepExecutedTime>1:09:39 AM</StepExecutedTime><ScreenShot Name="N/A">N/A</ScreenShot><Result>PASS</Result></LowLevelInfo></Step><Step Number="2"><LowLevelInfo><StepID>2</StepID><Description>GP Assessment is displaying as preferred signpost with star icon in summary screen</Description><StepExecutedTime>1:09:41 AM</StepExecutedTime><ScreenShot Name="N/A">N/A</ScreenShot><Result>PASS</Result></LowLevelInfo></Step><Step Number="3"><LowLevelInfo><StepID>3</StepID><Description>GP telephone assessment is displaying as preferred signpost with star icon in summary screen</Description><StepExecutedTime>1:09:43 AM</StepExecutedTime><ScreenShot Name="N/A">N/A</ScreenShot><Result>PASS</Result></LowLevelInfo></Step><Step Number="4"><LowLevelInfo><StepID>4</StepID><Description>Advanced nurse practitioner f2f is not displaying as preferred signpost with star icon in summary screen</Description><StepExecutedTime>1:09:46 AM</StepExecutedTime><ScreenShot Name="N/A">N/A</ScreenShot><Result>PASS</Result></LowLevelInfo></Step><Step Number="5"><LowLevelInfo><StepID>5</StepID><Description>Urgent care practitioner assessment is not displaying as preferred signpost with star icon in summary screen</Description><StepExecutedTime>1:09:48 AM</StepExecutedTime><ScreenShot Name="N/A">N/A</ScreenShot><Result>PASS</Result></LowLevelInfo></Step><Step Number="6"><LowLevelInfo><StepID>6</StepID><Description>Advanced nurse practitioner f2f is highlighted on click in summary screen</Description><StepExecutedTime>1:09:52 AM</StepExecutedTime><ScreenShot Name="N/A">N/A</ScreenShot><Result>PASS</Result></LowLevelInfo></Step><Step Number="7"><LowLevelInfo><StepID>7</StepID><Description>Preferred signpost GP Assessment is highlighted on click in summary screen</Description><StepExecutedTime>1:09:56 AM</StepExecutedTime><ScreenShot Name="N/A">N/A</ScreenShot><Result>PASS</Result></LowLevelInfo></Step><Step Number="8"><LowLevelInfo><StepID>8</StepID><Description>List of Suggested Sigpnost are displaying in db</Description><StepExecutedTime>1:10:01 AM</StepExecutedTime><ScreenShot Name="N/A">N/A</ScreenShot><Result>PASS</Result></LowLevelInfo></Step><Step Number="9"><LowLevelInfo><StepID>9</StepID><Description>Selected Sigpnost as GP Assessment is displaying in db</Description><StepExecutedTime>1:10:01 AM</StepExecutedTime><ScreenShot Name="N/A">N/A</ScreenShot><Result>PASS</Result></LowLevelInfo></Step><Step Number="10"><LowLevelInfo><StepID>10</StepID><Description>face to face assessment within 6 hours is displaying as Urgency Selected in summary screen</Description><StepExecutedTime>1:10:42 AM</StepExecutedTime><ScreenShot Name="N/A">N/A</ScreenShot><Result>PASS</Result></LowLevelInfo></Step><Step Number="11"><LowLevelInfo><StepID>11</StepID><Description>GP Assessment is displaying as preferred signpost with star icon in summary screen</Description><StepExecutedTime>1:10:45 AM</StepExecutedTime><ScreenShot Name="N/A">N/A</ScreenShot><Result>PASS</Result></LowLevelInfo></Step><Step Number="12"><LowLevelInfo><StepID>12</StepID><Description>GP telephone assessment is displaying as preferred signpost with star icon in summary screen</Description><StepExecutedTime>1:10:46 AM</StepExecutedTime><ScreenShot Name="N/A">N/A</ScreenShot><Result>PASS</Result></LowLevelInfo></Step><Step Number="13"><LowLevelInfo><StepID>13</StepID><Description>Advanced nurse practitioner f2f is not displaying as preferred signpost with star icon in summary screen</Description><StepExecutedTime>1:10:49 AM</StepExecutedTime><ScreenShot Name="N/A">N/A</ScreenShot><Result>PASS</Result></LowLevelInfo></Step><Step Number="14"><LowLevelInfo><StepID>14</StepID><Description>Urgent care practitioner assessment is not displaying as preferred signpost with star icon in summary screen</Description><StepExecutedTime>1:10:51 AM</StepExecutedTime><ScreenShot Name="N/A">N/A</ScreenShot><Result>PASS</Result></LowLevelInfo></Step><TestCaseDescription>InprocessClinician-To check that preferred signposts are shown with star icon in Summary screen.</TestCaseDescription><Result>PASS</Result><EndTime>1:10:54 AM</EndTime></TestCase><TestCase StartTime="1:10:54 AM" ModuleName="ODY_1011"><TestCaseName>ODY_1011</TestCaseName><Step Number="1"><LowLevelInfo><StepID>1</StepID><Description>Close assessment layout is displaying on clicking the close assessment link on assessment screen</Description><StepExecutedTime>1:11:56 AM</StepExecutedTime><ScreenShot Name="N/A">N/A</ScreenShot><Result>PASS</Result></LowLevelInfo></Step><Step Number="2"><LowLevelInfo><StepID>2</StepID><Description>Close Assessment button is disable before selecting the reason for closing the assessment</Description><StepExecutedTime>1:11:57 AM</StepExecutedTime><ScreenShot Name="N/A">N/A</ScreenShot><Result>PASS</Result></LowLevelInfo></Step><Step Number="3"><LowLevelInfo><StepID>3</StepID><Description>Hoax option in available in Reason for close assessment Combobox</Description><StepExecutedTime>1:12:00 AM</StepExecutedTime><ScreenShot Name="N/A">N/A</ScreenShot><Result>PASS</Result></LowLevelInfo></Step><Step Number="4"><LowLevelInfo><StepID>4</StepID><Description>Hangup option in available in Reason for close assessment Combobox</Description><StepExecutedTime>1:12:03 AM</StepExecutedTime><ScreenShot Name="N/A">N/A</ScreenShot><Result>PASS</Result></LowLevelInfo></Step><Step Number="5"><LowLevelInfo><StepID>5</StepID><Description>Other option in available in Reason for close assessment Combobox</Description><StepExecutedTime>1:12:06 AM</StepExecutedTime><ScreenShot Name="N/A">N/A</ScreenShot><Result>PASS</Result></LowLevelInfo></Step><Step Number="6"><LowLevelInfo><StepID>6</StepID><Description>Return to Asssessment button is enable in the Close assessment layout</Description><StepExecutedTime>1:12:07 AM</StepExecutedTime><ScreenShot Name="N/A">N/A</ScreenShot><Result>PASS</Result></LowLevelInfo></Step><Step Number="7"><LowLevelInfo><StepID>7</StepID><Description>Close Assessment button is enable after selecting the reason for closing the assessment</Description><StepExecutedTime>1:12:09 AM</StepExecutedTime><ScreenShot Name="N/A">N/A</ScreenShot><Result>PASS</Result></LowLevelInfo></Step><Step Number="8"><LowLevelInfo><StepID>8</StepID><Description>Reson Text box is not enable since Other option is not selected as Reason for closing the assessment</Description><StepExecutedTime>1:12:11 AM</StepExecutedTime><ScreenShot Name="N/A">N/A</ScreenShot><Result>PASS</Result></LowLevelInfo></Step><Step Number="9"><LowLevelInfo><StepID>9</StepID><Description>Hoax option in available in Reason for close assessment Combobox</Description><StepExecutedTime>1:12:14 AM</StepExecutedTime><ScreenShot Name="N/A">N/A</ScreenShot><Result>PASS</Result></LowLevelInfo></Step><Step Number="10"><LowLevelInfo><StepID>10</StepID><Description>Reson Text box is enable since Other option is selected as Reason for closing the assessment</Description><StepExecutedTime>1:12:16 AM</StepExecutedTime><ScreenShot Name="N/A">N/A</ScreenShot><Result>PASS</Result></LowLevelInfo></Step><Step Number="11"><LowLevelInfo><StepID>11</StepID><Description>Other option in available in Reason for close assessment Combobox</Description><StepExecutedTime>1:12:19 AM</StepExecutedTime><ScreenShot Name="N/A">N/A</ScreenShot><Result>PASS</Result></LowLevelInfo></Step><Step Number="12"><LowLevelInfo><StepID>12</StepID><Description>Close Assessment layout is closed when Resurn to Assessment button clicked</Description><StepExecutedTime>1:12:22 AM</StepExecutedTime><ScreenShot Name="N/A">N/A</ScreenShot><Result>PASS</Result></LowLevelInfo></Step><Step Number="13"><LowLevelInfo><StepID>13</StepID><Description>Other option in available in Reason for close assessment Combobox</Description><StepExecutedTime>1:12:27 AM</StepExecutedTime><ScreenShot Name="N/A">N/A</ScreenShot><Result>PASS</Result></LowLevelInfo></Step><Step Number="14"><LowLevelInfo><StepID>14</StepID><Description>Summary screen is displaying on clicking Close assessment Button</Description><StepExecutedTime>1:12:32 AM</StepExecutedTime><ScreenShot Name="N/A">N/A</ScreenShot><Result>PASS</Result></LowLevelInfo></Step><Step Number="15"><LowLevelInfo><StepID>15</StepID><Description>Closed: Hoxed is displaying in the patient OutCome</Description><StepExecutedTime>1:12:35 AM</StepExecutedTime><ScreenShot Name="N/A">N/A</ScreenShot><Result>PASS</Result></LowLevelInfo></Step><Step Number="16"><LowLevelInfo><StepID>16</StepID><Description>XML screen is displaying on clicking Complete button in Summary screen</Description><StepExecutedTime>1:12:43 AM</StepExecutedTime><ScreenShot Name="N/A">N/A</ScreenShot><Result>PASS</Result></LowLevelInfo></Step><Step Number="17"><LowLevelInfo><StepID>17</StepID><Description>Assessment State is displaying as Ended in the XML screen</Description><StepExecutedTime>1:12:45 AM</StepExecutedTime><ScreenShot Name="N/A">N/A</ScreenShot><Result>PASS</Result></LowLevelInfo></Step><Step Number="18"><LowLevelInfo><StepID>18</StepID><Description>PresentingComplaint State is selected as Knee Injury in the XML screen</Description><StepExecutedTime>1:12:47 AM</StepExecutedTime><ScreenShot Name="N/A">N/A</ScreenShot><Result>PASS</Result></LowLevelInfo></Step><Step Number="19"><LowLevelInfo><StepID>19</StepID><Description>PatientOutcome is displaying as Closed: Hoax in the XML screen</Description><StepExecutedTime>1:12:50 AM</StepExecutedTime><ScreenShot Name="N/A">N/A</ScreenShot><Result>PASS</Result></LowLevelInfo></Step><Step Number="20"><LowLevelInfo><StepID>20</StepID><Description>Gender is Female in the generated XML</Description><StepExecutedTime>1:12:54 AM</StepExecutedTime><ScreenShot Name="N/A">N/A</ScreenShot><Result>PASS</Result></LowLevelInfo></Step><Step Number="21"><LowLevelInfo><StepID>21</StepID><Description>Presenting Complaint is Knee Injury in the generated XML</Description><StepExecutedTime>1:12:58 AM</StepExecutedTime><ScreenShot Name="N/A">N/A</ScreenShot><Result>PASS</Result></LowLevelInfo></Step><Step Number="22"><LowLevelInfo><StepID>22</StepID><Description>SessionStatus is Ended in the generated XML</Description><StepExecutedTime>1:12:59 AM</StepExecutedTime><ScreenShot Name="N/A">N/A</ScreenShot><Result>PASS</Result></LowLevelInfo></Step><Step Number="23"><LowLevelInfo><StepID>23</StepID><Description>SessionType is Clinical in the generated XML</Description><StepExecutedTime>1:13:01 AM</StepExecutedTime><ScreenShot Name="N/A">N/A</ScreenShot><Result>PASS</Result></LowLevelInfo></Step><Step Number="24"><LowLevelInfo><StepID>24</StepID><Description>SelectedOutcome is Closed: Hoax in the generated XML</Description><StepExecutedTime>1:13:03 AM</StepExecutedTime><ScreenShot Name="N/A">N/A</ScreenShot><Result>PASS</Result></LowLevelInfo></Step><Step Number="25"><LowLevelInfo><StepID>25</StepID><Description>RecommendedUrgencyMessage is blank in the generated XML</Description><StepExecutedTime>1:13:04 AM</StepExecutedTime><ScreenShot Name="N/A">N/A</ScreenShot><Result>PASS</Result></LowLevelInfo></Step><Step Number="26"><LowLevelInfo><StepID>26</StepID><Description>RecommendedUrgencyCode is blank in the generated XML</Description><StepExecutedTime>1:13:06 AM</StepExecutedTime><ScreenShot Name="N/A">N/A</ScreenShot><Result>PASS</Result></LowLevelInfo></Step><Step Number="27"><LowLevelInfo><StepID>27</StepID><Description>SelectedUrgencyMessage is blank in the generated XML</Description><StepExecutedTime>1:13:08 AM</StepExecutedTime><ScreenShot Name="N/A">N/A</ScreenShot><Result>PASS</Result></LowLevelInfo></Step><Step Number="28"><LowLevelInfo><StepID>28</StepID><Description>SelectedUrgencyCode is blank in the generated XML</Description><StepExecutedTime>1:13:10 AM</StepExecutedTime><ScreenShot Name="N/A">N/A</ScreenShot><Result>PASS</Result></LowLevelInfo></Step><Step Number="29"><LowLevelInfo><StepID>29</StepID><Description>Self care is not saved in DB for as selected signpost for the assessment closed abruptly</Description><StepExecutedTime>1:13:13 AM</StepExecutedTime><ScreenShot Name="N/A">N/A</ScreenShot><Result>PASS</Result></LowLevelInfo></Step><TestCaseDescription>InprocessClinician-To Check Close Assessment option available on the LHS of the Assessment screen in InProcess</TestCaseDescription><Result>PASS</Result><EndTime>1:13:13 AM</EndTime></TestCase><TestCase StartTime="1:13:13 AM" ModuleName="ODY_9922A"><TestCaseName>ODY_9922A</TestCaseName><Step Number="1"><LowLevelInfo><StepID>1</StepID><Description>EMER message displayed and for proceeding to triage screen</Description><StepExecutedTime>1:14:18 AM</StepExecutedTime><ScreenShot Name="N/A">N/A</ScreenShot><Result>PASS</Result></LowLevelInfo></Step><Step Number="2"><LowLevelInfo><StepID>2</StepID><Description>IMLT warning message displayed and for proceeding to triage screen</Description><StepExecutedTime>1:14:22 AM</StepExecutedTime><ScreenShot Name="N/A">N/A</ScreenShot><Result>PASS</Result></LowLevelInfo></Step><Step Number="3"><LowLevelInfo><StepID>3</StepID><Description>IMLT message displayed and for proceeding to triage screen</Description><StepExecutedTime>1:14:25 AM</StepExecutedTime><ScreenShot Name="N/A">N/A</ScreenShot><Result>PASS</Result></LowLevelInfo></Step><Step Number="4"><LowLevelInfo><StepID>4</StepID><Description>IMLT message displayed and for proceeding to triage screen</Description><StepExecutedTime>1:14:28 AM</StepExecutedTime><ScreenShot Name="N/A">N/A</ScreenShot><Result>PASS</Result></LowLevelInfo></Step><Step Number="5"><LowLevelInfo><StepID>5</StepID><Description>Audit for AmbulanceWarning with description as User opted to move to triage screen for EMER with the scoring level of NN triggered is logged</Description><StepExecutedTime>1:14:32 AM</StepExecutedTime><ScreenShot Name="N/A">N/A</ScreenShot><Result>PASS</Result></LowLevelInfo></Step><Step Number="6"><LowLevelInfo><StepID>6</StepID><Description>IMLT warning message displayed and for proceeding to triage screen</Description><StepExecutedTime>1:14:38 AM</StepExecutedTime><ScreenShot Name="N/A">N/A</ScreenShot><Result>PASS</Result></LowLevelInfo></Step><Step Number="7"><LowLevelInfo><StepID>7</StepID><Description>Recommend Emergency is suggested by odyssey in triage screen</Description><StepExecutedTime>1:14:40 AM</StepExecutedTime><ScreenShot Name="N/A">N/A</ScreenShot><Result>PASS</Result></LowLevelInfo></Step><Step Number="8"><LowLevelInfo><StepID>8</StepID><Description>Emergency Ambulance is selected urgency by clinician in shown Summary screen</Description><StepExecutedTime>1:14:47 AM</StepExecutedTime><ScreenShot Name="N/A">N/A</ScreenShot><Result>PASS</Result></LowLevelInfo></Step><Step Number="9"><LowLevelInfo><StepID>9</StepID><Description>Only one signpost Call Ambulance(999) is shown and preselected in the Summary screen</Description><StepExecutedTime>1:14:49 AM</StepExecutedTime><ScreenShot Name="N/A">N/A</ScreenShot><Result>PASS</Result></LowLevelInfo></Step><Step Number="10"><LowLevelInfo><StepID>10</StepID><Description>Assessment has been completed on clicking complete button</Description><StepExecutedTime>1:14:55 AM</StepExecutedTime><ScreenShot Name="N/A">N/A</ScreenShot><Result>PASS</Result></LowLevelInfo></Step><Step Number="11"><LowLevelInfo><StepID>11</StepID><Description>EMER is the urgency code saved against the Assessment completed with IMLT</Description><StepExecutedTime>1:14:59 AM</StepExecutedTime><ScreenShot Name="N/A">N/A</ScreenShot><Result>PASS</Result></LowLevelInfo></Step><Step Number="12"><LowLevelInfo><StepID>12</StepID><Description>Selected Sigpnost as Call Ambulance(999) is displaying in db</Description><StepExecutedTime>1:14:59 AM</StepExecutedTime><ScreenShot Name="N/A">N/A</ScreenShot><Result>PASS</Result></LowLevelInfo></Step><Step Number="13"><LowLevelInfo><StepID>13</StepID><Description>Suggested Sigpnost as Call Ambulance(999) is displaying in db</Description><StepExecutedTime>1:14:59 AM</StepExecutedTime><ScreenShot Name="N/A">N/A</ScreenShot><Result>PASS</Result></LowLevelInfo></Step><TestCaseDescription>InprocessClinician-Test case to display relevant EMER message based on the number of the call disposals and proceed with end call</TestCaseDescription><Result>PASS</Result><EndTime>1:14:59 AM</EndTime></TestCase><TestCase StartTime="1:14:59 AM" ModuleName="ODY_9923A"><TestCaseName>ODY_9923A</TestCaseName><Step Number="1"><LowLevelInfo><StepID>1</StepID><Description>IMLT message displayed and for proceeding to triage screen</Description><StepExecutedTime>1:16:12 AM</StepExecutedTime><ScreenShot Name="N/A">N/A</ScreenShot><Result>PASS</Result></LowLevelInfo></Step><Step Number="2"><LowLevelInfo><StepID>2</StepID><Description>IMLT warning message displayed and for proceeding to triage screen</Description><StepExecutedTime>1:16:16 AM</StepExecutedTime><ScreenShot Name="N/A">N/A</ScreenShot><Result>PASS</Result></LowLevelInfo></Step><Step Number="3"><LowLevelInfo><StepID>3</StepID><Description>IMLT message displayed and for proceeding to triage screen</Description><StepExecutedTime>1:16:19 AM</StepExecutedTime><ScreenShot Name="N/A">N/A</ScreenShot><Result>PASS</Result></LowLevelInfo></Step><Step Number="4"><LowLevelInfo><StepID>4</StepID><Description>IMLT message displayed and for proceeding to triage screen</Description><StepExecutedTime>1:16:22 AM</StepExecutedTime><ScreenShot Name="N/A">N/A</ScreenShot><Result>PASS</Result></LowLevelInfo></Step><Step Number="5"><LowLevelInfo><StepID>5</StepID><Description>Audit for AmbulanceWarning with description as User opted to continue the Assessment for EMER with the scoring level of IMLT triggered is logged</Description><StepExecutedTime>1:16:33 AM</StepExecutedTime><ScreenShot Name="N/A">N/A</ScreenShot><Result>PASS</Result></LowLevelInfo></Step><Step Number="6"><LowLevelInfo><StepID>6</StepID><Description>Recommend Emergency is suggested by odyssey in triage screen</Description><StepExecutedTime>1:16:39 AM</StepExecutedTime><ScreenShot Name="N/A">N/A</ScreenShot><Result>PASS</Result></LowLevelInfo></Step><Step Number="7"><LowLevelInfo><StepID>7</StepID><Description>Only one signpost Call Ambulance(999) is shown and preselected in the Summary screen</Description><StepExecutedTime>1:16:45 AM</StepExecutedTime><ScreenShot Name="N/A">N/A</ScreenShot><Result>PASS</Result></LowLevelInfo></Step><Step Number="8"><LowLevelInfo><StepID>8</StepID><Description>Assessment has been completed on clicking complete button</Description><StepExecutedTime>1:16:51 AM</StepExecutedTime><ScreenShot Name="N/A">N/A</ScreenShot><Result>PASS</Result></LowLevelInfo></Step><Step Number="9"><LowLevelInfo><StepID>9</StepID><Description>EMER is the urgency code saved against the Assessment completed with IMLT</Description><StepExecutedTime>1:16:55 AM</StepExecutedTime><ScreenShot Name="N/A">N/A</ScreenShot><Result>PASS</Result></LowLevelInfo></Step><Step Number="10"><LowLevelInfo><StepID>10</StepID><Description>Selected Sigpnost as Call Ambulance(999) is displaying in db</Description><StepExecutedTime>1:16:55 AM</StepExecutedTime><ScreenShot Name="N/A">N/A</ScreenShot><Result>PASS</Result></LowLevelInfo></Step><Step Number="11"><LowLevelInfo><StepID>11</StepID><Description>Suggested Sigpnost as Call Ambulance(999) is displaying in db</Description><StepExecutedTime>1:16:55 AM</StepExecutedTime><ScreenShot Name="N/A">N/A</ScreenShot><Result>PASS</Result></LowLevelInfo></Step><TestCaseDescription>InprocessClinician-Test case to display relevant IMLT message based on the number of the call disposals and choose to Go Back</TestCaseDescription><Result>PASS</Result><EndTime>1:16:55 AM</EndTime></TestCase><TestCase StartTime="1:16:55 AM" ModuleName="ODY_11562A"><TestCaseName>ODY_11562A</TestCaseName><Step Number="1"><LowLevelInfo><StepID>1</StepID><Description>XML screen is displaying on completing 1st assessment with Self Care</Description><StepExecutedTime>1:18:13 AM</StepExecutedTime><ScreenShot Name="N/A">N/A</ScreenShot><Result>PASS</Result></LowLevelInfo></Step><Step Number="2"><LowLevelInfo><StepID>2</StepID><Description>XML screen is displaying on completing 2nd assessment with Routine</Description><StepExecutedTime>1:19:07 AM</StepExecutedTime><ScreenShot Name="N/A">N/A</ScreenShot><Result>PASS</Result></LowLevelInfo></Step><Step Number="3"><LowLevelInfo><StepID>3</StepID><Description>RuleofThree icon is displaying for the third assessment in Presenting Complaint screen</Description><StepExecutedTime>1:19:28 AM</StepExecutedTime><ScreenShot Name="N/A">N/A</ScreenShot><Result>PASS</Result></LowLevelInfo></Step><Step Number="4"><LowLevelInfo><StepID>4</StepID><Description>RuleofThree icon is displaying for the third assessment in Assessment screen</Description><StepExecutedTime>1:19:43 AM</StepExecutedTime><ScreenShot Name="N/A">N/A</ScreenShot><Result>PASS</Result></LowLevelInfo></Step><Step Number="5"><LowLevelInfo><StepID>5</StepID><Description>RuleofThree icon is displaying for the third assessment in Triage screen</Description><StepExecutedTime>1:19:56 AM</StepExecutedTime><ScreenShot Name="N/A">N/A</ScreenShot><Result>PASS</Result></LowLevelInfo></Step><Step Number="6"><LowLevelInfo><StepID>6</StepID><Description>Urgency of the assessment is bumped up for RuleofThree from Routine to Recommended within 24 hrs.</Description><StepExecutedTime>1:20:00 AM</StepExecutedTime><ScreenShot Name="N/A">N/A</ScreenShot><Result>PASS</Result></LowLevelInfo></Step><Step Number="7"><LowLevelInfo><StepID>7</StepID><Description>RuleofThree icon is displaying for the third assessment in Summary screen</Description><StepExecutedTime>1:20:06 AM</StepExecutedTime><ScreenShot Name="N/A">N/A</ScreenShot><Result>PASS</Result></LowLevelInfo></Step><Step Number="8"><LowLevelInfo><StepID>8</StepID><Description>Urgency of the assessment is bumped up for RuleofThree from Routine to Recommended within 24 hrs.</Description><StepExecutedTime>1:20:10 AM</StepExecutedTime><ScreenShot Name="N/A">N/A</ScreenShot><Result>PASS</Result></LowLevelInfo></Step><Step Number="9"><LowLevelInfo><StepID>9</StepID><Description>XML screen is displaying on completing 3rd assessment with ROT urgency</Description><StepExecutedTime>1:20:19 AM</StepExecutedTime><ScreenShot Name="N/A">N/A</ScreenShot><Result>PASS</Result></LowLevelInfo></Step><TestCaseDescription>InprocessClinician-Verify rule of three functionality for clinician when signpost is configured.</TestCaseDescription><Result>PASS</Result><EndTime>1:20:23 AM</EndTime></TestCase><TestCase StartTime="1:20:23 AM" ModuleName="ODY_5783"><TestCaseName>ODY_5783</TestCaseName><Step Number="1"><LowLevelInfo><StepID>1</StepID><Description>CallHandlerAdvice is displayed as Action Advised</Description><StepExecutedTime>1:22:07 AM</StepExecutedTime><ScreenShot Name="N/A">N/A</ScreenShot><Result>PASS</Result></LowLevelInfo></Step><Step Number="2"><LowLevelInfo><StepID>2</StepID><Description>Routine GP appointment is displayed as Action Selected in Summary</Description><StepExecutedTime>1:22:19 AM</StepExecutedTime><ScreenShot Name="N/A">N/A</ScreenShot><Result>PASS</Result></LowLevelInfo></Step><Step Number="3"><LowLevelInfo><StepID>3</StepID><Description>Worsening Statement ROUT is displaying in the care advice overlay</Description><StepExecutedTime>1:22:38 AM</StepExecutedTime><ScreenShot Name="N/A">N/A</ScreenShot><Result>PASS</Result></LowLevelInfo></Step><Step Number="4"><LowLevelInfo><StepID>4</StepID><Description>Health assessment aliased for Community pharmacist assessment is displaying as preferred signpost with star icon in summary screen</Description><StepExecutedTime>1:22:40 AM</StepExecutedTime><ScreenShot Name="N/A">N/A</ScreenShot><Result>PASS</Result></LowLevelInfo></Step><Step Number="5"><LowLevelInfo><StepID>5</StepID><Description>Midwife assessment is displaying as preferred signpost with star icon in summary screen</Description><StepExecutedTime>1:22:42 AM</StepExecutedTime><ScreenShot Name="N/A">N/A</ScreenShot><Result>PASS</Result></LowLevelInfo></Step><Step Number="6"><LowLevelInfo><StepID>6</StepID><Description>GP telephone assessment is not displaying as preferred signpost with star icon in summary screen</Description><StepExecutedTime>1:22:44 AM</StepExecutedTime><ScreenShot Name="N/A">N/A</ScreenShot><Result>PASS</Result></LowLevelInfo></Step><Step Number="7"><LowLevelInfo><StepID>7</StepID><Description>GP Assessment is not displaying as preferred signpost with star icon in summary screen</Description><StepExecutedTime>1:22:47 AM</StepExecutedTime><ScreenShot Name="N/A">N/A</ScreenShot><Result>PASS</Result></LowLevelInfo></Step><Step Number="8"><LowLevelInfo><StepID>8</StepID><Description>Preferred  Signpost Pharmacist assessment is highlighted on click in summary screen</Description><StepExecutedTime>1:22:51 AM</StepExecutedTime><ScreenShot Name="N/A">N/A</ScreenShot><Result>PASS</Result></LowLevelInfo></Step><Step Number="9"><LowLevelInfo><StepID>9</StepID><Description>Signpost Practice nurse is highlighted on click in summary screen</Description><StepExecutedTime>1:22:55 AM</StepExecutedTime><ScreenShot Name="N/A">N/A</ScreenShot><Result>PASS</Result></LowLevelInfo></Step><Step Number="10"><LowLevelInfo><StepID>10</StepID><Description>Suggested Urgency as CallhandlerAdvice is displaying in the generated XML</Description><StepExecutedTime>1:23:04 AM</StepExecutedTime><ScreenShot Name="N/A">N/A</ScreenShot><Result>PASS</Result></LowLevelInfo></Step><Step Number="11"><LowLevelInfo><StepID>11</StepID><Description>Selected Urgency as CallhandlerAdvice is displaying in the generated XML</Description><StepExecutedTime>1:23:05 AM</StepExecutedTime><ScreenShot Name="N/A">N/A</ScreenShot><Result>PASS</Result></LowLevelInfo></Step><Step Number="12"><LowLevelInfo><StepID>12</StepID><Description>Selected Signpost as Practice nurse is displaying in the generated XML</Description><StepExecutedTime>1:23:07 AM</StepExecutedTime><ScreenShot Name="N/A">N/A</ScreenShot><Result>PASS</Result></LowLevelInfo></Step><Step Number="13"><LowLevelInfo><StepID>13</StepID><Description>Pharmacist assessment is displaying as preferred signpost with star icon in summary screen</Description><StepExecutedTime>1:23:46 AM</StepExecutedTime><ScreenShot Name="N/A">N/A</ScreenShot><Result>PASS</Result></LowLevelInfo></Step><Step Number="14"><LowLevelInfo><StepID>14</StepID><Description>Midwife assessment is displaying as preferred signpost with star icon in summary screen</Description><StepExecutedTime>1:23:49 AM</StepExecutedTime><ScreenShot Name="N/A">N/A</ScreenShot><Result>PASS</Result></LowLevelInfo></Step><Step Number="15"><LowLevelInfo><StepID>15</StepID><Description>GP Assessment is not displaying as preferred signpost with star icon in summary screen</Description><StepExecutedTime>1:23:51 AM</StepExecutedTime><ScreenShot Name="N/A">N/A</ScreenShot><Result>PASS</Result></LowLevelInfo></Step><Step Number="16"><LowLevelInfo><StepID>16</StepID><Description>GP telephone assessment is not displaying as preferred signpost with star icon in summary screen</Description><StepExecutedTime>1:23:54 AM</StepExecutedTime><ScreenShot Name="N/A">N/A</ScreenShot><Result>PASS</Result></LowLevelInfo></Step><Step Number="17"><LowLevelInfo><StepID>17</StepID><Description>Last selected Signpost Practice nurse is shown selected for completed assessment in summary screen</Description><StepExecutedTime>1:23:55 AM</StepExecutedTime><ScreenShot Name="N/A">N/A</ScreenShot><Result>PASS</Result></LowLevelInfo></Step><TestCaseDescription>InProcessCallHandler-Validate signpost details in the generated XML for an completed assessment</TestCaseDescription><Result>PASS</Result><EndTime>1:23:59 AM</EndTime></TestCase><TestCase StartTime="1:23:59 AM" ModuleName="ODY_5745C"><TestCaseName>ODY_5745C</TestCaseName><Step Number="1"><LowLevelInfo><StepID>1</StepID><Description>Self Care signpost is displaying and preselected in summary screen</Description><StepExecutedTime>1:25:55 AM</StepExecutedTime><ScreenShot Name="N/A">N/A</ScreenShot><Result>PASS</Result></LowLevelInfo></Step><Step Number="2"><LowLevelInfo><StepID>2</StepID><Description>After urgency change none of the signpost is preselected in summary screen</Description><StepExecutedTime>1:26:05 AM</StepExecutedTime><ScreenShot Name="N/A">N/A</ScreenShot><Result>PASS</Result></LowLevelInfo></Step><Step Number="3"><LowLevelInfo><StepID>3</StepID><Description>GP Assessment is displaying as preferred signpost with star icon in summary screen</Description><StepExecutedTime>1:26:07 AM</StepExecutedTime><ScreenShot Name="N/A">N/A</ScreenShot><Result>PASS</Result></LowLevelInfo></Step><Step Number="4"><LowLevelInfo><StepID>4</StepID><Description>Urgent care practitioner assessment is displaying as preferred signpost with star icon in summary screen</Description><StepExecutedTime>1:26:09 AM</StepExecutedTime><ScreenShot Name="N/A">N/A</ScreenShot><Result>PASS</Result></LowLevelInfo></Step><Step Number="5"><LowLevelInfo><StepID>5</StepID><Description>Preferred signpost GP Assessment is highlighted on click in summary screen</Description><StepExecutedTime>1:26:13 AM</StepExecutedTime><ScreenShot Name="N/A">N/A</ScreenShot><Result>PASS</Result></LowLevelInfo></Step><Step Number="6"><LowLevelInfo><StepID>6</StepID><Description>Signpost Urgent care practitioner assessment is highlighted on click in summary screen</Description><StepExecutedTime>1:26:17 AM</StepExecutedTime><ScreenShot Name="N/A">N/A</ScreenShot><Result>PASS</Result></LowLevelInfo></Step><Step Number="7"><LowLevelInfo><StepID>7</StepID><Description>Preferred signpost GP Assessment is highlighted again on click in summary screen</Description><StepExecutedTime>1:26:20 AM</StepExecutedTime><ScreenShot Name="N/A">N/A</ScreenShot><Result>PASS</Result></LowLevelInfo></Step><Step Number="8"><LowLevelInfo><StepID>8</StepID><Description>Variance popup box is displaying with the water mark on changing the Action Selected</Description><StepExecutedTime>1:26:25 AM</StepExecutedTime><ScreenShot Name="N/A">N/A</ScreenShot><Result>PASS</Result></LowLevelInfo></Step><Step Number="9"><LowLevelInfo><StepID>9</StepID><Description>After urgency change none of the signpost is preselected in summary screen</Description><StepExecutedTime>1:26:35 AM</StepExecutedTime><ScreenShot Name="N/A">N/A</ScreenShot><Result>PASS</Result></LowLevelInfo></Step><Step Number="10"><LowLevelInfo><StepID>10</StepID><Description>GP Assessment is displaying as preferred signpost with star icon in summary screen</Description><StepExecutedTime>1:26:36 AM</StepExecutedTime><ScreenShot Name="N/A">N/A</ScreenShot><Result>PASS</Result></LowLevelInfo></Step><Step Number="11"><LowLevelInfo><StepID>11</StepID><Description>Urgent care practitioner assessment is displaying as preferred signpost with star icon in summary screen</Description><StepExecutedTime>1:26:38 AM</StepExecutedTime><ScreenShot Name="N/A">N/A</ScreenShot><Result>PASS</Result></LowLevelInfo></Step><Step Number="12"><LowLevelInfo><StepID>12</StepID><Description>Signpost Urgent care practitioner assessment is highlighted on click in summary screen</Description><StepExecutedTime>1:26:42 AM</StepExecutedTime><ScreenShot Name="N/A">N/A</ScreenShot><Result>PASS</Result></LowLevelInfo></Step><Step Number="13"><LowLevelInfo><StepID>13</StepID><Description>XML screen is displaying on ending assessment in Summary screen</Description><StepExecutedTime>1:27:10 AM</StepExecutedTime><ScreenShot Name="N/A">N/A</ScreenShot><Result>PASS</Result></LowLevelInfo></Step><TestCaseDescription>InprocessCallHandler-To check that preferred signposts are shown with star icon in Summary screen.</TestCaseDescription><Result>PASS</Result><EndTime>1:27:13 AM</EndTime></TestCase><TestCase StartTime="1:27:13 AM" ModuleName="ODY_5517A"><TestCaseName>ODY_5517A</TestCaseName><Step Number="1"><LowLevelInfo><StepID>1</StepID><Description>Recommended transferring this call to a clinician now message box is displaying</Description><StepExecutedTime>1:29:03 AM</StepExecutedTime><ScreenShot Name="N/A">N/A</ScreenShot><Result>PASS</Result></LowLevelInfo></Step><Step Number="2"><LowLevelInfo><StepID>2</StepID><Description>CareAdvice Overlay is displaying on click of Continue</Description><StepExecutedTime>1:29:07 AM</StepExecutedTime><ScreenShot Name="N/A">N/A</ScreenShot><Result>PASS</Result></LowLevelInfo></Step><Step Number="3"><LowLevelInfo><StepID>3</StepID><Description>Signposts : label is displayed for CallHandler in the 2nd assessment screen</Description><StepExecutedTime>1:29:10 AM</StepExecutedTime><ScreenShot Name="N/A">N/A</ScreenShot><Result>PASS</Result></LowLevelInfo></Step><Step Number="4"><LowLevelInfo><StepID>4</StepID><Description>Only one signpost Clinical Assessment Now is shown and preselected in the Summary screen</Description><StepExecutedTime>1:29:12 AM</StepExecutedTime><ScreenShot Name="N/A">N/A</ScreenShot><Result>PASS</Result></LowLevelInfo></Step><Step Number="5"><LowLevelInfo><StepID>5</StepID><Description>XML screen is displaying on ending assessment in Summary screen</Description><StepExecutedTime>1:29:31 AM</StepExecutedTime><ScreenShot Name="N/A">N/A</ScreenShot><Result>PASS</Result></LowLevelInfo></Step><Step Number="6"><LowLevelInfo><StepID>6</StepID><Description>Clinical Assessment Now is selected and stored in database</Description><StepExecutedTime>1:29:34 AM</StepExecutedTime><ScreenShot Name="N/A">N/A</ScreenShot><Result>PASS</Result></LowLevelInfo></Step><Step Number="7"><LowLevelInfo><StepID>7</StepID><Description>Clinical Assessment Now is a suggested signpost and stored in database</Description><StepExecutedTime>1:29:34 AM</StepExecutedTime><ScreenShot Name="N/A">N/A</ScreenShot><Result>PASS</Result></LowLevelInfo></Step><TestCaseDescription>InprocessCallHandler-Test case to validate the preselect signpost when a "Clinical assessment Now"  signpost is presented.</TestCaseDescription><Result>PASS</Result><EndTime>1:29:34 AM</EndTime></TestCase><TestCase StartTime="1:29:34 AM" ModuleName="ODY_5519A"><TestCaseName>ODY_5519A</TestCaseName><Step Number="1"><LowLevelInfo><StepID>1</StepID><Description>Suggested Urgency: label is displayed for CallHandler in the Summary screen</Description><StepExecutedTime>1:31:23 AM</StepExecutedTime><ScreenShot Name="N/A">N/A</ScreenShot><Result>PASS</Result></LowLevelInfo></Step><Step Number="2"><LowLevelInfo><StepID>2</StepID><Description>Selected Urgency: label is displayed for CallHandler in the Summary screen</Description><StepExecutedTime>1:31:26 AM</StepExecutedTime><ScreenShot Name="N/A">N/A</ScreenShot><Result>PASS</Result></LowLevelInfo></Step><Step Number="3"><LowLevelInfo><StepID>3</StepID><Description>Signposts : label is displayed for CallHandler in the Summary screen</Description><StepExecutedTime>1:31:46 AM</StepExecutedTime><ScreenShot Name="N/A">N/A</ScreenShot><Result>PASS</Result></LowLevelInfo></Step><Step Number="4"><LowLevelInfo><StepID>4</StepID><Description>Only one signpost Self care is shown and preselected in the Summary screen</Description><StepExecutedTime>1:31:48 AM</StepExecutedTime><ScreenShot Name="N/A">N/A</ScreenShot><Result>PASS</Result></LowLevelInfo></Step><Step Number="5"><LowLevelInfo><StepID>5</StepID><Description>XML screen is displaying on ending assessment in Summary screen</Description><StepExecutedTime>1:31:57 AM</StepExecutedTime><ScreenShot Name="N/A">N/A</ScreenShot><Result>PASS</Result></LowLevelInfo></Step><Step Number="6"><LowLevelInfo><StepID>6</StepID><Description>Self Care is selected and stored in database</Description><StepExecutedTime>1:32:00 AM</StepExecutedTime><ScreenShot Name="N/A">N/A</ScreenShot><Result>PASS</Result></LowLevelInfo></Step><Step Number="7"><LowLevelInfo><StepID>7</StepID><Description>Self Care is a suggested signpost and stored in database</Description><StepExecutedTime>1:32:00 AM</StepExecutedTime><ScreenShot Name="N/A">N/A</ScreenShot><Result>PASS</Result></LowLevelInfo></Step><TestCaseDescription>InprocessCallHandler-Test case to validate the preselect signpost when self care signpost is presented.</TestCaseDescription><Result>PASS</Result><EndTime>1:32:00 AM</EndTime></TestCase><TestCase StartTime="1:32:00 AM" ModuleName="ODY_5516A"><TestCaseName>ODY_5516A</TestCaseName><Step Number="1"><LowLevelInfo><StepID>1</StepID><Description>Recommend transferring this call to a clinician now popup message displaying on selecting emergency ans in the first screen</Description><StepExecutedTime>1:33:03 AM</StepExecutedTime><ScreenShot Name="N/A">N/A</ScreenShot><Result>PASS</Result></LowLevelInfo></Step><Step Number="2"><LowLevelInfo><StepID>2</StepID><Description>CareAdvice Overlay is displaying on click of Continue</Description><StepExecutedTime>1:33:07 AM</StepExecutedTime><ScreenShot Name="N/A">N/A</ScreenShot><Result>PASS</Result></LowLevelInfo></Step><Step Number="3"><LowLevelInfo><StepID>3</StepID><Description>Signposts : label is displayed for CallHandler in the Summary screen</Description><StepExecutedTime>1:33:10 AM</StepExecutedTime><ScreenShot Name="N/A">N/A</ScreenShot><Result>PASS</Result></LowLevelInfo></Step><Step Number="4"><LowLevelInfo><StepID>4</StepID><Description>Only one signpost Call Ambulance (999) is shown and preselected in the assessment screen</Description><StepExecutedTime>1:33:13 AM</StepExecutedTime><ScreenShot Name="N/A">N/A</ScreenShot><Result>PASS</Result></LowLevelInfo></Step><Step Number="5"><LowLevelInfo><StepID>5</StepID><Description>XML screen is displaying on ending assessment in Summary screen</Description><StepExecutedTime>1:33:30 AM</StepExecutedTime><ScreenShot Name="N/A">N/A</ScreenShot><Result>PASS</Result></LowLevelInfo></Step><Step Number="6"><LowLevelInfo><StepID>6</StepID><Description>Call Ambulance (999) signpost is selected and stored in database</Description><StepExecutedTime>1:33:34 AM</StepExecutedTime><ScreenShot Name="N/A">N/A</ScreenShot><Result>PASS</Result></LowLevelInfo></Step><Step Number="7"><LowLevelInfo><StepID>7</StepID><Description>Call Ambulance (999) signpost is a suggested signpost and stored in database</Description><StepExecutedTime>1:33:34 AM</StepExecutedTime><ScreenShot Name="N/A">N/A</ScreenShot><Result>PASS</Result></LowLevelInfo></Step><TestCaseDescription>InprocessCallHandler-Test case to validate the preselect signpost when "Call Amblualnce "signpost is presented.</TestCaseDescription><Result>PASS</Result><EndTime>1:33:34 AM</EndTime></TestCase><TestCase StartTime="1:33:34 AM" ModuleName="ODY_5708A"><TestCaseName>ODY_5708A</TestCaseName><Step Number="1"><LowLevelInfo><StepID>1</StepID><Description>Recommended transferring this call to a clinician now message box is displaying</Description><StepExecutedTime>1:35:17 AM</StepExecutedTime><ScreenShot Name="N/A">N/A</ScreenShot><Result>PASS</Result></LowLevelInfo></Step><Step Number="2"><LowLevelInfo><StepID>2</StepID><Description>CareAdvice Overlay is displaying on click of Continue</Description><StepExecutedTime>1:35:21 AM</StepExecutedTime><ScreenShot Name="N/A">N/A</ScreenShot><Result>PASS</Result></LowLevelInfo></Step><Step Number="3"><LowLevelInfo><StepID>3</StepID><Description>Signposts : label is displayed for CallHandler in the 2nd assessment screen</Description><StepExecutedTime>1:35:24 AM</StepExecutedTime><ScreenShot Name="N/A">N/A</ScreenShot><Result>PASS</Result></LowLevelInfo></Step><Step Number="4"><LowLevelInfo><StepID>4</StepID><Description>Only one signpost Clinical Assessment Now is shown and preselected in the Summary screen</Description><StepExecutedTime>1:35:26 AM</StepExecutedTime><ScreenShot Name="N/A">N/A</ScreenShot><Result>PASS</Result></LowLevelInfo></Step><Step Number="5"><LowLevelInfo><StepID>5</StepID><Description>Clinical Assessment Now is selected and stored in database</Description><StepExecutedTime>1:35:42 AM</StepExecutedTime><ScreenShot Name="N/A">N/A</ScreenShot><Result>PASS</Result></LowLevelInfo></Step><Step Number="6"><LowLevelInfo><StepID>6</StepID><Description>Clinical Assessment Now is a suggested signpost and stored in database</Description><StepExecutedTime>1:35:42 AM</StepExecutedTime><ScreenShot Name="N/A">N/A</ScreenShot><Result>PASS</Result></LowLevelInfo></Step><Step Number="7"><LowLevelInfo><StepID>7</StepID><Description>XML screen is displaying on passing assessment</Description><StepExecutedTime>1:35:44 AM</StepExecutedTime><ScreenShot Name="N/A">N/A</ScreenShot><Result>PASS</Result></LowLevelInfo></Step><Step Number="8"><LowLevelInfo><StepID>8</StepID><Description>Summary screen is displaying on clicking Continue to summary screen</Description><StepExecutedTime>1:36:36 AM</StepExecutedTime><ScreenShot Name="N/A">N/A</ScreenShot><Result>PASS</Result></LowLevelInfo></Step><Step Number="9"><LowLevelInfo><StepID>9</StepID><Description>Overridden signpost Practice nurse is displaying as preferred signpost with star icon in summary screen</Description><StepExecutedTime>1:36:38 AM</StepExecutedTime><ScreenShot Name="N/A">N/A</ScreenShot><Result>PASS</Result></LowLevelInfo></Step><Step Number="10"><LowLevelInfo><StepID>10</StepID><Description>XML screen is displaying on ending assessment in Summary screen</Description><StepExecutedTime>1:36:49 AM</StepExecutedTime><ScreenShot Name="N/A">N/A</ScreenShot><Result>PASS</Result></LowLevelInfo></Step><Step Number="11"><LowLevelInfo><StepID>11</StepID><Description>Practice nurse is selected and stored in database</Description><StepExecutedTime>1:36:52 AM</StepExecutedTime><ScreenShot Name="N/A">N/A</ScreenShot><Result>PASS</Result></LowLevelInfo></Step><Step Number="12"><LowLevelInfo><StepID>12</StepID><Description>All the List of suggested signpost stored in database</Description><StepExecutedTime>1:36:53 AM</StepExecutedTime><ScreenShot Name="N/A">N/A</ScreenShot><Result>PASS</Result></LowLevelInfo></Step><TestCaseDescription>InprocessCallHandler-Test case for Record all signposts that were presented to the user in call handler when we click on pass to clinician and pick up the same assessment</TestCaseDescription><Result>PASS</Result><EndTime>1:36:53 AM</EndTime></TestCase><TestCase StartTime="1:36:53 AM" ModuleName="ODY_5539"><TestCaseName>ODY_5539</TestCaseName><Step Number="1"><LowLevelInfo><StepID>1</StepID><Description>Minor injury unit signpost is overridden by Practice nurse displayed under Signposting grid</Description><StepExecutedTime>1:37:22 AM</StepExecutedTime><ScreenShot Name="N/A">N/A</ScreenShot><Result>PASS</Result></LowLevelInfo></Step><Step Number="2"><LowLevelInfo><StepID>2</StepID><Description>Overridden signpost Practice nurse is displaying as preferred signpost with star icon in summary screen</Description><StepExecutedTime>1:39:12 AM</StepExecutedTime><ScreenShot Name="N/A">N/A</ScreenShot><Result>PASS</Result></LowLevelInfo></Step><Step Number="3"><LowLevelInfo><StepID>3</StepID><Description>XML screen is displaying on passing assessment</Description><StepExecutedTime>1:39:38 AM</StepExecutedTime><ScreenShot Name="N/A">N/A</ScreenShot><Result>PASS</Result></LowLevelInfo></Step><Step Number="4"><LowLevelInfo><StepID>4</StepID><Description>Practice nurse is selected and stored in database</Description><StepExecutedTime>1:39:41 AM</StepExecutedTime><ScreenShot Name="N/A">N/A</ScreenShot><Result>PASS</Result></LowLevelInfo></Step><Step Number="5"><LowLevelInfo><StepID>5</StepID><Description>All the List of suggested signpost stored in database</Description><StepExecutedTime>1:39:41 AM</StepExecutedTime><ScreenShot Name="N/A">N/A</ScreenShot><Result>PASS</Result></LowLevelInfo></Step><TestCaseDescription>InprocessCallHandler-Test case to validate overridden signpost label while passing assessment to Clinician</TestCaseDescription><Result>PASS</Result><EndTime>1:39:41 AM</EndTime></TestCase><TestCase StartTime="1:39:41 AM" ModuleName="ODY_9920A"><TestCaseName>ODY_9920A</TestCaseName><Step Number="1"><LowLevelInfo><StepID>1</StepID><Description>Recommended transferring this call to a clinician now message box is displaying</Description><StepExecutedTime>1:40:53 AM</StepExecutedTime><ScreenShot Name="N/A">N/A</ScreenShot><Result>PASS</Result></LowLevelInfo></Step><Step Number="2"><LowLevelInfo><StepID>2</StepID><Description>Audit for AmbulanceWarning with description as Odyssey suggests that an Ambulance is sent for the patient is logged</Description><StepExecutedTime>1:40:53 AM</StepExecutedTime><ScreenShot Name="N/A">N/A</ScreenShot><Result>PASS</Result></LowLevelInfo></Step><Step Number="3"><LowLevelInfo><StepID>3</StepID><Description>CareAdvice Overlay is displaying on click of Continue</Description><StepExecutedTime>1:40:57 AM</StepExecutedTime><ScreenShot Name="N/A">N/A</ScreenShot><Result>PASS</Result></LowLevelInfo></Step><Step Number="4"><LowLevelInfo><StepID>4</StepID><Description>Audit for AmbulanceWarning with description as Odyssey suggests that an Ambulance is sent for the patient - Immediate Life Threatening : User Selected - Continue is logged</Description><StepExecutedTime>1:40:57 AM</StepExecutedTime><ScreenShot Name="N/A">N/A</ScreenShot><Result>PASS</Result></LowLevelInfo></Step><Step Number="5"><LowLevelInfo><StepID>5</StepID><Description>Only one signpost Clinical Assessment Now is shown and preselected in the Summary screen</Description><StepExecutedTime>1:40:59 AM</StepExecutedTime><ScreenShot Name="N/A">N/A</ScreenShot><Result>PASS</Result></LowLevelInfo></Step><Step Number="6"><LowLevelInfo><StepID>6</StepID><Description>EMER is the urgency code saved against the Assessment completed with IMLT</Description><StepExecutedTime>1:41:21 AM</StepExecutedTime><ScreenShot Name="N/A">N/A</ScreenShot><Result>PASS</Result></LowLevelInfo></Step><Step Number="7"><LowLevelInfo><StepID>7</StepID><Description>Call Ambulance(999) is selected and stored in database</Description><StepExecutedTime>1:41:21 AM</StepExecutedTime><ScreenShot Name="N/A">N/A</ScreenShot><Result>PASS</Result></LowLevelInfo></Step><Step Number="8"><LowLevelInfo><StepID>8</StepID><Description>Call Ambulance(999) is a suggested signpost and stored in database</Description><StepExecutedTime>1:41:21 AM</StepExecutedTime><ScreenShot Name="N/A">N/A</ScreenShot><Result>PASS</Result></LowLevelInfo></Step><TestCaseDescription>InprocessCallHandler-Test case to display relevant IMLT message in 1st assessment screen for firstcall based on the number of the call disposals</TestCaseDescription><Result>PASS</Result><EndTime>1:41:21 AM</EndTime></TestCase><TestCase StartTime="1:41:21 AM" ModuleName="ODY_9924A"><TestCaseName>ODY_9924A</TestCaseName><Step Number="1"><LowLevelInfo><StepID>1</StepID><Description>Recommended transferring this call to a clinician now message box is displaying</Description><StepExecutedTime>1:42:51 AM</StepExecutedTime><ScreenShot Name="N/A">N/A</ScreenShot><Result>PASS</Result></LowLevelInfo></Step><Step Number="2"><LowLevelInfo><StepID>2</StepID><Description>Audit for AmbulanceWarning with description as Odyssey suggests that an Ambulance is sent for the patient is logged</Description><StepExecutedTime>1:42:51 AM</StepExecutedTime><ScreenShot Name="N/A">N/A</ScreenShot><Result>PASS</Result></LowLevelInfo></Step><Step Number="3"><LowLevelInfo><StepID>3</StepID><Description>Transfer to emergency ambulance service Action required is displaying</Description><StepExecutedTime>1:43:02 AM</StepExecutedTime><ScreenShot Name="N/A">N/A</ScreenShot><Result>PASS</Result></LowLevelInfo></Step><Step Number="4"><LowLevelInfo><StepID>4</StepID><Description>Audit for AmbulanceWarning with description as Odyssey suggests that an Ambulance is sent for the patient - Immediate Life Threatening : User Selected - Go Back is logged</Description><StepExecutedTime>1:43:02 AM</StepExecutedTime><ScreenShot Name="N/A">N/A</ScreenShot><Result>PASS</Result></LowLevelInfo></Step><Step Number="5"><LowLevelInfo><StepID>5</StepID><Description>CareAdvice Overlay is displaying on click of Continue</Description><StepExecutedTime>1:43:10 AM</StepExecutedTime><ScreenShot Name="N/A">N/A</ScreenShot><Result>PASS</Result></LowLevelInfo></Step><Step Number="6"><LowLevelInfo><StepID>6</StepID><Description>Only one signpost Clinical Assessment Now is shown and preselected in the Summary screen</Description><StepExecutedTime>1:43:24 AM</StepExecutedTime><ScreenShot Name="N/A">N/A</ScreenShot><Result>PASS</Result></LowLevelInfo></Step><Step Number="7"><LowLevelInfo><StepID>7</StepID><Description>EMER is the urgency code saved against the Assessment completed with IMLT</Description><StepExecutedTime>1:43:31 AM</StepExecutedTime><ScreenShot Name="N/A">N/A</ScreenShot><Result>PASS</Result></LowLevelInfo></Step><Step Number="8"><LowLevelInfo><StepID>8</StepID><Description>Call Ambulance(999) is selected and stored in database</Description><StepExecutedTime>1:43:31 AM</StepExecutedTime><ScreenShot Name="N/A">N/A</ScreenShot><Result>PASS</Result></LowLevelInfo></Step><Step Number="9"><LowLevelInfo><StepID>9</StepID><Description>Call Ambulance(999) is a suggested signpost and stored in database</Description><StepExecutedTime>1:43:31 AM</StepExecutedTime><ScreenShot Name="N/A">N/A</ScreenShot><Result>PASS</Result></LowLevelInfo></Step><Step Number="10"><LowLevelInfo><StepID>10</StepID><Description>Recommended transferring this call to a clinician now message box is displaying</Description><StepExecutedTime>1:44:13 AM</StepExecutedTime><ScreenShot Name="N/A">N/A</ScreenShot><Result>PASS</Result></LowLevelInfo></Step><Step Number="11"><LowLevelInfo><StepID>11</StepID><Description>Audit for AmbulanceWarning with description as User opted to move to triage screen for EMER with the scoring level of IMLT triggered is logged</Description><StepExecutedTime>1:44:20 AM</StepExecutedTime><ScreenShot Name="N/A">N/A</ScreenShot><Result>PASS</Result></LowLevelInfo></Step><Step Number="12"><LowLevelInfo><StepID>12</StepID><Description>Recommended transferring this call to a clinician now message box is displaying</Description><StepExecutedTime>1:44:25 AM</StepExecutedTime><ScreenShot Name="N/A">N/A</ScreenShot><Result>PASS</Result></LowLevelInfo></Step><Step Number="13"><LowLevelInfo><StepID>13</StepID><Description>Emergency Ambulance is selected urgency by clinician in shown Summary screen</Description><StepExecutedTime>1:44:32 AM</StepExecutedTime><ScreenShot Name="N/A">N/A</ScreenShot><Result>PASS</Result></LowLevelInfo></Step><Step Number="14"><LowLevelInfo><StepID>14</StepID><Description>Only one signpost Call Ambulance(999) is shown and preselected in the Summary screen</Description><StepExecutedTime>1:44:34 AM</StepExecutedTime><ScreenShot Name="N/A">N/A</ScreenShot><Result>PASS</Result></LowLevelInfo></Step><Step Number="15"><LowLevelInfo><StepID>15</StepID><Description>EMER is the urgency code saved against the Assessment completed with IMLT</Description><StepExecutedTime>1:44:48 AM</StepExecutedTime><ScreenShot Name="N/A">N/A</ScreenShot><Result>PASS</Result></LowLevelInfo></Step><Step Number="16"><LowLevelInfo><StepID>16</StepID><Description>Suggested Sigpnost as Call Ambulance(999) is displaying in db</Description><StepExecutedTime>1:44:49 AM</StepExecutedTime><ScreenShot Name="N/A">N/A</ScreenShot><Result>PASS</Result></LowLevelInfo></Step><Step Number="17"><LowLevelInfo><StepID>17</StepID><Description>Selected Sigpnost as Call Ambulance(999) is displaying in db</Description><StepExecutedTime>1:44:49 AM</StepExecutedTime><ScreenShot Name="N/A">N/A</ScreenShot><Result>PASS</Result></LowLevelInfo></Step><TestCaseDescription>InprocessCallHandler-Test case to display relevant IMLT message for second assessment screen for FirstCall based on the number of the call disposals</TestCaseDescription><Result>PASS</Result><EndTime>1:44:49 AM</EndTime></TestCase><TestCase StartTime="1:44:49 AM" ModuleName="ODY_9921A"><TestCaseName>ODY_9921A</TestCaseName><Step Number="1"><LowLevelInfo><StepID>1</StepID><Description>Recommended transferring this call to a clinician now message box is displaying</Description><StepExecutedTime>1:45:56 AM</StepExecutedTime><ScreenShot Name="N/A">N/A</ScreenShot><Result>PASS</Result></LowLevelInfo></Step><Step Number="2"><LowLevelInfo><StepID>2</StepID><Description>IMLT warning message displayed and for proceeding to triage screen</Description><StepExecutedTime>1:45:59 AM</StepExecutedTime><ScreenShot Name="N/A">N/A</ScreenShot><Result>PASS</Result></LowLevelInfo></Step><Step Number="3"><LowLevelInfo><StepID>3</StepID><Description>Audit for AmbulanceWarning with description as Odyssey suggests that an Ambulance is sent for the patient is logged</Description><StepExecutedTime>1:45:59 AM</StepExecutedTime><ScreenShot Name="N/A">N/A</ScreenShot><Result>PASS</Result></LowLevelInfo></Step><Step Number="4"><LowLevelInfo><StepID>4</StepID><Description>Transfer to emergency ambulance service Action required is displaying</Description><StepExecutedTime>1:46:05 AM</StepExecutedTime><ScreenShot Name="N/A">N/A</ScreenShot><Result>PASS</Result></LowLevelInfo></Step><Step Number="5"><LowLevelInfo><StepID>5</StepID><Description>Audit for AmbulanceWarning with description as Odyssey suggests that an Ambulance is sent for the patient : User Selected - Go Back is logged</Description><StepExecutedTime>1:46:05 AM</StepExecutedTime><ScreenShot Name="N/A">N/A</ScreenShot><Result>PASS</Result></LowLevelInfo></Step><Step Number="6"><LowLevelInfo><StepID>6</StepID><Description>Only one signpost Clinical Assessment Now is shown and preselected in the Summary screen</Description><StepExecutedTime>1:46:24 AM</StepExecutedTime><ScreenShot Name="N/A">N/A</ScreenShot><Result>PASS</Result></LowLevelInfo></Step><Step Number="7"><LowLevelInfo><StepID>7</StepID><Description>EMER is the urgency code saved against the Assessment completed with IMLT</Description><StepExecutedTime>1:46:31 AM</StepExecutedTime><ScreenShot Name="N/A">N/A</ScreenShot><Result>PASS</Result></LowLevelInfo></Step><Step Number="8"><LowLevelInfo><StepID>8</StepID><Description>Call Ambulance(999) is selected and stored in database</Description><StepExecutedTime>1:46:31 AM</StepExecutedTime><ScreenShot Name="N/A">N/A</ScreenShot><Result>PASS</Result></LowLevelInfo></Step><Step Number="9"><LowLevelInfo><StepID>9</StepID><Description>Call Ambulance(999) is a suggested signpost and stored in database</Description><StepExecutedTime>1:46:31 AM</StepExecutedTime><ScreenShot Name="N/A">N/A</ScreenShot><Result>PASS</Result></LowLevelInfo></Step><Step Number="10"><LowLevelInfo><StepID>10</StepID><Description>Recommended transferring this call to a clinician now message box is displaying</Description><StepExecutedTime>1:47:12 AM</StepExecutedTime><ScreenShot Name="N/A">N/A</ScreenShot><Result>PASS</Result></LowLevelInfo></Step><Step Number="11"><LowLevelInfo><StepID>11</StepID><Description>Audit for AmbulanceWarning with description as User opted to continue the Assessment for EMER with the scoring level of NN triggered is logged</Description><StepExecutedTime>1:47:18 AM</StepExecutedTime><ScreenShot Name="N/A">N/A</ScreenShot><Result>PASS</Result></LowLevelInfo></Step><Step Number="12"><LowLevelInfo><StepID>12</StepID><Description>Recommended transferring this call to a clinician now message box is displaying</Description><StepExecutedTime>1:47:36 AM</StepExecutedTime><ScreenShot Name="N/A">N/A</ScreenShot><Result>PASS</Result></LowLevelInfo></Step><Step Number="13"><LowLevelInfo><StepID>13</StepID><Description>Recommended transferring this call to a clinician now message box is displaying</Description><StepExecutedTime>1:47:38 AM</StepExecutedTime><ScreenShot Name="N/A">N/A</ScreenShot><Result>PASS</Result></LowLevelInfo></Step><Step Number="14"><LowLevelInfo><StepID>14</StepID><Description>Recommended transferring this call to a clinician now message box is displaying</Description><StepExecutedTime>1:47:40 AM</StepExecutedTime><ScreenShot Name="N/A">N/A</ScreenShot><Result>PASS</Result></LowLevelInfo></Step><Step Number="15"><LowLevelInfo><StepID>15</StepID><Description>Emergency Ambulance is selected urgency by clinician in shown Summary screen</Description><StepExecutedTime>1:47:48 AM</StepExecutedTime><ScreenShot Name="N/A">N/A</ScreenShot><Result>PASS</Result></LowLevelInfo></Step><Step Number="16"><LowLevelInfo><StepID>16</StepID><Description>Only one signpost Call Ambulance(999) is shown and preselected in the Summary screen</Description><StepExecutedTime>1:47:51 AM</StepExecutedTime><ScreenShot Name="N/A">N/A</ScreenShot><Result>PASS</Result></LowLevelInfo></Step><Step Number="17"><LowLevelInfo><StepID>17</StepID><Description>EMER is the urgency code saved against the Assessment completed with IMLT</Description><StepExecutedTime>1:48:03 AM</StepExecutedTime><ScreenShot Name="N/A">N/A</ScreenShot><Result>PASS</Result></LowLevelInfo></Step><Step Number="18"><LowLevelInfo><StepID>18</StepID><Description>Suggested Sigpnost as Call Ambulance(999) is displaying in db</Description><StepExecutedTime>1:48:04 AM</StepExecutedTime><ScreenShot Name="N/A">N/A</ScreenShot><Result>PASS</Result></LowLevelInfo></Step><Step Number="19"><LowLevelInfo><StepID>19</StepID><Description>Selected Sigpnost as Call Ambulance(999) is displaying in db</Description><StepExecutedTime>1:48:04 AM</StepExecutedTime><ScreenShot Name="N/A">N/A</ScreenShot><Result>PASS</Result></LowLevelInfo></Step><TestCaseDescription>InprocessCallHandler-Test case to display relevant EMER message for firstcall based on the number of the call disposals</TestCaseDescription><Result>PASS</Result><EndTime>1:48:04 AM</EndTime><EndExecutionTime>17/Feb/2023   1:48:04 AM</EndExecutionTime><TotalTimeTaken>00:46:19</TotalTimeTaken></TestCase></Root>
