<?xml-stylesheet type='text/xsl' href='DetailXmlReference/LogReport.xsl'?>
<Root><StartTime>16/Feb/2023   10:47:04 PM</StartTime><Browser>BROWSERNAME - Version: BrowserName</Browser><Module>INPROCESS313CALLHANDLER</Module><TestCase StartTime="10:47:04 PM" ModuleName="ODY_4702"><TestCaseName>ODY_4702</TestCaseName><Step Number="1"><LowLevelInfo><StepID>1</StepID><Description>CallHandlerAdvice is displayed as Action Advised</Description><StepExecutedTime>10:49:18 PM</StepExecutedTime><ScreenShot Name="N/A">N/A</ScreenShot><Result>PASS</Result></LowLevelInfo></Step><Step Number="2"><LowLevelInfo><StepID>2</StepID><Description>Worsening Statement NONE is displaying in the care advice overlay</Description><StepExecutedTime>10:49:35 PM</StepExecutedTime><ScreenShot Name="N/A">N/A</ScreenShot><Result>PASS</Result></LowLevelInfo></Step><Step Number="3"><LowLevelInfo><StepID>3</StepID><Description>Cold transfer to Clinician</Description><StepExecutedTime>10:49:57 PM</StepExecutedTime><ScreenShot Name="N/A">N/A</ScreenShot><Result>PASS</Result></LowLevelInfo></Step><Step Number="4"><LowLevelInfo><StepID>4</StepID><Description>Worsening Statement URG1 is displaying in the care advice overlay</Description><StepExecutedTime>10:50:14 PM</StepExecutedTime><ScreenShot Name="N/A">N/A</ScreenShot><Result>PASS</Result></LowLevelInfo></Step><Step Number="5"><LowLevelInfo><StepID>5</StepID><Description>XML screen is displaying on ending assessment in Summary screen</Description><StepExecutedTime>10:50:26 PM</StepExecutedTime><ScreenShot Name="N/A">N/A</ScreenShot><Result>PASS</Result></LowLevelInfo></Step><Step Number="6"><LowLevelInfo><StepID>6</StepID><Description>Selected Outcome is displaying in the generated XML</Description><StepExecutedTime>10:50:29 PM</StepExecutedTime><ScreenShot Name="N/A">N/A</ScreenShot><Result>PASS</Result></LowLevelInfo></Step><Step Number="7"><LowLevelInfo><StepID>7</StepID><Description>Assessment State is displaying as Waiting in the XML screen</Description><StepExecutedTime>10:50:31 PM</StepExecutedTime><ScreenShot Name="N/A">N/A</ScreenShot><Result>PASS</Result></LowLevelInfo></Step><Step Number="8"><LowLevelInfo><StepID>8</StepID><Description>Clinical Warning Overlay is displayed with 3 threshold value on adding question set Breathlessness and Haemoptysis</Description><StepExecutedTime>10:51:34 PM</StepExecutedTime><ScreenShot Name="N/A">N/A</ScreenShot><Result>PASS</Result></LowLevelInfo></Step><Step Number="9"><LowLevelInfo><StepID>9</StepID><Description>ClinWarnMessage Ruptured aortic aneurysm and Pulmonary embolism are displayed in the overlay</Description><StepExecutedTime>10:51:36 PM</StepExecutedTime><ScreenShot Name="N/A">N/A</ScreenShot><Result>PASS</Result></LowLevelInfo></Step><Step Number="10"><LowLevelInfo><StepID>10</StepID><Description>Clinical Warning Icon is displaying in the assessment screen</Description><StepExecutedTime>10:51:40 PM</StepExecutedTime><ScreenShot Name="N/A">N/A</ScreenShot><Result>PASS</Result></LowLevelInfo></Step><Step Number="11"><LowLevelInfo><StepID>11</StepID><Description>ClinWarnMessage Ruptured aortic aneurysm and Pulmonary embolism are displayed in Triage screen</Description><StepExecutedTime>10:51:54 PM</StepExecutedTime><ScreenShot Name="N/A">N/A</ScreenShot><Result>PASS</Result></LowLevelInfo></Step><Step Number="12"><LowLevelInfo><StepID>12</StepID><Description>Viewing of Clinical Warning message Ruptured aortic aneurysm and Pulmonary embolism are successully audited</Description><StepExecutedTime>10:52:12 PM</StepExecutedTime><ScreenShot Name="N/A">N/A</ScreenShot><Result>PASS</Result></LowLevelInfo></Step><TestCaseDescription>Test case for validating the assessment where worsening statement  comes from clinical content</TestCaseDescription><Result>PASS</Result><EndTime>10:52:42 PM</EndTime></TestCase><TestCase StartTime="10:52:42 PM" ModuleName="ODY_4705"><TestCaseName>ODY_4705</TestCaseName><Step Number="1"><LowLevelInfo><StepID>1</StepID><Description>Recommended transferring this call to a clinician now message box is displaying</Description><StepExecutedTime>10:54:02 PM</StepExecutedTime><ScreenShot Name="N/A">N/A</ScreenShot><Result>PASS</Result></LowLevelInfo></Step><Step Number="2"><LowLevelInfo><StepID>2</StepID><Description>Continue button is available and enabled</Description><StepExecutedTime>10:54:04 PM</StepExecutedTime><ScreenShot Name="N/A">N/A</ScreenShot><Result>PASS</Result></LowLevelInfo></Step><Step Number="3"><LowLevelInfo><StepID>3</StepID><Description>Go Back button is available and enabled</Description><StepExecutedTime>10:54:06 PM</StepExecutedTime><ScreenShot Name="N/A">N/A</ScreenShot><Result>PASS</Result></LowLevelInfo></Step><Step Number="4"><LowLevelInfo><StepID>4</StepID><Description>FirstAidAdvice is displaying in the care advice overlay</Description><StepExecutedTime>10:54:37 PM</StepExecutedTime><ScreenShot Name="N/A">N/A</ScreenShot><Result>PASS</Result></LowLevelInfo></Step><Step Number="5"><LowLevelInfo><StepID>5</StepID><Description>XML screen is displaying on ending assessment in Summary screen</Description><StepExecutedTime>10:54:48 PM</StepExecutedTime><ScreenShot Name="N/A">N/A</ScreenShot><Result>PASS</Result></LowLevelInfo></Step><Step Number="6"><LowLevelInfo><StepID>6</StepID><Description>Selected Outcome is displaying in the generated XML</Description><StepExecutedTime>10:54:51 PM</StepExecutedTime><ScreenShot Name="N/A">N/A</ScreenShot><Result>PASS</Result></LowLevelInfo></Step><Step Number="7"><LowLevelInfo><StepID>7</StepID><Description>Assessment State is displaying as Waiting in the XML screen</Description><StepExecutedTime>10:54:53 PM</StepExecutedTime><ScreenShot Name="N/A">N/A</ScreenShot><Result>PASS</Result></LowLevelInfo></Step><TestCaseDescription>Test case for validate to transfer assessment to clinician the  Summary Screen in standalone application.</TestCaseDescription><Result>PASS</Result><EndTime>10:54:56 PM</EndTime></TestCase><TestCase StartTime="10:54:56 PM" ModuleName="ODY_4706"><TestCaseName>ODY_4706</TestCaseName><Step Number="1"><LowLevelInfo><StepID>1</StepID><Description>Summary screen is displaying on selecting all ans and clicked on continue button in assessment screen</Description><StepExecutedTime>10:56:48 PM</StepExecutedTime><ScreenShot Name="N/A">N/A</ScreenShot><Result>PASS</Result></LowLevelInfo></Step><Step Number="2"><LowLevelInfo><StepID>2</StepID><Description>Email Advice btn is not displaying in Summary screen to send care advice through email after it is unchecked in Admin</Description><StepExecutedTime>10:56:52 PM</StepExecutedTime><ScreenShot Name="N/A">N/A</ScreenShot><Result>PASS</Result></LowLevelInfo></Step><Step Number="3"><LowLevelInfo><StepID>3</StepID><Description>XML screen is displaying on ending assessment in Summary screen</Description><StepExecutedTime>10:57:19 PM</StepExecutedTime><ScreenShot Name="N/A">N/A</ScreenShot><Result>PASS</Result></LowLevelInfo></Step><Step Number="4"><LowLevelInfo><StepID>4</StepID><Description>FirstAidAdvice is displaying in the care advice overlay</Description><StepExecutedTime>10:58:19 PM</StepExecutedTime><ScreenShot Name="N/A">N/A</ScreenShot><Result>PASS</Result></LowLevelInfo></Step><Step Number="5"><LowLevelInfo><StepID>5</StepID><Description>XML screen is displaying on ending assessment in Summary screen</Description><StepExecutedTime>10:58:41 PM</StepExecutedTime><ScreenShot Name="N/A">N/A</ScreenShot><Result>PASS</Result></LowLevelInfo></Step><Step Number="6"><LowLevelInfo><StepID>6</StepID><Description>Selected Outcome is displaying in the generated XML</Description><StepExecutedTime>10:58:44 PM</StepExecutedTime><ScreenShot Name="N/A">N/A</ScreenShot><Result>PASS</Result></LowLevelInfo></Step><TestCaseDescription>Create an assessment and validate outcomes is populating in the Summary screen.</TestCaseDescription><Result>PASS</Result><EndTime>10:58:48 PM</EndTime></TestCase><TestCase StartTime="10:58:48 PM" ModuleName="ODY_4707"><TestCaseName>ODY_4707</TestCaseName><Step Number="1"><LowLevelInfo><StepID>1</StepID><Description>111 message popup is displayed on click of Continue button</Description><StepExecutedTime>11:01:39 PM</StepExecutedTime><ScreenShot Name="N/A">N/A</ScreenShot><Result>PASS</Result></LowLevelInfo></Step><Step Number="2"><LowLevelInfo><StepID>2</StepID><Description>111 message added for Routine is displayed as assessment urgency is Routine</Description><StepExecutedTime>11:01:43 PM</StepExecutedTime><ScreenShot Name="N/A">N/A</ScreenShot><Result>PASS</Result></LowLevelInfo></Step><Step Number="3"><LowLevelInfo><StepID>3</StepID><Description>GoBack button is available and enabled in the warning popup</Description><StepExecutedTime>11:01:47 PM</StepExecutedTime><ScreenShot Name="N/A">N/A</ScreenShot><Result>PASS</Result></LowLevelInfo></Step><Step Number="4"><LowLevelInfo><StepID>4</StepID><Description>XML screen is displaying on ending assessment in Summary screen</Description><StepExecutedTime>11:01:54 PM</StepExecutedTime><ScreenShot Name="N/A">N/A</ScreenShot><Result>PASS</Result></LowLevelInfo></Step><Step Number="5"><LowLevelInfo><StepID>5</StepID><Description>Selected Outcome is displaying in the generated XML</Description><StepExecutedTime>11:01:57 PM</StepExecutedTime><ScreenShot Name="N/A">N/A</ScreenShot><Result>PASS</Result></LowLevelInfo></Step><TestCaseDescription>Test case to validate the complete button with 111 configuration from 1st screen.</TestCaseDescription><Result>PASS</Result><EndTime>11:02:01 PM</EndTime></TestCase><TestCase StartTime="11:02:01 PM" ModuleName="ODY_4708"><TestCaseName>ODY_4708</TestCaseName><Step Number="1"><LowLevelInfo><StepID>1</StepID><Description>First Aid Advice is displaying in the care advice overlay</Description><StepExecutedTime>11:04:02 PM</StepExecutedTime><ScreenShot Name="N/A">N/A</ScreenShot><Result>PASS</Result></LowLevelInfo></Step><Step Number="2"><LowLevelInfo><StepID>2</StepID><Description>111 message popup is displayed on click of Continue button</Description><StepExecutedTime>11:04:10 PM</StepExecutedTime><ScreenShot Name="N/A">N/A</ScreenShot><Result>PASS</Result></LowLevelInfo></Step><Step Number="3"><LowLevelInfo><StepID>3</StepID><Description>Test 111 message for Emergency is displayed as assessment urgency is Routine</Description><StepExecutedTime>11:04:14 PM</StepExecutedTime><ScreenShot Name="N/A">N/A</ScreenShot><Result>PASS</Result></LowLevelInfo></Step><Step Number="4"><LowLevelInfo><StepID>4</StepID><Description>New Test 111 message for Emergency is displayed as assessment urgency is Routine</Description><StepExecutedTime>11:04:17 PM</StepExecutedTime><ScreenShot Name="N/A">N/A</ScreenShot><Result>PASS</Result></LowLevelInfo></Step><Step Number="5"><LowLevelInfo><StepID>5</StepID><Description>End Call button is available and enabled in the warning popup</Description><StepExecutedTime>11:04:21 PM</StepExecutedTime><ScreenShot Name="N/A">N/A</ScreenShot><Result>PASS</Result></LowLevelInfo></Step><Step Number="6"><LowLevelInfo><StepID>6</StepID><Description>XML screen is displaying on ending assessment in Summary screen</Description><StepExecutedTime>11:04:27 PM</StepExecutedTime><ScreenShot Name="N/A">N/A</ScreenShot><Result>PASS</Result></LowLevelInfo></Step><Step Number="7"><LowLevelInfo><StepID>7</StepID><Description>Selected Outcome is displaying in the generated XML</Description><StepExecutedTime>11:04:31 PM</StepExecutedTime><ScreenShot Name="N/A">N/A</ScreenShot><Result>PASS</Result></LowLevelInfo></Step><TestCaseDescription>Test case to validate the complete button with 111 configuration</TestCaseDescription><Result>PASS</Result><EndTime>11:04:34 PM</EndTime></TestCase><TestCase StartTime="11:04:34 PM" ModuleName="ODY_4710"><TestCaseName>ODY_4710</TestCaseName><Step Number="1"><LowLevelInfo><StepID>1</StepID><Description>All the urgencies have proper colour under Action Selected dropdown in Summary screen</Description><StepExecutedTime>11:07:32 PM</StepExecutedTime><ScreenShot Name="N/A">N/A</ScreenShot><Result>PASS</Result></LowLevelInfo></Step><Step Number="2"><LowLevelInfo><StepID>2</StepID><Description>Worsening Statement ROUT is displaying in the care advice overlay</Description><StepExecutedTime>11:07:51 PM</StepExecutedTime><ScreenShot Name="N/A">N/A</ScreenShot><Result>PASS</Result></LowLevelInfo></Step><Step Number="3"><LowLevelInfo><StepID>3</StepID><Description>111 message popup is displayed on click of Continue button</Description><StepExecutedTime>11:08:00 PM</StepExecutedTime><ScreenShot Name="N/A">N/A</ScreenShot><Result>PASS</Result></LowLevelInfo></Step><Step Number="4"><LowLevelInfo><StepID>4</StepID><Description>111 message Test 111 message for Routine in inactive status is not displayed</Description><StepExecutedTime>11:08:05 PM</StepExecutedTime><ScreenShot Name="N/A">N/A</ScreenShot><Result>PASS</Result></LowLevelInfo></Step><Step Number="5"><LowLevelInfo><StepID>5</StepID><Description>111 message added for Routine and SelfCare is displayed as assessment urgency is Routine</Description><StepExecutedTime>11:08:08 PM</StepExecutedTime><ScreenShot Name="N/A">N/A</ScreenShot><Result>PASS</Result></LowLevelInfo></Step><Step Number="6"><LowLevelInfo><StepID>6</StepID><Description>111 message added for Routine is displayed as assessment urgency is Routine</Description><StepExecutedTime>11:08:12 PM</StepExecutedTime><ScreenShot Name="N/A">N/A</ScreenShot><Result>PASS</Result></LowLevelInfo></Step><Step Number="7"><LowLevelInfo><StepID>7</StepID><Description>Complete button is available and enabled in the warning popup</Description><StepExecutedTime>11:08:16 PM</StepExecutedTime><ScreenShot Name="N/A">N/A</ScreenShot><Result>PASS</Result></LowLevelInfo></Step><Step Number="8"><LowLevelInfo><StepID>8</StepID><Description>XML screen is displaying on ending assessment in Summary screen</Description><StepExecutedTime>11:08:23 PM</StepExecutedTime><ScreenShot Name="N/A">N/A</ScreenShot><Result>PASS</Result></LowLevelInfo></Step><Step Number="9"><LowLevelInfo><StepID>9</StepID><Description>Selected Outcome is displaying in the generated XML</Description><StepExecutedTime>11:08:26 PM</StepExecutedTime><ScreenShot Name="N/A">N/A</ScreenShot><Result>PASS</Result></LowLevelInfo></Step><Step Number="10"><LowLevelInfo><StepID>10</StepID><Description>Iteration Type is Lay for assessment completed by Call Handler</Description><StepExecutedTime>11:08:26 PM</StepExecutedTime><ScreenShot Name="N/A">N/A</ScreenShot><Result>PASS</Result></LowLevelInfo></Step><Step Number="11"><LowLevelInfo><StepID>11</StepID><Description>Session status is Closed for assessment completed by Call Handler</Description><StepExecutedTime>11:08:26 PM</StepExecutedTime><ScreenShot Name="N/A">N/A</ScreenShot><Result>PASS</Result></LowLevelInfo></Step><TestCaseDescription>Test case to validate the complete button with 111 configuration from summary screen</TestCaseDescription><Result>PASS</Result><EndTime>11:08:30 PM</EndTime></TestCase><TestCase StartTime="11:08:30 PM" ModuleName="ODY_4711"><TestCaseName>ODY_4711</TestCaseName><Step Number="1"><LowLevelInfo><StepID>1</StepID><Description>Call Handler Advice is shown as Action Advised for the assessment</Description><StepExecutedTime>11:10:22 PM</StepExecutedTime><ScreenShot Name="N/A">N/A</ScreenShot><Result>PASS</Result></LowLevelInfo></Step><Step Number="2"><LowLevelInfo><StepID>2</StepID><Description>All the actions under Action Selected dropdown have proper urgency colours</Description><StepExecutedTime>11:10:25 PM</StepExecutedTime><ScreenShot Name="N/A">N/A</ScreenShot><Result>PASS</Result></LowLevelInfo></Step><Step Number="3"><LowLevelInfo><StepID>3</StepID><Description>Worsening Statement NONE is displaying in the care advice overlay</Description><StepExecutedTime>11:10:29 PM</StepExecutedTime><ScreenShot Name="N/A">N/A</ScreenShot><Result>PASS</Result></LowLevelInfo></Step><Step Number="4"><LowLevelInfo><StepID>4</StepID><Description>Not Given button is enabled by default in care advice overlay</Description><StepExecutedTime>11:10:33 PM</StepExecutedTime><ScreenShot Name="N/A">N/A</ScreenShot><Result>PASS</Result></LowLevelInfo></Step><Step Number="5"><LowLevelInfo><StepID>5</StepID><Description>Advice Given button is enabled by default in care advice overlay</Description><StepExecutedTime>11:10:37 PM</StepExecutedTime><ScreenShot Name="N/A">N/A</ScreenShot><Result>PASS</Result></LowLevelInfo></Step><Step Number="6"><LowLevelInfo><StepID>6</StepID><Description>Advice Given button is enabled after click on Not Given</Description><StepExecutedTime>11:10:46 PM</StepExecutedTime><ScreenShot Name="N/A">N/A</ScreenShot><Result>PASS</Result></LowLevelInfo></Step><Step Number="7"><LowLevelInfo><StepID>7</StepID><Description>Not Given button is enabled after click on Advice Given</Description><StepExecutedTime>11:10:54 PM</StepExecutedTime><ScreenShot Name="N/A">N/A</ScreenShot><Result>PASS</Result></LowLevelInfo></Step><Step Number="8"><LowLevelInfo><StepID>8</StepID><Description>Complete button is available and enabled in the warning popup</Description><StepExecutedTime>11:11:10 PM</StepExecutedTime><ScreenShot Name="N/A">N/A</ScreenShot><Result>PASS</Result></LowLevelInfo></Step><Step Number="9"><LowLevelInfo><StepID>9</StepID><Description>XML screen is displaying on ending assessment in Summary screen</Description><StepExecutedTime>11:11:19 PM</StepExecutedTime><ScreenShot Name="N/A">N/A</ScreenShot><Result>PASS</Result></LowLevelInfo></Step><Step Number="10"><LowLevelInfo><StepID>10</StepID><Description>Selected Outcome is displaying in the generated XML</Description><StepExecutedTime>11:11:23 PM</StepExecutedTime><ScreenShot Name="N/A">N/A</ScreenShot><Result>PASS</Result></LowLevelInfo></Step><TestCaseDescription>Test case to validate the complete button</TestCaseDescription><Result>PASS</Result><EndTime>11:11:26 PM</EndTime></TestCase><TestCase StartTime="11:11:26 PM" ModuleName="ODY_4704"><TestCaseName>ODY_4704</TestCaseName><Step Number="1"><LowLevelInfo><StepID>1</StepID><Description>Continue button is available and enabled</Description><StepExecutedTime>11:13:30 PM</StepExecutedTime><ScreenShot Name="N/A">N/A</ScreenShot><Result>PASS</Result></LowLevelInfo></Step><Step Number="2"><LowLevelInfo><StepID>2</StepID><Description>Recommended an Ambulance is Dispatched as soon as possible message box is displaying on selecting ans with purple color</Description><StepExecutedTime>11:13:37 PM</StepExecutedTime><ScreenShot Name="N/A">N/A</ScreenShot><Result>PASS</Result></LowLevelInfo></Step><Step Number="3"><LowLevelInfo><StepID>3</StepID><Description>Go Back button is available and enabled</Description><StepExecutedTime>11:13:39 PM</StepExecutedTime><ScreenShot Name="N/A">N/A</ScreenShot><Result>PASS</Result></LowLevelInfo></Step><Step Number="4"><LowLevelInfo><StepID>4</StepID><Description>Continue button is available and enabled</Description><StepExecutedTime>11:13:41 PM</StepExecutedTime><ScreenShot Name="N/A">N/A</ScreenShot><Result>PASS</Result></LowLevelInfo></Step><Step Number="5"><LowLevelInfo><StepID>5</StepID><Description>FirstAidAdvice is displaying in the care advice overlay</Description><StepExecutedTime>11:13:45 PM</StepExecutedTime><ScreenShot Name="N/A">N/A</ScreenShot><Result>PASS</Result></LowLevelInfo></Step><Step Number="6"><LowLevelInfo><StepID>6</StepID><Description>XML screen is displaying on ending assessment in Summary screen</Description><StepExecutedTime>11:13:58 PM</StepExecutedTime><ScreenShot Name="N/A">N/A</ScreenShot><Result>PASS</Result></LowLevelInfo></Step><Step Number="7"><LowLevelInfo><StepID>7</StepID><Description>Selected Outcome is displaying in the generated XML</Description><StepExecutedTime>11:14:02 PM</StepExecutedTime><ScreenShot Name="N/A">N/A</ScreenShot><Result>PASS</Result></LowLevelInfo></Step><TestCaseDescription>Test case to validate the Continue button is hidden after all the questions are answered by call handler.</TestCaseDescription><Result>PASS</Result><EndTime>11:14:05 PM</EndTime></TestCase><TestCase StartTime="11:14:05 PM" ModuleName="ODY_4714"><TestCaseName>ODY_4714</TestCaseName><Step Number="1"><LowLevelInfo><StepID>1</StepID><Description>Summary screen is displaying on selecting all ans and clicked on continue button in assessment screen</Description><StepExecutedTime>11:15:52 PM</StepExecutedTime><ScreenShot Name="N/A">N/A</ScreenShot><Result>PASS</Result></LowLevelInfo></Step><Step Number="2"><LowLevelInfo><StepID>2</StepID><Description>Email Advice Overlay is displayed on click of Email Advice button in the Summary scrreen</Description><StepExecutedTime>11:15:56 PM</StepExecutedTime><ScreenShot Name="N/A">N/A</ScreenShot><Result>PASS</Result></LowLevelInfo></Step><Step Number="3"><LowLevelInfo><StepID>3</StepID><Description>Send Email button is enabled after providing all mandatory details in Email Advice Overlay</Description><StepExecutedTime>11:16:08 PM</StepExecutedTime><ScreenShot Name="N/A">N/A</ScreenShot><Result>PASS</Result></LowLevelInfo></Step><Step Number="4"><LowLevelInfo><StepID>4</StepID><Description>Send Email button is disabled after clearing email address textbox in Email Advice Overlay</Description><StepExecutedTime>11:16:16 PM</StepExecutedTime><ScreenShot Name="N/A">N/A</ScreenShot><Result>PASS</Result></LowLevelInfo></Step><Step Number="5"><LowLevelInfo><StepID>5</StepID><Description>Send Email button is enabled again after providing all mandatory details in Email Advice Overlay</Description><StepExecutedTime>11:16:21 PM</StepExecutedTime><ScreenShot Name="N/A">N/A</ScreenShot><Result>PASS</Result></LowLevelInfo></Step><Step Number="6"><LowLevelInfo><StepID>6</StepID><Description>Email Advice Overlay is closed on click of Send  Email button in the Summary scrreen</Description><StepExecutedTime>11:16:27 PM</StepExecutedTime><ScreenShot Name="N/A">N/A</ScreenShot><Result>PASS</Result></LowLevelInfo></Step><Step Number="7"><LowLevelInfo><StepID>7</StepID><Description>XML screen is displaying on ending assessment in Summary screen</Description><StepExecutedTime>11:16:52 PM</StepExecutedTime><ScreenShot Name="N/A">N/A</ScreenShot><Result>PASS</Result></LowLevelInfo></Step><Step Number="8"><LowLevelInfo><StepID>8</StepID><Description>Selected Outcome is displaying in the generated XML</Description><StepExecutedTime>11:16:55 PM</StepExecutedTime><ScreenShot Name="N/A">N/A</ScreenShot><Result>PASS</Result></LowLevelInfo></Step><Step Number="9"><LowLevelInfo><StepID>9</StepID><Description>Worsening Statement is delivered to patient for the assessment is saved in Database</Description><StepExecutedTime>11:16:55 PM</StepExecutedTime><ScreenShot Name="N/A">N/A</ScreenShot><Result>PASS</Result></LowLevelInfo></Step><Step Number="10"><LowLevelInfo><StepID>10</StepID><Description>Worsening Advice as delivered for the assessment is saved in Database</Description><StepExecutedTime>11:16:55 PM</StepExecutedTime><ScreenShot Name="N/A">N/A</ScreenShot><Result>PASS</Result></LowLevelInfo></Step><Step Number="11"><LowLevelInfo><StepID>11</StepID><Description>Care Advice as delivered for the assessment is saved in Database</Description><StepExecutedTime>11:16:55 PM</StepExecutedTime><ScreenShot Name="N/A">N/A</ScreenShot><Result>PASS</Result></LowLevelInfo></Step><Step Number="12"><LowLevelInfo><StepID>12</StepID><Description>Audit is logged in database with all the details for care advice mail being sent</Description><StepExecutedTime>11:16:55 PM</StepExecutedTime><ScreenShot Name="N/A">N/A</ScreenShot><Result>PASS</Result></LowLevelInfo></Step><Step Number="13"><LowLevelInfo><StepID>13</StepID><Description>Summary screen is displaying to FirstCall user for the completed assessment</Description><StepExecutedTime>11:17:32 PM</StepExecutedTime><ScreenShot Name="N/A">N/A</ScreenShot><Result>PASS</Result></LowLevelInfo></Step><Step Number="14"><LowLevelInfo><StepID>14</StepID><Description>Send Email button is disabled to FirstCall user for the completed assessment in read only mode</Description><StepExecutedTime>11:17:36 PM</StepExecutedTime><ScreenShot Name="N/A">N/A</ScreenShot><Result>PASS</Result></LowLevelInfo></Step><Step Number="15"><LowLevelInfo><StepID>15</StepID><Description>Close button is enabled to FirstCall user for the completed assessment in read only mode</Description><StepExecutedTime>11:17:38 PM</StepExecutedTime><ScreenShot Name="N/A">N/A</ScreenShot><Result>PASS</Result></LowLevelInfo></Step><TestCaseDescription>Test case for validating the accept/declined advice</TestCaseDescription><Result>PASS</Result><EndTime>11:17:42 PM</EndTime></TestCase><TestCase StartTime="11:17:42 PM" ModuleName="ODY_4717"><TestCaseName>ODY_4717</TestCaseName><Step Number="1"><LowLevelInfo><StepID>1</StepID><Description>Email Advice btn is not displaying in Summary screen to send care advice through email after it is unchecked in Admin</Description><StepExecutedTime>11:17:52 PM</StepExecutedTime><ScreenShot Name="N/A">N/A</ScreenShot><Result>PASS</Result></LowLevelInfo></Step><Step Number="2"><LowLevelInfo><StepID>2</StepID><Description>Summary screen is displaying on selecting all ans and clicked on continue button in assessment screen</Description><StepExecutedTime>11:19:36 PM</StepExecutedTime><ScreenShot Name="N/A">N/A</ScreenShot><Result>PASS</Result></LowLevelInfo></Step><Step Number="3"><LowLevelInfo><StepID>3</StepID><Description>Email Advice Overlay is displayed on click of Email Advice button in the Summary scrreen</Description><StepExecutedTime>11:19:41 PM</StepExecutedTime><ScreenShot Name="N/A">N/A</ScreenShot><Result>PASS</Result></LowLevelInfo></Step><Step Number="4"><LowLevelInfo><StepID>4</StepID><Description>Email Advice is displayed as title of the Overlay opened</Description><StepExecutedTime>11:19:42 PM</StepExecutedTime><ScreenShot Name="N/A">N/A</ScreenShot><Result>PASS</Result></LowLevelInfo></Step><Step Number="5"><LowLevelInfo><StepID>5</StepID><Description>Return to call button is enabled by default in Email Advice Overlay</Description><StepExecutedTime>11:19:45 PM</StepExecutedTime><ScreenShot Name="N/A">N/A</ScreenShot><Result>PASS</Result></LowLevelInfo></Step><Step Number="6"><LowLevelInfo><StepID>6</StepID><Description>Send Email button is enabled after providing all mandatory details in Email Advice Overlay</Description><StepExecutedTime>11:19:57 PM</StepExecutedTime><ScreenShot Name="N/A">N/A</ScreenShot><Result>PASS</Result></LowLevelInfo></Step><Step Number="7"><LowLevelInfo><StepID>7</StepID><Description>Send Email button is disabled after clearing email address textbox in Email Advice Overlay</Description><StepExecutedTime>11:20:05 PM</StepExecutedTime><ScreenShot Name="N/A">N/A</ScreenShot><Result>PASS</Result></LowLevelInfo></Step><Step Number="8"><LowLevelInfo><StepID>8</StepID><Description>Send Email button is enabled again after providing all mandatory details in Email Advice Overlay</Description><StepExecutedTime>11:20:10 PM</StepExecutedTime><ScreenShot Name="N/A">N/A</ScreenShot><Result>PASS</Result></LowLevelInfo></Step><Step Number="9"><LowLevelInfo><StepID>9</StepID><Description>Email Advice Overlay is closed on click of Send  Email button in the Summary scrreen</Description><StepExecutedTime>11:20:17 PM</StepExecutedTime><ScreenShot Name="N/A">N/A</ScreenShot><Result>PASS</Result></LowLevelInfo></Step><Step Number="10"><LowLevelInfo><StepID>10</StepID><Description>XML screen is displaying on ending assessment in Summary screen</Description><StepExecutedTime>11:20:44 PM</StepExecutedTime><ScreenShot Name="N/A">N/A</ScreenShot><Result>PASS</Result></LowLevelInfo></Step><Step Number="11"><LowLevelInfo><StepID>11</StepID><Description>Selected Outcome is displaying in the generated XML</Description><StepExecutedTime>11:20:48 PM</StepExecutedTime><ScreenShot Name="N/A">N/A</ScreenShot><Result>PASS</Result></LowLevelInfo></Step><Step Number="12"><LowLevelInfo><StepID>12</StepID><Description>Worsening Statement as delivered for the assessment is saved in Database</Description><StepExecutedTime>11:20:51 PM</StepExecutedTime><ScreenShot Name="N/A">N/A</ScreenShot><Result>PASS</Result></LowLevelInfo></Step><Step Number="13"><LowLevelInfo><StepID>13</StepID><Description>Worsening Advice as delivered for the assessment is saved in Database</Description><StepExecutedTime>11:20:51 PM</StepExecutedTime><ScreenShot Name="N/A">N/A</ScreenShot><Result>PASS</Result></LowLevelInfo></Step><Step Number="14"><LowLevelInfo><StepID>14</StepID><Description>Care Advice as delivered for the assessment is saved in Database</Description><StepExecutedTime>11:20:51 PM</StepExecutedTime><ScreenShot Name="N/A">N/A</ScreenShot><Result>PASS</Result></LowLevelInfo></Step><Step Number="15"><LowLevelInfo><StepID>15</StepID><Description>Audit is logged in database with all the details for care advice mail being sent</Description><StepExecutedTime>11:20:51 PM</StepExecutedTime><ScreenShot Name="N/A">N/A</ScreenShot><Result>PASS</Result></LowLevelInfo></Step><TestCaseDescription>Test case for validating the accept/declined advice for care advice</TestCaseDescription><Result>PASS</Result><EndTime>11:20:51 PM</EndTime></TestCase><TestCase StartTime="11:20:51 PM" ModuleName="ODY_4718"><TestCaseName>ODY_4718</TestCaseName><Step Number="1"><LowLevelInfo><StepID>1</StepID><Description>There are unanswered questions that might result in a need for an emergency ambulance response message box is displaying</Description><StepExecutedTime>11:22:05 PM</StepExecutedTime><ScreenShot Name="N/A">N/A</ScreenShot><Result>PASS</Result></LowLevelInfo></Step><Step Number="2"><LowLevelInfo><StepID>2</StepID><Description>Return to Call button is displaying and enabled in the warning pop up message box</Description><StepExecutedTime>11:22:08 PM</StepExecutedTime><ScreenShot Name="N/A">N/A</ScreenShot><Result>PASS</Result></LowLevelInfo></Step><Step Number="3"><LowLevelInfo><StepID>3</StepID><Description>Continue button is displaying and enabled in the warning pop up message box</Description><StepExecutedTime>11:22:09 PM</StepExecutedTime><ScreenShot Name="N/A">N/A</ScreenShot><Result>PASS</Result></LowLevelInfo></Step><Step Number="4"><LowLevelInfo><StepID>4</StepID><Description>First Aid Advice is displaying in the care advice overlay</Description><StepExecutedTime>11:22:15 PM</StepExecutedTime><ScreenShot Name="N/A">N/A</ScreenShot><Result>PASS</Result></LowLevelInfo></Step><Step Number="5"><LowLevelInfo><StepID>5</StepID><Description>XML screen is displaying on ending assessment in Summary screen</Description><StepExecutedTime>11:22:30 PM</StepExecutedTime><ScreenShot Name="N/A">N/A</ScreenShot><Result>PASS</Result></LowLevelInfo></Step><Step Number="6"><LowLevelInfo><StepID>6</StepID><Description>Selected Outcome is displaying in the generated XML</Description><StepExecutedTime>11:22:34 PM</StepExecutedTime><ScreenShot Name="N/A">N/A</ScreenShot><Result>PASS</Result></LowLevelInfo></Step><Step Number="7"><LowLevelInfo><StepID>7</StepID><Description>First Aid Advice as delivered for the assessment is saved in Database</Description><StepExecutedTime>11:22:34 PM</StepExecutedTime><ScreenShot Name="N/A">N/A</ScreenShot><Result>PASS</Result></LowLevelInfo></Step><Step Number="8"><LowLevelInfo><StepID>8</StepID><Description>NotesTextBox is disabled in Assessment screen to FirstCall user for the assessment passed to clinician</Description><StepExecutedTime>11:23:06 PM</StepExecutedTime><ScreenShot Name="N/A">N/A</ScreenShot><Result>PASS</Result></LowLevelInfo></Step><TestCaseDescription>Test case for validating the accept/declined advice button when assessment pass to clinician</TestCaseDescription><Result>PASS</Result><EndTime>11:23:09 PM</EndTime></TestCase><TestCase StartTime="11:23:09 PM" ModuleName="ODY_4719"><TestCaseName>ODY_4719</TestCaseName><Step Number="1"><LowLevelInfo><StepID>1</StepID><Description>Add note for Operation Type Operation noted is displaying as title of additional note text box</Description><StepExecutedTime>11:25:17 PM</StepExecutedTime><ScreenShot Name="N/A">N/A</ScreenShot><Result>PASS</Result></LowLevelInfo></Step><Step Number="2"><LowLevelInfo><StepID>2</StepID><Description>Recommended an Ambulance is Dispatched as soon as possible message box is displaying on selecting ans with purple color</Description><StepExecutedTime>11:25:31 PM</StepExecutedTime><ScreenShot Name="N/A">N/A</ScreenShot><Result>PASS</Result></LowLevelInfo></Step><Step Number="3"><LowLevelInfo><StepID>3</StepID><Description>GoBack button is available and enabled in the warning popup</Description><StepExecutedTime>11:25:32 PM</StepExecutedTime><ScreenShot Name="N/A">N/A</ScreenShot><Result>PASS</Result></LowLevelInfo></Step><Step Number="4"><LowLevelInfo><StepID>4</StepID><Description>Continue button is available and enabled in the warning popup</Description><StepExecutedTime>11:25:34 PM</StepExecutedTime><ScreenShot Name="N/A">N/A</ScreenShot><Result>PASS</Result></LowLevelInfo></Step><Step Number="5"><LowLevelInfo><StepID>5</StepID><Description>FIRST AID ADVICE is displaying in the care advice overlay</Description><StepExecutedTime>11:25:39 PM</StepExecutedTime><ScreenShot Name="N/A">N/A</ScreenShot><Result>PASS</Result></LowLevelInfo></Step><Step Number="6"><LowLevelInfo><StepID>6</StepID><Description>XML screen is displaying on ending assessment in Summary screen</Description><StepExecutedTime>11:25:52 PM</StepExecutedTime><ScreenShot Name="N/A">N/A</ScreenShot><Result>PASS</Result></LowLevelInfo></Step><Step Number="7"><LowLevelInfo><StepID>7</StepID><Description>Selected Outcome is displaying in the generated XML</Description><StepExecutedTime>11:25:55 PM</StepExecutedTime><ScreenShot Name="N/A">N/A</ScreenShot><Result>PASS</Result></LowLevelInfo></Step><Step Number="8"><LowLevelInfo><StepID>8</StepID><Description>FIRST AID ADVICE as delivered for the assessment is saved in Database</Description><StepExecutedTime>11:25:59 PM</StepExecutedTime><ScreenShot Name="N/A">N/A</ScreenShot><Result>PASS</Result></LowLevelInfo></Step><Step Number="9"><LowLevelInfo><StepID>9</StepID><Description>laser surgery is saved as response text in DB for completed assessment</Description><StepExecutedTime>11:25:59 PM</StepExecutedTime><ScreenShot Name="N/A">N/A</ScreenShot><Result>PASS</Result></LowLevelInfo></Step><TestCaseDescription>Test case to validate the complete button when patient click End call in the 2nd screen</TestCaseDescription><Result>PASS</Result><EndTime>11:25:59 PM</EndTime></TestCase><TestCase StartTime="11:25:59 PM" ModuleName="ODY_6796"><TestCaseName>ODY_6796</TestCaseName><Step Number="1"><LowLevelInfo><StepID>1</StepID><Description>ADVICE SUMMARY is displaying under the Care Advice tab for Weight Loss protocol</Description><StepExecutedTime>11:29:13 PM</StepExecutedTime><ScreenShot Name="N/A">N/A</ScreenShot><Result>PASS</Result></LowLevelInfo></Step><Step Number="2"><LowLevelInfo><StepID>2</StepID><Description>Not Given button is enabled by default under the Care Advice tab</Description><StepExecutedTime>11:29:17 PM</StepExecutedTime><ScreenShot Name="N/A">N/A</ScreenShot><Result>PASS</Result></LowLevelInfo></Step><Step Number="3"><LowLevelInfo><StepID>3</StepID><Description>Advice Given button is enabled by default under the Care Advice tab</Description><StepExecutedTime>11:29:21 PM</StepExecutedTime><ScreenShot Name="N/A">N/A</ScreenShot><Result>PASS</Result></LowLevelInfo></Step><Step Number="4"><LowLevelInfo><StepID>4</StepID><Description>Advice Given button remains enabled after click on Not Given</Description><StepExecutedTime>11:29:30 PM</StepExecutedTime><ScreenShot Name="N/A">N/A</ScreenShot><Result>PASS</Result></LowLevelInfo></Step><Step Number="5"><LowLevelInfo><StepID>5</StepID><Description>Worsening Statement NONE is displaying under the Call Back Advice tab for Weight Loss protocol</Description><StepExecutedTime>11:29:35 PM</StepExecutedTime><ScreenShot Name="N/A">N/A</ScreenShot><Result>PASS</Result></LowLevelInfo></Step><Step Number="6"><LowLevelInfo><StepID>6</StepID><Description>Not Given button is enabled by default under the Call Back Advice tab</Description><StepExecutedTime>11:29:39 PM</StepExecutedTime><ScreenShot Name="N/A">N/A</ScreenShot><Result>PASS</Result></LowLevelInfo></Step><Step Number="7"><LowLevelInfo><StepID>7</StepID><Description>Advice Given button is enabled by default under the Call Back Advice tab</Description><StepExecutedTime>11:29:43 PM</StepExecutedTime><ScreenShot Name="N/A">N/A</ScreenShot><Result>PASS</Result></LowLevelInfo></Step><Step Number="8"><LowLevelInfo><StepID>8</StepID><Description>Advice Given button remains enabled after click on Not Given</Description><StepExecutedTime>11:29:52 PM</StepExecutedTime><ScreenShot Name="N/A">N/A</ScreenShot><Result>PASS</Result></LowLevelInfo></Step><Step Number="9"><LowLevelInfo><StepID>9</StepID><Description>Not Given button is enabled by default under the Worsening Advice tab</Description><StepExecutedTime>11:29:57 PM</StepExecutedTime><ScreenShot Name="N/A">N/A</ScreenShot><Result>PASS</Result></LowLevelInfo></Step><Step Number="10"><LowLevelInfo><StepID>10</StepID><Description>Advice Given button is enabled by default under the Worsening Advice tab</Description><StepExecutedTime>11:30:01 PM</StepExecutedTime><ScreenShot Name="N/A">N/A</ScreenShot><Result>PASS</Result></LowLevelInfo></Step><Step Number="11"><LowLevelInfo><StepID>11</StepID><Description>Advice Given button remains enabled after click on Not Given</Description><StepExecutedTime>11:30:10 PM</StepExecutedTime><ScreenShot Name="N/A">N/A</ScreenShot><Result>PASS</Result></LowLevelInfo></Step><Step Number="12"><LowLevelInfo><StepID>12</StepID><Description>Complete button remains disabled after providing response for additional protocol Weight Loss</Description><StepExecutedTime>11:30:13 PM</StepExecutedTime><ScreenShot Name="N/A">N/A</ScreenShot><Result>PASS</Result></LowLevelInfo></Step><Step Number="13"><LowLevelInfo><StepID>13</StepID><Description>Complete button is enabled after disabled after providing response for presenting complaint Cough</Description><StepExecutedTime>11:30:32 PM</StepExecutedTime><ScreenShot Name="N/A">N/A</ScreenShot><Result>PASS</Result></LowLevelInfo></Step><Step Number="14"><LowLevelInfo><StepID>14</StepID><Description>Not Given button is enabled by default under the Care Advice tab for Appetite Problem</Description><StepExecutedTime>11:30:39 PM</StepExecutedTime><ScreenShot Name="N/A">N/A</ScreenShot><Result>PASS</Result></LowLevelInfo></Step><Step Number="15"><LowLevelInfo><StepID>15</StepID><Description>Advice Given button is enabled by default under the Care Advice tab for Appetite Problem</Description><StepExecutedTime>11:30:43 PM</StepExecutedTime><ScreenShot Name="N/A">N/A</ScreenShot><Result>PASS</Result></LowLevelInfo></Step><Step Number="16"><LowLevelInfo><StepID>16</StepID><Description>Advice Given button remains enabled after click on Not Given</Description><StepExecutedTime>11:30:52 PM</StepExecutedTime><ScreenShot Name="N/A">N/A</ScreenShot><Result>PASS</Result></LowLevelInfo></Step><Step Number="17"><LowLevelInfo><StepID>17</StepID><Description>MAKE CONTACT AGAIN IF is displaying under the Worsening Advice tab for Weight Loss protocol</Description><StepExecutedTime>11:30:56 PM</StepExecutedTime><ScreenShot Name="N/A">N/A</ScreenShot><Result>PASS</Result></LowLevelInfo></Step><Step Number="18"><LowLevelInfo><StepID>18</StepID><Description>Not Given button is enabled by default under the Call Back Advice tab for Appetite Problem</Description><StepExecutedTime>11:31:01 PM</StepExecutedTime><ScreenShot Name="N/A">N/A</ScreenShot><Result>PASS</Result></LowLevelInfo></Step><Step Number="19"><LowLevelInfo><StepID>19</StepID><Description>Advice Given button is enabled by default under the Call Back Advice tab for Appetite Problem</Description><StepExecutedTime>11:31:05 PM</StepExecutedTime><ScreenShot Name="N/A">N/A</ScreenShot><Result>PASS</Result></LowLevelInfo></Step><Step Number="20"><LowLevelInfo><StepID>20</StepID><Description>Advice Given button remains enabled after click on Not Given</Description><StepExecutedTime>11:31:14 PM</StepExecutedTime><ScreenShot Name="N/A">N/A</ScreenShot><Result>PASS</Result></LowLevelInfo></Step><Step Number="21"><LowLevelInfo><StepID>21</StepID><Description>Summary screen is displaying to FirstCall user for the completed assessment</Description><StepExecutedTime>11:32:08 PM</StepExecutedTime><ScreenShot Name="N/A">N/A</ScreenShot><Result>PASS</Result></LowLevelInfo></Step><Step Number="22"><LowLevelInfo><StepID>22</StepID><Description>Advice Given button is enabled by default under the Care Advice tab</Description><StepExecutedTime>11:32:15 PM</StepExecutedTime><ScreenShot Name="N/A">N/A</ScreenShot><Result>PASS</Result></LowLevelInfo></Step><Step Number="23"><LowLevelInfo><StepID>23</StepID><Description>Not Given button is enabled by default under the Call Back Advice tab</Description><StepExecutedTime>11:32:20 PM</StepExecutedTime><ScreenShot Name="N/A">N/A</ScreenShot><Result>PASS</Result></LowLevelInfo></Step><Step Number="24"><LowLevelInfo><StepID>24</StepID><Description>Advice Given button is enabled by default under the Worsening Advice tab</Description><StepExecutedTime>11:32:24 PM</StepExecutedTime><ScreenShot Name="N/A">N/A</ScreenShot><Result>PASS</Result></LowLevelInfo></Step><Step Number="25"><LowLevelInfo><StepID>25</StepID><Description>Not Given button is enabled by default under the Care Advice tab for Appetite Problem</Description><StepExecutedTime>11:32:31 PM</StepExecutedTime><ScreenShot Name="N/A">N/A</ScreenShot><Result>PASS</Result></LowLevelInfo></Step><Step Number="26"><LowLevelInfo><StepID>26</StepID><Description>Advice Given button is enabled by default under the Call Back Advice tab for Appetite Problem</Description><StepExecutedTime>11:32:35 PM</StepExecutedTime><ScreenShot Name="N/A">N/A</ScreenShot><Result>PASS</Result></LowLevelInfo></Step><TestCaseDescription>Test case to validate the advice given/ not given for other complaints while completing assessment.</TestCaseDescription><Result>PASS</Result><EndTime>11:32:39 PM</EndTime></TestCase><TestCase StartTime="11:32:39 PM" ModuleName="ODY_6799"><TestCaseName>ODY_6799</TestCaseName><Step Number="1"><LowLevelInfo><StepID>1</StepID><Description>Pass to Clinician button is disabled by default without selecting response to Advice</Description><StepExecutedTime>11:35:04 PM</StepExecutedTime><ScreenShot Name="N/A">N/A</ScreenShot><Result>PASS</Result></LowLevelInfo></Step><Step Number="2"><LowLevelInfo><StepID>2</StepID><Description>Worsening Statement MODE is displaying under the Call Back Advice tab for Thirst protocol</Description><StepExecutedTime>11:35:11 PM</StepExecutedTime><ScreenShot Name="N/A">N/A</ScreenShot><Result>PASS</Result></LowLevelInfo></Step><Step Number="3"><LowLevelInfo><StepID>3</StepID><Description>Not Given button is enabled by default under the Call Back Advice tab</Description><StepExecutedTime>11:35:16 PM</StepExecutedTime><ScreenShot Name="N/A">N/A</ScreenShot><Result>PASS</Result></LowLevelInfo></Step><Step Number="4"><LowLevelInfo><StepID>4</StepID><Description>Advice Given button is enabled by default under the Call Back Advice tab</Description><StepExecutedTime>11:35:20 PM</StepExecutedTime><ScreenShot Name="N/A">N/A</ScreenShot><Result>PASS</Result></LowLevelInfo></Step><Step Number="5"><LowLevelInfo><StepID>5</StepID><Description>Not Given button remains enabled after click on Not Given</Description><StepExecutedTime>11:35:29 PM</StepExecutedTime><ScreenShot Name="N/A">N/A</ScreenShot><Result>PASS</Result></LowLevelInfo></Step><Step Number="6"><LowLevelInfo><StepID>6</StepID><Description>Worsening Statement MODE is displaying under the Call Back Advice tab for Thirst protocol</Description><StepExecutedTime>11:35:33 PM</StepExecutedTime><ScreenShot Name="N/A">N/A</ScreenShot><Result>PASS</Result></LowLevelInfo></Step><Step Number="7"><LowLevelInfo><StepID>7</StepID><Description>Not Given button is enabled by default under the Call Back Advice tab</Description><StepExecutedTime>11:35:37 PM</StepExecutedTime><ScreenShot Name="N/A">N/A</ScreenShot><Result>PASS</Result></LowLevelInfo></Step><Step Number="8"><LowLevelInfo><StepID>8</StepID><Description>Advice Given button is enabled by default under the Call Back Advice tab</Description><StepExecutedTime>11:35:41 PM</StepExecutedTime><ScreenShot Name="N/A">N/A</ScreenShot><Result>PASS</Result></LowLevelInfo></Step><Step Number="9"><LowLevelInfo><StepID>9</StepID><Description>Not Given button remains enabled after click on Not Given</Description><StepExecutedTime>11:35:50 PM</StepExecutedTime><ScreenShot Name="N/A">N/A</ScreenShot><Result>PASS</Result></LowLevelInfo></Step><Step Number="10"><LowLevelInfo><StepID>10</StepID><Description>Pass to Clinician button remains disabled after providing response for additional protocol Thirst</Description><StepExecutedTime>11:35:53 PM</StepExecutedTime><ScreenShot Name="N/A">N/A</ScreenShot><Result>PASS</Result></LowLevelInfo></Step><Step Number="11"><LowLevelInfo><StepID>11</StepID><Description>Pass to Clinician button is enabled after providing response for presenting complaint Unwell</Description><StepExecutedTime>11:36:12 PM</StepExecutedTime><ScreenShot Name="N/A">N/A</ScreenShot><Result>PASS</Result></LowLevelInfo></Step><Step Number="12"><LowLevelInfo><StepID>12</StepID><Description>Pass to Clinician button is disabled again after review assessment</Description><StepExecutedTime>11:36:30 PM</StepExecutedTime><ScreenShot Name="N/A">N/A</ScreenShot><Result>PASS</Result></LowLevelInfo></Step><Step Number="13"><LowLevelInfo><StepID>13</StepID><Description>Pass to Clinician button is enabled after providing response for presenting complaint Unwell</Description><StepExecutedTime>11:36:47 PM</StepExecutedTime><ScreenShot Name="N/A">N/A</ScreenShot><Result>PASS</Result></LowLevelInfo></Step><Step Number="14"><LowLevelInfo><StepID>14</StepID><Description>Worsening Statement MODE is displaying under the Call Back Advice tab for Thirst protocol</Description><StepExecutedTime>11:36:54 PM</StepExecutedTime><ScreenShot Name="N/A">N/A</ScreenShot><Result>PASS</Result></LowLevelInfo></Step><Step Number="15"><LowLevelInfo><StepID>15</StepID><Description>Not Given button is reset and enabled by default under the Call Back Advice tab</Description><StepExecutedTime>11:36:58 PM</StepExecutedTime><ScreenShot Name="N/A">N/A</ScreenShot><Result>PASS</Result></LowLevelInfo></Step><Step Number="16"><LowLevelInfo><StepID>16</StepID><Description>Advice Given button is reset and enabled by default under the Call Back Advice tab</Description><StepExecutedTime>11:37:03 PM</StepExecutedTime><ScreenShot Name="N/A">N/A</ScreenShot><Result>PASS</Result></LowLevelInfo></Step><Step Number="17"><LowLevelInfo><StepID>17</StepID><Description>Advice Given button remains enabled after click on Not Given</Description><StepExecutedTime>11:37:11 PM</StepExecutedTime><ScreenShot Name="N/A">N/A</ScreenShot><Result>PASS</Result></LowLevelInfo></Step><TestCaseDescription>Test case to validate the advice given/ not given for other complaints while passing assessment to Clinician.</TestCaseDescription><Result>PASS</Result><EndTime>11:37:25 PM</EndTime></TestCase><TestCase StartTime="11:37:25 PM" ModuleName="ODY_6493"><TestCaseName>ODY_6493</TestCaseName><Step Number="1"><LowLevelInfo><StepID>1</StepID><Description>Email Advice btn is displaying  and enabled to send care advice through email</Description><StepExecutedTime>11:39:26 PM</StepExecutedTime><ScreenShot Name="N/A">N/A</ScreenShot><Result>PASS</Result></LowLevelInfo></Step><Step Number="2"><LowLevelInfo><StepID>2</StepID><Description>Email Advice Overlay is displayed on click of Email Advice button in the Summary scrreen</Description><StepExecutedTime>11:39:30 PM</StepExecutedTime><ScreenShot Name="N/A">N/A</ScreenShot><Result>PASS</Result></LowLevelInfo></Step><Step Number="3"><LowLevelInfo><StepID>3</StepID><Description>Confirmation label I have confirmed the email address with the caller is displayed in Email Advice Overlay</Description><StepExecutedTime>11:39:34 PM</StepExecutedTime><ScreenShot Name="N/A">N/A</ScreenShot><Result>PASS</Result></LowLevelInfo></Step><Step Number="4"><LowLevelInfo><StepID>4</StepID><Description>Label Care Advice to Include is displayed in Email Advice Overlay</Description><StepExecutedTime>11:39:37 PM</StepExecutedTime><ScreenShot Name="N/A">N/A</ScreenShot><Result>PASS</Result></LowLevelInfo></Step><Step Number="5"><LowLevelInfo><StepID>5</StepID><Description>Label Patient Information Leaflets to Include is displayed in Email Advice Overlay</Description><StepExecutedTime>11:39:41 PM</StepExecutedTime><ScreenShot Name="N/A">N/A</ScreenShot><Result>PASS</Result></LowLevelInfo></Step><Step Number="6"><LowLevelInfo><StepID>6</StepID><Description>By default Send Email button will be disabled in Email Advice Overlay</Description><StepExecutedTime>11:39:43 PM</StepExecutedTime><ScreenShot Name="N/A">N/A</ScreenShot><Result>PASS</Result></LowLevelInfo></Step><Step Number="7"><LowLevelInfo><StepID>7</StepID><Description>By default Return to call button will be enabled in Email Advice Overlay</Description><StepExecutedTime>11:39:46 PM</StepExecutedTime><ScreenShot Name="N/A">N/A</ScreenShot><Result>PASS</Result></LowLevelInfo></Step><Step Number="8"><LowLevelInfo><StepID>8</StepID><Description>Unwell is displayed as protocol to be selected in Email Advice Overlay</Description><StepExecutedTime>11:39:50 PM</StepExecutedTime><ScreenShot Name="N/A">N/A</ScreenShot><Result>PASS</Result></LowLevelInfo></Step><Step Number="9"><LowLevelInfo><StepID>9</StepID><Description>Thirst is displayed as protocol to be selected in Email Advice Overlay</Description><StepExecutedTime>11:39:54 PM</StepExecutedTime><ScreenShot Name="N/A">N/A</ScreenShot><Result>PASS</Result></LowLevelInfo></Step><Step Number="10"><LowLevelInfo><StepID>10</StepID><Description>Email Advice Overlay is closed on click of Return to call button in the overlay</Description><StepExecutedTime>11:39:58 PM</StepExecutedTime><ScreenShot Name="N/A">N/A</ScreenShot><Result>PASS</Result></LowLevelInfo></Step><Step Number="11"><LowLevelInfo><StepID>11</StepID><Description>Email Advice Overlay is displayed on click of Email Advice button in the Summary scrreen</Description><StepExecutedTime>11:40:02 PM</StepExecutedTime><ScreenShot Name="N/A">N/A</ScreenShot><Result>PASS</Result></LowLevelInfo></Step><Step Number="12"><LowLevelInfo><StepID>12</StepID><Description>Send Email button remain disabled without providing all mandatory details in Email Advice Overlay</Description><StepExecutedTime>11:40:11 PM</StepExecutedTime><ScreenShot Name="N/A">N/A</ScreenShot><Result>PASS</Result></LowLevelInfo></Step><Step Number="13"><LowLevelInfo><StepID>13</StepID><Description>Send Email button remain disabled without providing valid email in Email Advice Overlay</Description><StepExecutedTime>11:40:16 PM</StepExecutedTime><ScreenShot Name="N/A">N/A</ScreenShot><Result>PASS</Result></LowLevelInfo></Step><Step Number="14"><LowLevelInfo><StepID>14</StepID><Description>Send Email button is enabled after providing all mandatory details in Email Advice Overlay</Description><StepExecutedTime>11:40:21 PM</StepExecutedTime><ScreenShot Name="N/A">N/A</ScreenShot><Result>PASS</Result></LowLevelInfo></Step><Step Number="15"><LowLevelInfo><StepID>15</StepID><Description>Email Advice Overlay is closed on click of Send  Email button in the Summary scrreen</Description><StepExecutedTime>11:40:28 PM</StepExecutedTime><ScreenShot Name="N/A">N/A</ScreenShot><Result>PASS</Result></LowLevelInfo></Step><Step Number="16"><LowLevelInfo><StepID>16</StepID><Description>Audit is logged in database with all the details for care advice mail being sent</Description><StepExecutedTime>11:40:42 PM</StepExecutedTime><ScreenShot Name="N/A">N/A</ScreenShot><Result>PASS</Result></LowLevelInfo></Step><TestCaseDescription>Validate that care advice email overlay is displayed in Summary screen for FirstCall user.</TestCaseDescription><Result>PASS</Result><EndTime>11:40:58 PM</EndTime></TestCase><TestCase StartTime="11:40:58 PM" ModuleName="ODY_5445"><TestCaseName>ODY_5445</TestCaseName><Step Number="1"><LowLevelInfo><StepID>1</StepID><Description>7.410 old content version is available for admin and selected</Description><StepExecutedTime>11:41:34 PM</StepExecutedTime><ScreenShot Name="N/A">N/A</ScreenShot><Result>PASS</Result></LowLevelInfo></Step><Step Number="2"><LowLevelInfo><StepID>2</StepID><Description>XML screen is displaying on clicking Pass to Nursel button</Description><StepExecutedTime>11:43:26 PM</StepExecutedTime><ScreenShot Name="N/A">N/A</ScreenShot><Result>PASS</Result></LowLevelInfo></Step><Step Number="3"><LowLevelInfo><StepID>3</StepID><Description>7.450 latest content version is available for admin and selected</Description><StepExecutedTime>11:43:57 PM</StepExecutedTime><ScreenShot Name="N/A">N/A</ScreenShot><Result>PASS</Result></LowLevelInfo></Step><Step Number="4"><LowLevelInfo><StepID>4</StepID><Description>Triage Screen is displaying on clicking of continue button</Description><StepExecutedTime>11:45:22 PM</StepExecutedTime><ScreenShot Name="N/A">N/A</ScreenShot><Result>PASS</Result></LowLevelInfo></Step><Step Number="5"><LowLevelInfo><StepID>5</StepID><Description>Life Event question and Relationship problem answers under Suicidal protocol are displaying in triage screen</Description><StepExecutedTime>11:45:24 PM</StepExecutedTime><ScreenShot Name="N/A">N/A</ScreenShot><Result>PASS</Result></LowLevelInfo></Step><Step Number="6"><LowLevelInfo><StepID>6</StepID><Description>Substance Abuse question and Drugs answers under Suicidal protocol are displaying in triage screen</Description><StepExecutedTime>11:45:26 PM</StepExecutedTime><ScreenShot Name="N/A">N/A</ScreenShot><Result>PASS</Result></LowLevelInfo></Step><Step Number="7"><LowLevelInfo><StepID>7</StepID><Description>Summary screen is displayed on click of Continue to summary screen</Description><StepExecutedTime>11:45:32 PM</StepExecutedTime><ScreenShot Name="N/A">N/A</ScreenShot><Result>PASS</Result></LowLevelInfo></Step><Step Number="8"><LowLevelInfo><StepID>8</StepID><Description>XML screen is loading after completing assessment by clinician</Description><StepExecutedTime>11:45:43 PM</StepExecutedTime><ScreenShot Name="N/A">N/A</ScreenShot><Result>PASS</Result></LowLevelInfo></Step><TestCaseDescription>Validate that clinician is able to complete assessment passed by call handler created using different content version.</TestCaseDescription><Result>PASS</Result><EndTime>11:45:46 PM</EndTime></TestCase><TestCase StartTime="11:45:46 PM" ModuleName="ODY_9492"><TestCaseName>ODY_9492</TestCaseName><Step Number="1"><LowLevelInfo><StepID>1</StepID><Description>Show Temperature in centigrade and fahrenheit on setting is visible under Site Settings section</Description><StepExecutedTime>11:46:11 PM</StepExecutedTime><ScreenShot Name="N/A">N/A</ScreenShot><Result>PASS</Result></LowLevelInfo></Step><Step Number="2"><LowLevelInfo><StepID>2</StepID><Description>5-10 kg (11lb-1st.8lb) remain selected for Weight Lost</Description><StepExecutedTime>11:47:35 PM</StepExecutedTime><ScreenShot Name="N/A">N/A</ScreenShot><Result>PASS</Result></LowLevelInfo></Step><Step Number="3"><LowLevelInfo><StepID>3</StepID><Description>37.3-38.0C (99.1-100.4F)  answer is displaying.</Description><StepExecutedTime>11:47:37 PM</StepExecutedTime><ScreenShot Name="N/A">N/A</ScreenShot><Result>PASS</Result></LowLevelInfo></Step><Step Number="4"><LowLevelInfo><StepID>4</StepID><Description>Show Temperature in centigrade and fahrenheit on setting is visible under Site Settings section</Description><StepExecutedTime>11:48:13 PM</StepExecutedTime><ScreenShot Name="N/A">N/A</ScreenShot><Result>PASS</Result></LowLevelInfo></Step><Step Number="5"><LowLevelInfo><StepID>5</StepID><Description>71-90kg  remain selected for Weight Lost</Description><StepExecutedTime>11:49:36 PM</StepExecutedTime><ScreenShot Name="N/A">N/A</ScreenShot><Result>PASS</Result></LowLevelInfo></Step><Step Number="6"><LowLevelInfo><StepID>6</StepID><Description>37.3-38.0C   answer is displaying.</Description><StepExecutedTime>11:49:38 PM</StepExecutedTime><ScreenShot Name="N/A">N/A</ScreenShot><Result>PASS</Result></LowLevelInfo></Step><TestCaseDescription>Test case to validate the Temperature answer is not displaying in Fahrenheit in triage screen and clinical summary report.</TestCaseDescription><Result>PASS</Result><EndTime>11:49:42 PM</EndTime></TestCase><TestCase StartTime="11:49:42 PM" ModuleName="ODY_10538"><TestCaseName>ODY_10538</TestCaseName><Step Number="1"><LowLevelInfo><StepID>1</StepID><Description>Question with answer in purple colour is displayed in purple and at the top of other questions</Description><StepExecutedTime>11:50:39 PM</StepExecutedTime><ScreenShot Name="N/A">N/A</ScreenShot><Result>PASS</Result></LowLevelInfo></Step><Step Number="2"><LowLevelInfo><StepID>2</StepID><Description>Action Required 20 minute clinician call back is displaying at the bottom of the screen</Description><StepExecutedTime>11:50:47 PM</StepExecutedTime><ScreenShot Name="N/A">N/A</ScreenShot><Result>PASS</Result></LowLevelInfo></Step><Step Number="3"><LowLevelInfo><StepID>3</StepID><Description>Recommended transferring this call to a clinician now message box is displaying</Description><StepExecutedTime>11:50:54 PM</StepExecutedTime><ScreenShot Name="N/A">N/A</ScreenShot><Result>PASS</Result></LowLevelInfo></Step><Step Number="4"><LowLevelInfo><StepID>4</StepID><Description>Continue button is available and enabled</Description><StepExecutedTime>11:50:56 PM</StepExecutedTime><ScreenShot Name="N/A">N/A</ScreenShot><Result>PASS</Result></LowLevelInfo></Step><Step Number="5"><LowLevelInfo><StepID>5</StepID><Description>Go Back button is available and enabled</Description><StepExecutedTime>11:50:57 PM</StepExecutedTime><ScreenShot Name="N/A">N/A</ScreenShot><Result>PASS</Result></LowLevelInfo></Step><Step Number="6"><LowLevelInfo><StepID>6</StepID><Description>Default screen is displaying on cliking Pass to clinician button</Description><StepExecutedTime>11:51:20 PM</StepExecutedTime><ScreenShot Name="N/A">N/A</ScreenShot><Result>PASS</Result></LowLevelInfo></Step><TestCaseDescription>Validate that IMM1 message is not displayed till all EMER questions are answered in 1st screen.</TestCaseDescription><Result>PASS</Result><EndTime>11:51:24 PM</EndTime></TestCase><TestCase StartTime="11:51:24 PM" ModuleName="ODY_10556"><TestCaseName>ODY_10556</TestCaseName><Step Number="1"><LowLevelInfo><StepID>1</StepID><Description>Question with answer in purple colour is displayed in purple and at the top of other questions</Description><StepExecutedTime>11:52:23 PM</StepExecutedTime><ScreenShot Name="N/A">N/A</ScreenShot><Result>PASS</Result></LowLevelInfo></Step><Step Number="2"><LowLevelInfo><StepID>2</StepID><Description>Action Required 20 minute clinician call back is displaying at the bottom of the screen</Description><StepExecutedTime>11:52:32 PM</StepExecutedTime><ScreenShot Name="N/A">N/A</ScreenShot><Result>PASS</Result></LowLevelInfo></Step><Step Number="3"><LowLevelInfo><StepID>3</StepID><Description>All Question with answer in purple colour is displayed in purple and at the top of other questions for multiple question set</Description><StepExecutedTime>11:52:35 PM</StepExecutedTime><ScreenShot Name="N/A">N/A</ScreenShot><Result>PASS</Result></LowLevelInfo></Step><Step Number="4"><LowLevelInfo><StepID>4</StepID><Description>Recommended transferring this call to a clinician now message box is displaying</Description><StepExecutedTime>11:52:49 PM</StepExecutedTime><ScreenShot Name="N/A">N/A</ScreenShot><Result>PASS</Result></LowLevelInfo></Step><Step Number="5"><LowLevelInfo><StepID>5</StepID><Description>Continue button is available and enabled</Description><StepExecutedTime>11:52:50 PM</StepExecutedTime><ScreenShot Name="N/A">N/A</ScreenShot><Result>PASS</Result></LowLevelInfo></Step><Step Number="6"><LowLevelInfo><StepID>6</StepID><Description>Go Back button is available and enabled</Description><StepExecutedTime>11:52:52 PM</StepExecutedTime><ScreenShot Name="N/A">N/A</ScreenShot><Result>PASS</Result></LowLevelInfo></Step><Step Number="7"><LowLevelInfo><StepID>7</StepID><Description>Warm Transfer to clinician  Action required is displaying</Description><StepExecutedTime>11:52:57 PM</StepExecutedTime><ScreenShot Name="N/A">N/A</ScreenShot><Result>PASS</Result></LowLevelInfo></Step><Step Number="8"><LowLevelInfo><StepID>8</StepID><Description>Default screen is displaying on cliking Pass to clinician button</Description><StepExecutedTime>11:53:36 PM</StepExecutedTime><ScreenShot Name="N/A">N/A</ScreenShot><Result>PASS</Result></LowLevelInfo></Step><TestCaseDescription>Validate that IMM1 mssg is not displayed till all EMER questions are answered in 1st screen with multiple Ques Set.</TestCaseDescription><Result>PASS</Result><EndTime>11:53:39 PM</EndTime></TestCase><TestCase StartTime="11:53:39 PM" ModuleName="ODY_10555"><TestCaseName>ODY_10555</TestCaseName><Step Number="1"><LowLevelInfo><StepID>1</StepID><Description>Question with answer in purple colour is displayed in purple and at the top of other questions</Description><StepExecutedTime>11:54:46 PM</StepExecutedTime><ScreenShot Name="N/A">N/A</ScreenShot><Result>PASS</Result></LowLevelInfo></Step><Step Number="2"><LowLevelInfo><StepID>2</StepID><Description>Upon additional ques set opens Question with answer in purple colour is displayed in purple and at the top of other questions</Description><StepExecutedTime>11:54:54 PM</StepExecutedTime><ScreenShot Name="N/A">N/A</ScreenShot><Result>PASS</Result></LowLevelInfo></Step><Step Number="3"><LowLevelInfo><StepID>3</StepID><Description>Recommended transferring this call to a clinician now message box is displaying</Description><StepExecutedTime>11:55:05 PM</StepExecutedTime><ScreenShot Name="N/A">N/A</ScreenShot><Result>PASS</Result></LowLevelInfo></Step><Step Number="4"><LowLevelInfo><StepID>4</StepID><Description>Stops and starts displaying as ans for Nature of breathing? in the triage screen</Description><StepExecutedTime>11:56:24 PM</StepExecutedTime><ScreenShot Name="N/A">N/A</ScreenShot><Result>PASS</Result></LowLevelInfo></Step><Step Number="5"><LowLevelInfo><StepID>5</StepID><Description>Yes displaying as ans for Dry mouth/tongue in the triage screen</Description><StepExecutedTime>11:56:26 PM</StepExecutedTime><ScreenShot Name="N/A">N/A</ScreenShot><Result>PASS</Result></LowLevelInfo></Step><Step Number="6"><LowLevelInfo><StepID>6</StepID><Description>Severe shivering displaying as ans for Other Symptoms in the triage screen</Description><StepExecutedTime>11:56:28 PM</StepExecutedTime><ScreenShot Name="N/A">N/A</ScreenShot><Result>PASS</Result></LowLevelInfo></Step><Step Number="7"><LowLevelInfo><StepID>7</StepID><Description>Unsettled displaying as ans for Current State in the triage screen</Description><StepExecutedTime>11:56:30 PM</StepExecutedTime><ScreenShot Name="N/A">N/A</ScreenShot><Result>PASS</Result></LowLevelInfo></Step><TestCaseDescription>Validate that IMM1 mssg is displayed on answering last PQ which increase urgency in 1st screen with multiple Ques Set.</TestCaseDescription><Result>PASS</Result><EndTime>11:56:49 PM</EndTime></TestCase><TestCase StartTime="11:56:49 PM" ModuleName="ODY_11019"><TestCaseName>ODY_11019</TestCaseName><Step Number="1"><LowLevelInfo><StepID>1</StepID><Description>By default question is displaying in 1st person text</Description><StepExecutedTime>11:57:59 PM</StepExecutedTime><ScreenShot Name="N/A">N/A</ScreenShot><Result>PASS</Result></LowLevelInfo></Step><Step Number="2"><LowLevelInfo><StepID>2</StepID><Description>Questions of additional question set are displaying in 1st person text</Description><StepExecutedTime>11:58:07 PM</StepExecutedTime><ScreenShot Name="N/A">N/A</ScreenShot><Result>PASS</Result></LowLevelInfo></Step><Step Number="3"><LowLevelInfo><StepID>3</StepID><Description>Question is displaying in 3rd person text after questiontexttype checkbox unchecked in complaint screen</Description><StepExecutedTime>11:58:39 PM</StepExecutedTime><ScreenShot Name="N/A">N/A</ScreenShot><Result>PASS</Result></LowLevelInfo></Step><Step Number="4"><LowLevelInfo><StepID>4</StepID><Description>Questions of additional question set are displaying in 3rd person text</Description><StepExecutedTime>11:58:47 PM</StepExecutedTime><ScreenShot Name="N/A">N/A</ScreenShot><Result>PASS</Result></LowLevelInfo></Step><Step Number="5"><LowLevelInfo><StepID>5</StepID><Description>Question is displaying in 3rd person text as questiontexttype remain unchecked in complaint screen</Description><StepExecutedTime>11:59:16 PM</StepExecutedTime><ScreenShot Name="N/A">N/A</ScreenShot><Result>PASS</Result></LowLevelInfo></Step><Step Number="6"><LowLevelInfo><StepID>6</StepID><Description>Questions of additional question set are displaying in 3rd person text</Description><StepExecutedTime>11:59:23 PM</StepExecutedTime><ScreenShot Name="N/A">N/A</ScreenShot><Result>PASS</Result></LowLevelInfo></Step><Step Number="7"><LowLevelInfo><StepID>7</StepID><Description>XML screen is displaying on closing assessment in Summary screen</Description><StepExecutedTime>11:59:53 PM</StepExecutedTime><ScreenShot Name="N/A">N/A</ScreenShot><Result>PASS</Result></LowLevelInfo></Step><Step Number="8"><LowLevelInfo><StepID>8</StepID><Description>Selected Outcome is displaying in the generated XML</Description><StepExecutedTime>11:59:56 PM</StepExecutedTime><ScreenShot Name="N/A">N/A</ScreenShot><Result>PASS</Result></LowLevelInfo></Step><Step Number="9"><LowLevelInfo><StepID>9</StepID><Description>Session status is Waiting for assessment completed by Clinician</Description><StepExecutedTime>11:59:56 PM</StepExecutedTime><ScreenShot Name="N/A">N/A</ScreenShot><Result>PASS</Result></LowLevelInfo></Step><TestCaseDescription>Test case to check if correct General Condition question sets appear in Tele assess  from First call and Reception</TestCaseDescription><Result>PASS</Result><EndTime>12:00:00 AM</EndTime><EndExecutionTime>17/Feb/2023   12:00:00 AM</EndExecutionTime><TotalTimeTaken>01:12:59</TotalTimeTaken></TestCase></Root>
