<?xml-stylesheet type='text/xsl' href='DetailXmlReference/LogReport.xsl'?>
<Root><StartTime>16/Feb/2023   6:25:56 PM</StartTime><Browser>BROWSERNAME - Version: BrowserName</Browser><Module>SMOKETEST</Module><TestCase StartTime="6:25:57 PM" ModuleName="ODY_1032"><TestCaseName>ODY_1032</TestCaseName><Step Number="1"><LowLevelInfo><StepID>1</StepID><Description>Clinician is able to start assessment and complaint search screen is displayed</Description><StepExecutedTime>6:26:31 PM</StepExecutedTime><ScreenShot Name="N/A">N/A</ScreenShot><Result>PASS</Result></LowLevelInfo></Step><Step Number="2"><LowLevelInfo><StepID>2</StepID><Description>Patient full name is added in the generated XML</Description><StepExecutedTime>6:28:16 PM</StepExecutedTime><ScreenShot Name="N/A">N/A</ScreenShot><Result>PASS</Result></LowLevelInfo></Step><Step Number="3"><LowLevelInfo><StepID>3</StepID><Description>Patient Sex is added as Female in the generated XML</Description><StepExecutedTime>6:28:17 PM</StepExecutedTime><ScreenShot Name="N/A">N/A</ScreenShot><Result>PASS</Result></LowLevelInfo></Step><Step Number="4"><LowLevelInfo><StepID>4</StepID><Description>Patient DOB is added in the generated XML</Description><StepExecutedTime>6:28:18 PM</StepExecutedTime><ScreenShot Name="N/A">N/A</ScreenShot><Result>PASS</Result></LowLevelInfo></Step><Step Number="5"><LowLevelInfo><StepID>5</StepID><Description>Presenting Complaint is Knee injury in the generated XML</Description><StepExecutedTime>6:28:19 PM</StepExecutedTime><ScreenShot Name="N/A">N/A</ScreenShot><Result>PASS</Result></LowLevelInfo></Step><Step Number="6"><LowLevelInfo><StepID>6</StepID><Description>SessionType is Clinical in the generated XML</Description><StepExecutedTime>6:28:20 PM</StepExecutedTime><ScreenShot Name="N/A">N/A</ScreenShot><Result>PASS</Result></LowLevelInfo></Step><Step Number="7"><LowLevelInfo><StepID>7</StepID><Description>SessionStatus is Closed in the generated XML</Description><StepExecutedTime>6:28:21 PM</StepExecutedTime><ScreenShot Name="N/A">N/A</ScreenShot><Result>PASS</Result></LowLevelInfo></Step><Step Number="8"><LowLevelInfo><StepID>8</StepID><Description>RecommendedUrgencyMessage is face to face assessment within 2 hours in the generated XML</Description><StepExecutedTime>6:28:22 PM</StepExecutedTime><ScreenShot Name="N/A">N/A</ScreenShot><Result>PASS</Result></LowLevelInfo></Step><Step Number="9"><LowLevelInfo><StepID>9</StepID><Description>RecommendedUrgencyCode is IMM2 in the generated XML</Description><StepExecutedTime>6:28:23 PM</StepExecutedTime><ScreenShot Name="N/A">N/A</ScreenShot><Result>PASS</Result></LowLevelInfo></Step><Step Number="10"><LowLevelInfo><StepID>10</StepID><Description>SelectedUrgencyMessage is face to face assessment within 2 hours in the generated XML</Description><StepExecutedTime>6:28:24 PM</StepExecutedTime><ScreenShot Name="N/A">N/A</ScreenShot><Result>PASS</Result></LowLevelInfo></Step><Step Number="11"><LowLevelInfo><StepID>11</StepID><Description>SelectedUrgencyCode is IMM2 in the generated XML</Description><StepExecutedTime>6:28:25 PM</StepExecutedTime><ScreenShot Name="N/A">N/A</ScreenShot><Result>PASS</Result></LowLevelInfo></Step><Step Number="12"><LowLevelInfo><StepID>12</StepID><Description>SelectedOutcome as Test Outcome is added in the generated XML</Description><StepExecutedTime>6:28:26 PM</StepExecutedTime><ScreenShot Name="N/A">N/A</ScreenShot><Result>PASS</Result></LowLevelInfo></Step><Step Number="13"><LowLevelInfo><StepID>13</StepID><Description>ClinicalContentVersion details is added in the generated XML</Description><StepExecutedTime>6:28:28 PM</StepExecutedTime><ScreenShot Name="N/A">N/A</ScreenShot><Result>PASS</Result></LowLevelInfo></Step><TestCaseDescription>InProcess-Clinician-To check that clinician is able to complete assessment after providing all the necessary details.</TestCaseDescription><Result>PASS</Result><EndTime>6:28:30 PM</EndTime></TestCase><TestCase StartTime="6:28:30 PM" ModuleName="ODY_1004"><TestCaseName>ODY_1004</TestCaseName><Step Number="1"><LowLevelInfo><StepID>1</StepID><Description>Add Question Set popup is showing on clicking Add Questionset Link</Description><StepExecutedTime>6:29:09 PM</StepExecutedTime><ScreenShot Name="N/A">N/A</ScreenShot><Result>PASS</Result></LowLevelInfo></Step><Step Number="2"><LowLevelInfo><StepID>2</StepID><Description>Cold/flu protocol is added for the assessment</Description><StepExecutedTime>6:29:15 PM</StepExecutedTime><ScreenShot Name="N/A">N/A</ScreenShot><Result>PASS</Result></LowLevelInfo></Step><Step Number="3"><LowLevelInfo><StepID>3</StepID><Description>XML screen is displaying on clicking Pause assessment link in Summary screen</Description><StepExecutedTime>6:29:24 PM</StepExecutedTime><ScreenShot Name="N/A">N/A</ScreenShot><Result>PASS</Result></LowLevelInfo></Step><Step Number="4"><LowLevelInfo><StepID>4</StepID><Description>Assessment State is displaying as Paused in the XML screen</Description><StepExecutedTime>6:29:25 PM</StepExecutedTime><ScreenShot Name="N/A">N/A</ScreenShot><Result>PASS</Result></LowLevelInfo></Step><Step Number="5"><LowLevelInfo><StepID>5</StepID><Description>Yes: Dark/old blood displaying for Post op bleed now in the right side of the screen</Description><StepExecutedTime>6:29:54 PM</StepExecutedTime><ScreenShot Name="N/A">N/A</ScreenShot><Result>PASS</Result></LowLevelInfo></Step><Step Number="6"><LowLevelInfo><StepID>6</StepID><Description>Mild displaying for Neck Stiffness in the right side of the screen</Description><StepExecutedTime>6:29:55 PM</StepExecutedTime><ScreenShot Name="N/A">N/A</ScreenShot><Result>PASS</Result></LowLevelInfo></Step><Step Number="7"><LowLevelInfo><StepID>7</StepID><Description>Assessment State is displaying as Closed in the XML screen</Description><StepExecutedTime>6:30:06 PM</StepExecutedTime><ScreenShot Name="N/A">N/A</ScreenShot><Result>PASS</Result></LowLevelInfo></Step><Step Number="8"><LowLevelInfo><StepID>8</StepID><Description>PresentingComplaint State is selected as Recent operation in the XML screen</Description><StepExecutedTime>6:30:07 PM</StepExecutedTime><ScreenShot Name="N/A">N/A</ScreenShot><Result>PASS</Result></LowLevelInfo></Step><Step Number="9"><LowLevelInfo><StepID>9</StepID><Description>Recommendation is selected as face to face assessment within 24 hours in the XML screen</Description><StepExecutedTime>6:30:08 PM</StepExecutedTime><ScreenShot Name="N/A">N/A</ScreenShot><Result>PASS</Result></LowLevelInfo></Step><Step Number="10"><LowLevelInfo><StepID>10</StepID><Description>SelectedUrgencyCode is selected as MODE in the XML screen</Description><StepExecutedTime>6:30:09 PM</StepExecutedTime><ScreenShot Name="N/A">N/A</ScreenShot><Result>PASS</Result></LowLevelInfo></Step><Step Number="11"><LowLevelInfo><StepID>11</StepID><Description>SelectedUrgency is selected as face to face assessment within 24 hours in the XML screen</Description><StepExecutedTime>6:30:10 PM</StepExecutedTime><ScreenShot Name="N/A">N/A</ScreenShot><Result>PASS</Result></LowLevelInfo></Step><TestCaseDescription>InProcess-Clinician-To check that add question set and pause functionality is working for any assessment</TestCaseDescription><Result>PASS</Result><EndTime>6:30:12 PM</EndTime></TestCase><TestCase StartTime="6:30:12 PM" ModuleName="ODY_1011"><TestCaseName>ODY_1011</TestCaseName><Step Number="1"><LowLevelInfo><StepID>1</StepID><Description>Close assessment layout is displaying on clicking the close assessment link on assessment screen</Description><StepExecutedTime>6:30:51 PM</StepExecutedTime><ScreenShot Name="N/A">N/A</ScreenShot><Result>PASS</Result></LowLevelInfo></Step><Step Number="2"><LowLevelInfo><StepID>2</StepID><Description>Other option in available in Reason for close assessment Combobox</Description><StepExecutedTime>6:30:53 PM</StepExecutedTime><ScreenShot Name="N/A">N/A</ScreenShot><Result>PASS</Result></LowLevelInfo></Step><Step Number="3"><LowLevelInfo><StepID>3</StepID><Description>Summary screen is displaying on clicking Close assessment Button</Description><StepExecutedTime>6:30:56 PM</StepExecutedTime><ScreenShot Name="N/A">N/A</ScreenShot><Result>PASS</Result></LowLevelInfo></Step><Step Number="4"><LowLevelInfo><StepID>4</StepID><Description>Closed: Hoxed is displaying in the patient OutCome</Description><StepExecutedTime>6:30:57 PM</StepExecutedTime><ScreenShot Name="N/A">N/A</ScreenShot><Result>PASS</Result></LowLevelInfo></Step><Step Number="5"><LowLevelInfo><StepID>5</StepID><Description>XML screen is displaying on clicking Complete button in Summary screen</Description><StepExecutedTime>6:31:02 PM</StepExecutedTime><ScreenShot Name="N/A">N/A</ScreenShot><Result>PASS</Result></LowLevelInfo></Step><Step Number="6"><LowLevelInfo><StepID>6</StepID><Description>Assessment State is displaying as Ended in the XML screen</Description><StepExecutedTime>6:31:03 PM</StepExecutedTime><ScreenShot Name="N/A">N/A</ScreenShot><Result>PASS</Result></LowLevelInfo></Step><Step Number="7"><LowLevelInfo><StepID>7</StepID><Description>PresentingComplaint State is selected as Knee Injury in the XML screen</Description><StepExecutedTime>6:31:05 PM</StepExecutedTime><ScreenShot Name="N/A">N/A</ScreenShot><Result>PASS</Result></LowLevelInfo></Step><Step Number="8"><LowLevelInfo><StepID>8</StepID><Description>PatientOutcome is displaying as Closed: Hoax in the XML screen</Description><StepExecutedTime>6:31:06 PM</StepExecutedTime><ScreenShot Name="N/A">N/A</ScreenShot><Result>PASS</Result></LowLevelInfo></Step><Step Number="9"><LowLevelInfo><StepID>9</StepID><Description>Gender is Female in the generated XML</Description><StepExecutedTime>6:31:07 PM</StepExecutedTime><ScreenShot Name="N/A">N/A</ScreenShot><Result>PASS</Result></LowLevelInfo></Step><Step Number="10"><LowLevelInfo><StepID>10</StepID><Description>Presenting Complaint is Knee Injury in the generated XML</Description><StepExecutedTime>6:31:08 PM</StepExecutedTime><ScreenShot Name="N/A">N/A</ScreenShot><Result>PASS</Result></LowLevelInfo></Step><Step Number="11"><LowLevelInfo><StepID>11</StepID><Description>SessionStatus is Ended in the generated XML</Description><StepExecutedTime>6:31:09 PM</StepExecutedTime><ScreenShot Name="N/A">N/A</ScreenShot><Result>PASS</Result></LowLevelInfo></Step><Step Number="12"><LowLevelInfo><StepID>12</StepID><Description>SessionType is Clinical in the generated XML</Description><StepExecutedTime>6:31:10 PM</StepExecutedTime><ScreenShot Name="N/A">N/A</ScreenShot><Result>PASS</Result></LowLevelInfo></Step><Step Number="13"><LowLevelInfo><StepID>13</StepID><Description>SelectedOutcome is Closed: Hoax in the generated XML</Description><StepExecutedTime>6:31:11 PM</StepExecutedTime><ScreenShot Name="N/A">N/A</ScreenShot><Result>PASS</Result></LowLevelInfo></Step><Step Number="14"><LowLevelInfo><StepID>14</StepID><Description>RecommendedUrgencyMessage is blank in the generated XML</Description><StepExecutedTime>6:31:12 PM</StepExecutedTime><ScreenShot Name="N/A">N/A</ScreenShot><Result>PASS</Result></LowLevelInfo></Step><Step Number="15"><LowLevelInfo><StepID>15</StepID><Description>RecommendedUrgencyCode is blank in the generated XML</Description><StepExecutedTime>6:31:13 PM</StepExecutedTime><ScreenShot Name="N/A">N/A</ScreenShot><Result>PASS</Result></LowLevelInfo></Step><Step Number="16"><LowLevelInfo><StepID>16</StepID><Description>SelectedUrgencyMessage is blank in the generated XML</Description><StepExecutedTime>6:31:14 PM</StepExecutedTime><ScreenShot Name="N/A">N/A</ScreenShot><Result>PASS</Result></LowLevelInfo></Step><Step Number="17"><LowLevelInfo><StepID>17</StepID><Description>SelectedUrgencyCode is blank in the generated XML</Description><StepExecutedTime>6:31:16 PM</StepExecutedTime><ScreenShot Name="N/A">N/A</ScreenShot><Result>PASS</Result></LowLevelInfo></Step><TestCaseDescription>Inprocess-Clinician-To Check Close Assessment option available on the LHS of the Assessment screen in InProcess</TestCaseDescription><Result>PASS</Result><EndTime>6:31:19 PM</EndTime></TestCase><TestCase StartTime="6:31:19 PM" ModuleName="ODY_10252"><TestCaseName>ODY_10252</TestCaseName><Step Number="1"><LowLevelInfo><StepID>1</StepID><Description>XML screen is displaying on cliking Pass to clinician button</Description><StepExecutedTime>6:33:19 PM</StepExecutedTime><ScreenShot Name="N/A">N/A</ScreenShot><Result>PASS</Result></LowLevelInfo></Step><Step Number="2"><LowLevelInfo><StepID>2</StepID><Description>Patient full name is added in the generated XML</Description><StepExecutedTime>6:33:20 PM</StepExecutedTime><ScreenShot Name="N/A">N/A</ScreenShot><Result>PASS</Result></LowLevelInfo></Step><Step Number="3"><LowLevelInfo><StepID>3</StepID><Description>Patient Sex is added as Female in the generated XML</Description><StepExecutedTime>6:33:21 PM</StepExecutedTime><ScreenShot Name="N/A">N/A</ScreenShot><Result>PASS</Result></LowLevelInfo></Step><Step Number="4"><LowLevelInfo><StepID>4</StepID><Description>Patient DOB is added in the generated XML</Description><StepExecutedTime>6:33:22 PM</StepExecutedTime><ScreenShot Name="N/A">N/A</ScreenShot><Result>PASS</Result></LowLevelInfo></Step><Step Number="5"><LowLevelInfo><StepID>5</StepID><Description>Presenting Complaint is General aches in the generated XML</Description><StepExecutedTime>6:33:23 PM</StepExecutedTime><ScreenShot Name="N/A">N/A</ScreenShot><Result>PASS</Result></LowLevelInfo></Step><Step Number="6"><LowLevelInfo><StepID>6</StepID><Description>SessionType is Clinical in the generated XML</Description><StepExecutedTime>6:33:24 PM</StepExecutedTime><ScreenShot Name="N/A">N/A</ScreenShot><Result>PASS</Result></LowLevelInfo></Step><Step Number="7"><LowLevelInfo><StepID>7</StepID><Description>SessionStatus is Waiting in the generated XML</Description><StepExecutedTime>6:33:24 PM</StepExecutedTime><ScreenShot Name="N/A">N/A</ScreenShot><Result>PASS</Result></LowLevelInfo></Step><Step Number="8"><LowLevelInfo><StepID>8</StepID><Description>RecommendedUrgencyMessage is face to Clinician appointment within the next day  in the generated XML</Description><StepExecutedTime>6:33:25 PM</StepExecutedTime><ScreenShot Name="N/A">N/A</ScreenShot><Result>PASS</Result></LowLevelInfo></Step><Step Number="9"><LowLevelInfo><StepID>9</StepID><Description>RecommendedUrgencyCode is MODE in the generated XML</Description><StepExecutedTime>6:33:26 PM</StepExecutedTime><ScreenShot Name="N/A">N/A</ScreenShot><Result>PASS</Result></LowLevelInfo></Step><Step Number="10"><LowLevelInfo><StepID>10</StepID><Description>SelectedUrgencyMessage is Clinician appointment within the next day  in the generated XML</Description><StepExecutedTime>6:33:27 PM</StepExecutedTime><ScreenShot Name="N/A">N/A</ScreenShot><Result>PASS</Result></LowLevelInfo></Step><Step Number="11"><LowLevelInfo><StepID>11</StepID><Description>SelectedUrgencyCode is MODE in the generated XML</Description><StepExecutedTime>6:33:28 PM</StepExecutedTime><ScreenShot Name="N/A">N/A</ScreenShot><Result>PASS</Result></LowLevelInfo></Step><Step Number="12"><LowLevelInfo><StepID>12</StepID><Description>SelectedOutcome as Test Outcome is added in the generated XML</Description><StepExecutedTime>6:33:29 PM</StepExecutedTime><ScreenShot Name="N/A">N/A</ScreenShot><Result>PASS</Result></LowLevelInfo></Step><Step Number="13"><LowLevelInfo><StepID>13</StepID><Description>ClinicalContentVersion details is added in the generated XML</Description><StepExecutedTime>6:33:30 PM</StepExecutedTime><ScreenShot Name="N/A">N/A</ScreenShot><Result>PASS</Result></LowLevelInfo></Step><Step Number="14"><LowLevelInfo><StepID>14</StepID><Description>ContactInformation details is added in the generated XML</Description><StepExecutedTime>6:33:31 PM</StepExecutedTime><ScreenShot Name="N/A">N/A</ScreenShot><Result>PASS</Result></LowLevelInfo></Step><Step Number="15"><LowLevelInfo><StepID>15</StepID><Description>Accept patient screen is displaying on clicking pick up button from the assessment in the queue</Description><StepExecutedTime>6:33:52 PM</StepExecutedTime><ScreenShot Name="N/A">N/A</ScreenShot><Result>PASS</Result></LowLevelInfo></Step><Step Number="16"><LowLevelInfo><StepID>16</StepID><Description>The current urgency indicates that the patient be treated immediately message is displaying in assessment screen on selecting Born injury option for Skin injury</Description><StepExecutedTime>6:34:13 PM</StepExecutedTime><ScreenShot Name="N/A">N/A</ScreenShot><Result>PASS</Result></LowLevelInfo></Step><Step Number="17"><LowLevelInfo><StepID>17</StepID><Description>Triage screen is displaying on clicking yes button</Description><StepExecutedTime>6:34:33 PM</StepExecutedTime><ScreenShot Name="N/A">N/A</ScreenShot><Result>PASS</Result></LowLevelInfo></Step><Step Number="18"><LowLevelInfo><StepID>18</StepID><Description>Urgency variance text has been saved as notes</Description><StepExecutedTime>6:34:42 PM</StepExecutedTime><ScreenShot Name="N/A">N/A</ScreenShot><Result>PASS</Result></LowLevelInfo></Step><Step Number="19"><LowLevelInfo><StepID>19</StepID><Description>Patient Sex is added as Female in the generated XML</Description><StepExecutedTime>6:34:53 PM</StepExecutedTime><ScreenShot Name="N/A">N/A</ScreenShot><Result>PASS</Result></LowLevelInfo></Step><Step Number="20"><LowLevelInfo><StepID>20</StepID><Description>Patient DOB is added in the generated XML</Description><StepExecutedTime>6:34:54 PM</StepExecutedTime><ScreenShot Name="N/A">N/A</ScreenShot><Result>PASS</Result></LowLevelInfo></Step><Step Number="21"><LowLevelInfo><StepID>21</StepID><Description>Presenting Complaint is General aches in the generated XML</Description><StepExecutedTime>6:34:55 PM</StepExecutedTime><ScreenShot Name="N/A">N/A</ScreenShot><Result>PASS</Result></LowLevelInfo></Step><Step Number="22"><LowLevelInfo><StepID>22</StepID><Description>SessionType is Clinical in the generated XML</Description><StepExecutedTime>6:34:56 PM</StepExecutedTime><ScreenShot Name="N/A">N/A</ScreenShot><Result>PASS</Result></LowLevelInfo></Step><Step Number="23"><LowLevelInfo><StepID>23</StepID><Description>SessionStatus is Closed in the generated XML</Description><StepExecutedTime>6:34:57 PM</StepExecutedTime><ScreenShot Name="N/A">N/A</ScreenShot><Result>PASS</Result></LowLevelInfo></Step><Step Number="24"><LowLevelInfo><StepID>24</StepID><Description>RecommendedUrgencyMessage is face to face assessment Now in the generated XML</Description><StepExecutedTime>6:34:58 PM</StepExecutedTime><ScreenShot Name="N/A">N/A</ScreenShot><Result>PASS</Result></LowLevelInfo></Step><Step Number="25"><LowLevelInfo><StepID>25</StepID><Description>RecommendedUrgencyCode is IMM1 in the generated XML</Description><StepExecutedTime>6:34:58 PM</StepExecutedTime><ScreenShot Name="N/A">N/A</ScreenShot><Result>PASS</Result></LowLevelInfo></Step><Step Number="26"><LowLevelInfo><StepID>26</StepID><Description>SelectedUrgencyMessage is Emergency Ambulance in the generated XML</Description><StepExecutedTime>6:34:59 PM</StepExecutedTime><ScreenShot Name="N/A">N/A</ScreenShot><Result>PASS</Result></LowLevelInfo></Step><Step Number="27"><LowLevelInfo><StepID>27</StepID><Description>SelectedUrgencyCode is EMER in the generated XML</Description><StepExecutedTime>6:35:00 PM</StepExecutedTime><ScreenShot Name="N/A">N/A</ScreenShot><Result>PASS</Result></LowLevelInfo></Step><Step Number="28"><LowLevelInfo><StepID>28</StepID><Description>SelectedOutcome as Test Outcome is added in the generated XML</Description><StepExecutedTime>6:35:01 PM</StepExecutedTime><ScreenShot Name="N/A">N/A</ScreenShot><Result>PASS</Result></LowLevelInfo></Step><Step Number="29"><LowLevelInfo><StepID>29</StepID><Description>ClinicalContentVersion details is added in the generated XML</Description><StepExecutedTime>6:35:02 PM</StepExecutedTime><ScreenShot Name="N/A">N/A</ScreenShot><Result>PASS</Result></LowLevelInfo></Step><Step Number="30"><LowLevelInfo><StepID>30</StepID><Description>UrgencyVariationReason details is added in the generated XML</Description><StepExecutedTime>6:35:03 PM</StepExecutedTime><ScreenShot Name="N/A">N/A</ScreenShot><Result>PASS</Result></LowLevelInfo></Step><TestCaseDescription>InProcess-Clinician-Validate that clinician is able to pick assessment and complete it which is transferred by CallHandler.</TestCaseDescription><Result>PASS</Result><EndTime>6:35:06 PM</EndTime></TestCase><TestCase StartTime="6:35:06 PM" ModuleName="ODY_1533A"><TestCaseName>ODY_1533A</TestCaseName><Step Number="1"><LowLevelInfo><StepID>1</StepID><Description>Summary screen is displayed on answering all the question</Description><StepExecutedTime>6:36:26 PM</StepExecutedTime><ScreenShot Name="N/A">N/A</ScreenShot><Result>PASS</Result></LowLevelInfo></Step><Step Number="2"><LowLevelInfo><StepID>2</StepID><Description>Patient full name is added in the generated XML</Description><StepExecutedTime>6:36:47 PM</StepExecutedTime><ScreenShot Name="N/A">N/A</ScreenShot><Result>PASS</Result></LowLevelInfo></Step><Step Number="3"><LowLevelInfo><StepID>3</StepID><Description>Patient Sex is added as Female in the generated XML</Description><StepExecutedTime>6:36:48 PM</StepExecutedTime><ScreenShot Name="N/A">N/A</ScreenShot><Result>PASS</Result></LowLevelInfo></Step><Step Number="4"><LowLevelInfo><StepID>4</StepID><Description>Patient DOB is added in the generated XML</Description><StepExecutedTime>6:36:50 PM</StepExecutedTime><ScreenShot Name="N/A">N/A</ScreenShot><Result>PASS</Result></LowLevelInfo></Step><Step Number="5"><LowLevelInfo><StepID>5</StepID><Description>Presenting Complaint is Convulsion/fit in the generated XML</Description><StepExecutedTime>6:36:51 PM</StepExecutedTime><ScreenShot Name="N/A">N/A</ScreenShot><Result>PASS</Result></LowLevelInfo></Step><Step Number="6"><LowLevelInfo><StepID>6</StepID><Description>SessionType is Clinical in the generated XML</Description><StepExecutedTime>6:36:52 PM</StepExecutedTime><ScreenShot Name="N/A">N/A</ScreenShot><Result>PASS</Result></LowLevelInfo></Step><Step Number="7"><LowLevelInfo><StepID>7</StepID><Description>SessionStatus is Closed in the generated XML</Description><StepExecutedTime>6:36:53 PM</StepExecutedTime><ScreenShot Name="N/A">N/A</ScreenShot><Result>PASS</Result></LowLevelInfo></Step><Step Number="8"><LowLevelInfo><StepID>8</StepID><Description>RecommendedUrgencyMessage is face to Call Handler Advice in the generated XML</Description><StepExecutedTime>6:36:54 PM</StepExecutedTime><ScreenShot Name="N/A">N/A</ScreenShot><Result>PASS</Result></LowLevelInfo></Step><Step Number="9"><LowLevelInfo><StepID>9</StepID><Description>RecommendedUrgencyCode is NONE in the generated XML</Description><StepExecutedTime>6:36:55 PM</StepExecutedTime><ScreenShot Name="N/A">N/A</ScreenShot><Result>PASS</Result></LowLevelInfo></Step><Step Number="10"><LowLevelInfo><StepID>10</StepID><Description>SelectedUrgencyMessage is Call Handler Advice in the generated XML</Description><StepExecutedTime>6:36:56 PM</StepExecutedTime><ScreenShot Name="N/A">N/A</ScreenShot><Result>PASS</Result></LowLevelInfo></Step><Step Number="11"><LowLevelInfo><StepID>11</StepID><Description>SelectedUrgencyCode is NONE in the generated XML</Description><StepExecutedTime>6:36:57 PM</StepExecutedTime><ScreenShot Name="N/A">N/A</ScreenShot><Result>PASS</Result></LowLevelInfo></Step><Step Number="12"><LowLevelInfo><StepID>12</StepID><Description>SelectedOutcome as Test Outcome is added in the generated XML</Description><StepExecutedTime>6:36:58 PM</StepExecutedTime><ScreenShot Name="N/A">N/A</ScreenShot><Result>PASS</Result></LowLevelInfo></Step><Step Number="13"><LowLevelInfo><StepID>13</StepID><Description>ClinicalContentVersion details is added in the generated XML</Description><StepExecutedTime>6:36:59 PM</StepExecutedTime><ScreenShot Name="N/A">N/A</ScreenShot><Result>PASS</Result></LowLevelInfo></Step><Step Number="14"><LowLevelInfo><StepID>14</StepID><Description>ContactInformation details is added in the generated XML</Description><StepExecutedTime>6:37:00 PM</StepExecutedTime><ScreenShot Name="N/A">N/A</ScreenShot><Result>PASS</Result></LowLevelInfo></Step><TestCaseDescription>InProcess-FirstCall-Test case to verify if user is able to complete assessment from Summary screen.</TestCaseDescription><Result>PASS</Result><EndTime>6:37:03 PM</EndTime></TestCase><TestCase StartTime="6:37:03 PM" ModuleName="ODY_1374A"><TestCaseName>ODY_1374A</TestCaseName><Step Number="1"><LowLevelInfo><StepID>1</StepID><Description>Firstcall is able to search and select presenting complaint as Chest Pain and come to Assessment screen</Description><StepExecutedTime>6:37:43 PM</StepExecutedTime><ScreenShot Name="N/A">N/A</ScreenShot><Result>PASS</Result></LowLevelInfo></Step><Step Number="2"><LowLevelInfo><StepID>2</StepID><Description>Recommended an Ambulance is Dispatched as soon as possible message box is displaying on selecting ans with purple color</Description><StepExecutedTime>6:38:04 PM</StepExecutedTime><ScreenShot Name="N/A">N/A</ScreenShot><Result>PASS</Result></LowLevelInfo></Step><Step Number="3"><LowLevelInfo><StepID>3</StepID><Description>Go Back button is available and enabled</Description><StepExecutedTime>6:38:05 PM</StepExecutedTime><ScreenShot Name="N/A">N/A</ScreenShot><Result>PASS</Result></LowLevelInfo></Step><Step Number="4"><LowLevelInfo><StepID>4</StepID><Description>Continue button is available and enabled</Description><StepExecutedTime>6:38:06 PM</StepExecutedTime><ScreenShot Name="N/A">N/A</ScreenShot><Result>PASS</Result></LowLevelInfo></Step><Step Number="5"><LowLevelInfo><StepID>5</StepID><Description>Current Suggested Action: Transfer to Emergency Ambulance Service is displaying</Description><StepExecutedTime>6:38:09 PM</StepExecutedTime><ScreenShot Name="N/A">N/A</ScreenShot><Result>PASS</Result></LowLevelInfo></Step><Step Number="6"><LowLevelInfo><StepID>6</StepID><Description>Current Suggested Action: Transfer to Emergency Ambulance Service is not displaying on changing the answer</Description><StepExecutedTime>6:38:17 PM</StepExecutedTime><ScreenShot Name="N/A">N/A</ScreenShot><Result>PASS</Result></LowLevelInfo></Step><Step Number="7"><LowLevelInfo><StepID>7</StepID><Description>Recommended an Ambulance is Dispatched as soon as possible message box is displaying on selecting ans with purple color</Description><StepExecutedTime>6:38:22 PM</StepExecutedTime><ScreenShot Name="N/A">N/A</ScreenShot><Result>PASS</Result></LowLevelInfo></Step><Step Number="8"><LowLevelInfo><StepID>8</StepID><Description>Go Back button is available and enabled</Description><StepExecutedTime>6:38:23 PM</StepExecutedTime><ScreenShot Name="N/A">N/A</ScreenShot><Result>PASS</Result></LowLevelInfo></Step><Step Number="9"><LowLevelInfo><StepID>9</StepID><Description>Continue button is available and enabled</Description><StepExecutedTime>6:38:24 PM</StepExecutedTime><ScreenShot Name="N/A">N/A</ScreenShot><Result>PASS</Result></LowLevelInfo></Step><Step Number="10"><LowLevelInfo><StepID>10</StepID><Description>Default screen is displaying on cliking End call button</Description><StepExecutedTime>6:38:41 PM</StepExecutedTime><ScreenShot Name="N/A">N/A</ScreenShot><Result>PASS</Result></LowLevelInfo></Step><Step Number="11"><LowLevelInfo><StepID>11</StepID><Description>CallHandlerSelectedUrgency is EMER for assessment transferred  to ambulance services by Call Handler</Description><StepExecutedTime>6:38:51 PM</StepExecutedTime><ScreenShot Name="N/A">N/A</ScreenShot><Result>PASS</Result></LowLevelInfo></Step><Step Number="12"><LowLevelInfo><StepID>12</StepID><Description>Session status is Closed in DB for assessment transferred  to ambulance services by Call Handler</Description><StepExecutedTime>6:38:51 PM</StepExecutedTime><ScreenShot Name="N/A">N/A</ScreenShot><Result>PASS</Result></LowLevelInfo></Step><TestCaseDescription>InProcess-FirstCall-To check the functionality that application recommend an Ambulance to be dispatched as soon as possible upon selecting an answer with purple font.</TestCaseDescription><Result>PASS</Result><EndTime>6:38:51 PM</EndTime></TestCase><TestCase StartTime="6:38:51 PM" ModuleName="ODY_1494"><TestCaseName>ODY_1494</TestCaseName><Step Number="1"><LowLevelInfo><StepID>1</StepID><Description>Close assessment layout is displaying on clicking the close assessment link on assessment screen</Description><StepExecutedTime>6:39:39 PM</StepExecutedTime><ScreenShot Name="N/A">N/A</ScreenShot><Result>PASS</Result></LowLevelInfo></Step><Step Number="2"><LowLevelInfo><StepID>2</StepID><Description>Hoax option in available in Reason for close assessment Combobox</Description><StepExecutedTime>6:39:41 PM</StepExecutedTime><ScreenShot Name="N/A">N/A</ScreenShot><Result>PASS</Result></LowLevelInfo></Step><Step Number="3"><LowLevelInfo><StepID>3</StepID><Description>Close Assessment button is enable after selecting the reason for closing the assessment</Description><StepExecutedTime>6:39:42 PM</StepExecutedTime><ScreenShot Name="N/A">N/A</ScreenShot><Result>PASS</Result></LowLevelInfo></Step><Step Number="4"><LowLevelInfo><StepID>4</StepID><Description>XML screen is displaying on transferring assessment in Summary screen</Description><StepExecutedTime>6:39:47 PM</StepExecutedTime><ScreenShot Name="N/A">N/A</ScreenShot><Result>PASS</Result></LowLevelInfo></Step><Step Number="5"><LowLevelInfo><StepID>5</StepID><Description>Assessment State is displaying as Ended in the XML screen</Description><StepExecutedTime>6:39:48 PM</StepExecutedTime><ScreenShot Name="N/A">N/A</ScreenShot><Result>PASS</Result></LowLevelInfo></Step><Step Number="6"><LowLevelInfo><StepID>6</StepID><Description>Presenting Complaint is displaying as Knee Injury in the XML screen</Description><StepExecutedTime>6:39:49 PM</StepExecutedTime><ScreenShot Name="N/A">N/A</ScreenShot><Result>PASS</Result></LowLevelInfo></Step><TestCaseDescription>InProcess-FirstCall-To check the functionalities of the close assessment by a call handler.</TestCaseDescription><Result>PASS</Result><EndTime>6:39:52 PM</EndTime><EndExecutionTime>16/Feb/2023   6:39:52 PM</EndExecutionTime><TotalTimeTaken>00:13:56</TotalTimeTaken></TestCase></Root>
