<?xml-stylesheet type='text/xsl' href='DetailXmlReference/LogReport.xsl'?>
<Root><StartTime>16/Feb/2023   8:07:07 PM</StartTime><Browser>BROWSERNAME - Version: BrowserName</Browser><Module>INPROCESS310ADMIN</Module><TestCase StartTime="8:07:07 PM" ModuleName="ODY_1061"><TestCaseName>ODY_1061</TestCaseName><Step Number="1"><LowLevelInfo><StepID>1</StepID><Description>Edit Session Types section is displaying in the Admin configuration screen</Description><StepExecutedTime>8:07:22 PM</StepExecutedTime><ScreenShot Name="N/A">N/A</ScreenShot><Result>PASS</Result></LowLevelInfo></Step><Step Number="2"><LowLevelInfo><StepID>2</StepID><Description>Organisation Name label is displaying under Site Settings in the Admin configuration screen</Description><StepExecutedTime>8:07:32 PM</StepExecutedTime><ScreenShot Name="N/A">N/A</ScreenShot><Result>PASS</Result></LowLevelInfo></Step><Step Number="3"><LowLevelInfo><StepID>3</StepID><Description>Last saved New Organisation Name is displaying under Site Settings in the Admin configuration screen</Description><StepExecutedTime>8:07:49 PM</StepExecutedTime><ScreenShot Name="N/A">N/A</ScreenShot><Result>PASS</Result></LowLevelInfo></Step><Step Number="4"><LowLevelInfo><StepID>4</StepID><Description>Test Automation Session type added from the admin is displaying in the call type dropdown</Description><StepExecutedTime>8:08:16 PM</StepExecutedTime><ScreenShot Name="N/A">N/A</ScreenShot><Result>PASS</Result></LowLevelInfo></Step><TestCaseDescription>Functionality to check if a new Session Type added in Admin is reflected in Clinician. in InProcess</TestCaseDescription><Result>PASS</Result><EndTime>8:08:26 PM</EndTime></TestCase><TestCase StartTime="8:08:26 PM" ModuleName="ODY_1091"><TestCaseName>ODY_1091</TestCaseName><Step Number="1"><LowLevelInfo><StepID>1</StepID><Description>Question Set Closure Reasons section is displaying in the Admin configuration screen</Description><StepExecutedTime>8:08:37 PM</StepExecutedTime><ScreenShot Name="N/A">N/A</ScreenShot><Result>PASS</Result></LowLevelInfo></Step><Step Number="2"><LowLevelInfo><StepID>2</StepID><Description>Audit record is created in Database for changing Email Message in Admin Configuration module</Description><StepExecutedTime>8:09:00 PM</StepExecutedTime><ScreenShot Name="N/A">N/A</ScreenShot><Result>PASS</Result></LowLevelInfo></Step><TestCaseDescription>Functionality to check if a new Question set closure reason added reflects for the clinician user in InProcess.</TestCaseDescription><Result>PASS</Result><EndTime>8:09:40 PM</EndTime></TestCase><TestCase StartTime="8:09:40 PM" ModuleName="ODY_1092"><TestCaseName>ODY_1092</TestCaseName><Step Number="1"><LowLevelInfo><StepID>1</StepID><Description>Assessment Closure Reasons section is displaying in the Admin configuration screen</Description><StepExecutedTime>8:09:52 PM</StepExecutedTime><ScreenShot Name="N/A">N/A</ScreenShot><Result>PASS</Result></LowLevelInfo></Step><Step Number="2"><LowLevelInfo><StepID>2</StepID><Description>Test Automation Reason for closing Assessment added from the admin is displaying in the reason for closure dropdown</Description><StepExecutedTime>8:10:53 PM</StepExecutedTime><ScreenShot Name="N/A">N/A</ScreenShot><Result>PASS</Result></LowLevelInfo></Step><TestCaseDescription>Functionality to check if a new Assessment closure reason added reflects for the clinician user in InProcess</TestCaseDescription><Result>PASS</Result><EndTime>8:10:55 PM</EndTime></TestCase><TestCase StartTime="8:10:55 PM" ModuleName="ODY_1478"><TestCaseName>ODY_1478</TestCaseName><Step Number="1"><LowLevelInfo><StepID>1</StepID><Description>CallHandler Urgency message heading found for Emergency</Description><StepExecutedTime>8:11:20 PM</StepExecutedTime><ScreenShot Name="N/A">N/A</ScreenShot><Result>PASS</Result></LowLevelInfo></Step><Step Number="2"><LowLevelInfo><StepID>2</StepID><Description>CallHandler Urgency message heading found for Immediate</Description><StepExecutedTime>8:11:31 PM</StepExecutedTime><ScreenShot Name="N/A">N/A</ScreenShot><Result>PASS</Result></LowLevelInfo></Step><Step Number="3"><LowLevelInfo><StepID>3</StepID><Description>CallHandler Urgency message heading found for Immediate 2</Description><StepExecutedTime>8:11:41 PM</StepExecutedTime><ScreenShot Name="N/A">N/A</ScreenShot><Result>PASS</Result></LowLevelInfo></Step><Step Number="4"><LowLevelInfo><StepID>4</StepID><Description>CallHandler Urgency message heading found for Urgent</Description><StepExecutedTime>8:11:54 PM</StepExecutedTime><ScreenShot Name="N/A">N/A</ScreenShot><Result>PASS</Result></LowLevelInfo></Step><Step Number="5"><LowLevelInfo><StepID>5</StepID><Description>CallHandler Urgency message heading found for Moderate Urgency</Description><StepExecutedTime>8:12:05 PM</StepExecutedTime><ScreenShot Name="N/A">N/A</ScreenShot><Result>PASS</Result></LowLevelInfo></Step><Step Number="6"><LowLevelInfo><StepID>6</StepID><Description>CallHandler Urgency message heading found for Routine</Description><StepExecutedTime>8:12:15 PM</StepExecutedTime><ScreenShot Name="N/A">N/A</ScreenShot><Result>PASS</Result></LowLevelInfo></Step><Step Number="7"><LowLevelInfo><StepID>7</StepID><Description>CallHandler Urgency message heading found for No Urgency</Description><StepExecutedTime>8:12:25 PM</StepExecutedTime><ScreenShot Name="N/A">N/A</ScreenShot><Result>PASS</Result></LowLevelInfo></Step><Step Number="8"><LowLevelInfo><StepID>8</StepID><Description>Edit Session Types section is displaying in the Admin configuration screen</Description><StepExecutedTime>8:12:36 PM</StepExecutedTime><ScreenShot Name="N/A">N/A</ScreenShot><Result>PASS</Result></LowLevelInfo></Step><Step Number="9"><LowLevelInfo><StepID>9</StepID><Description>The option 'Default Complaint Search Option' is not visible in the Admin</Description><StepExecutedTime>8:12:42 PM</StepExecutedTime><ScreenShot Name="N/A">N/A</ScreenShot><Result>PASS</Result></LowLevelInfo></Step><Step Number="10"><LowLevelInfo><StepID>10</StepID><Description>User Defined SNOMED code field is present for any outcome under Configuration Editor screen</Description><StepExecutedTime>8:13:01 PM</StepExecutedTime><ScreenShot Name="N/A">N/A</ScreenShot><Result>PASS</Result></LowLevelInfo></Step><TestCaseDescription>Test case to Remove the search setting from within the site settings list in Odyssey</TestCaseDescription><Result>PASS</Result><EndTime>8:13:10 PM</EndTime></TestCase><TestCase StartTime="8:13:10 PM" ModuleName="ODY_3828"><TestCaseName>ODY_3828</TestCaseName><Step Number="1"><LowLevelInfo><StepID>1</StepID><Description>Revert to Default button is not displaying by default when Snomed field is blank</Description><StepExecutedTime>8:13:32 PM</StepExecutedTime><ScreenShot Name="N/A">N/A</ScreenShot><Result>PASS</Result></LowLevelInfo></Step><Step Number="2"><LowLevelInfo><StepID>2</StepID><Description>Revert to Default button is displaying when Snomed field is edited</Description><StepExecutedTime>8:13:38 PM</StepExecutedTime><ScreenShot Name="N/A">N/A</ScreenShot><Result>PASS</Result></LowLevelInfo></Step><Step Number="3"><LowLevelInfo><StepID>3</StepID><Description>Revert to Default button is displaying if Snomed value is already provided</Description><StepExecutedTime>8:13:50 PM</StepExecutedTime><ScreenShot Name="N/A">N/A</ScreenShot><Result>PASS</Result></LowLevelInfo></Step><Step Number="4"><LowLevelInfo><StepID>4</StepID><Description>Audit log is created for adding user defined SNOMED code for urgency EMER</Description><StepExecutedTime>8:13:55 PM</StepExecutedTime><ScreenShot Name="N/A">N/A</ScreenShot><Result>PASS</Result></LowLevelInfo></Step><Step Number="5"><LowLevelInfo><StepID>5</StepID><Description>The current urgency indicates that the patient be treated immediately message is displaying in assessment screen on selecting Born injury option for Skin injury</Description><StepExecutedTime>8:14:38 PM</StepExecutedTime><ScreenShot Name="N/A">N/A</ScreenShot><Result>PASS</Result></LowLevelInfo></Step><Step Number="6"><LowLevelInfo><StepID>6</StepID><Description>Revert to Default button is displaying if Snomed value is already provided</Description><StepExecutedTime>8:15:14 PM</StepExecutedTime><ScreenShot Name="N/A">N/A</ScreenShot><Result>PASS</Result></LowLevelInfo></Step><Step Number="7"><LowLevelInfo><StepID>7</StepID><Description>Revert to Default button is not displaying after Snomed value is set to blank</Description><StepExecutedTime>8:15:28 PM</StepExecutedTime><ScreenShot Name="N/A">N/A</ScreenShot><Result>PASS</Result></LowLevelInfo></Step><Step Number="8"><LowLevelInfo><StepID>8</StepID><Description>Audit log is created for reverting user defined SNOMED code for urgency EMER</Description><StepExecutedTime>8:15:33 PM</StepExecutedTime><ScreenShot Name="N/A">N/A</ScreenShot><Result>PASS</Result></LowLevelInfo></Step><TestCaseDescription>Validate functionality of User defined SNOMED for Urgency in Urgency Admin screen.</TestCaseDescription><Result>PASS</Result><EndTime>8:15:33 PM</EndTime></TestCase><TestCase StartTime="8:15:33 PM" ModuleName="ODY_7728"><TestCaseName>ODY_7728</TestCaseName><Step Number="1"><LowLevelInfo><StepID>1</StepID><Description>ConfigEdit screen is displaying on clicking Configuration Editors button in Summary screen</Description><StepExecutedTime>8:15:48 PM</StepExecutedTime><ScreenShot Name="N/A">N/A</ScreenShot><Result>PASS</Result></LowLevelInfo></Step><Step Number="2"><LowLevelInfo><StepID>2</StepID><Description>Display Pause Assessment Button is displaying under Site Settings section</Description><StepExecutedTime>8:15:55 PM</StepExecutedTime><ScreenShot Name="N/A">N/A</ScreenShot><Result>PASS</Result></LowLevelInfo></Step><Step Number="3"><LowLevelInfo><StepID>3</StepID><Description>All the controls under Email Server Settings are disabled when SMTPActive checkbox is unchecked</Description><StepExecutedTime>8:16:11 PM</StepExecutedTime><ScreenShot Name="N/A">N/A</ScreenShot><Result>PASS</Result></LowLevelInfo></Step><Step Number="4"><LowLevelInfo><StepID>4</StepID><Description>Pause assessment option is not available in the Assessment screen after configured by Admin user</Description><StepExecutedTime>8:16:51 PM</StepExecutedTime><ScreenShot Name="N/A">N/A</ScreenShot><Result>PASS</Result></LowLevelInfo></Step><Step Number="5"><LowLevelInfo><StepID>5</StepID><Description>XML screen is displaying on clicking Complete button in Summary screen</Description><StepExecutedTime>8:17:14 PM</StepExecutedTime><ScreenShot Name="N/A">N/A</ScreenShot><Result>PASS</Result></LowLevelInfo></Step><Step Number="6"><LowLevelInfo><StepID>6</StepID><Description>All the controls under Email Server Settings are enabled when SMTPActive checkbox is checked</Description><StepExecutedTime>8:17:43 PM</StepExecutedTime><ScreenShot Name="N/A">N/A</ScreenShot><Result>PASS</Result></LowLevelInfo></Step><TestCaseDescription>Test case to validate the Pause button for InProcess system configurable</TestCaseDescription><Result>PASS</Result><EndTime>8:17:47 PM</EndTime></TestCase><TestCase StartTime="8:17:47 PM" ModuleName="ODY_1529"><TestCaseName>ODY_1529</TestCaseName><Step Number="1"><LowLevelInfo><StepID>1</StepID><Description>ConfigEdit screen is displaying on clicking Configuration Editors button in Summary screen</Description><StepExecutedTime>8:18:03 PM</StepExecutedTime><ScreenShot Name="N/A">N/A</ScreenShot><Result>PASS</Result></LowLevelInfo></Step><Step Number="2"><LowLevelInfo><StepID>2</StepID><Description>Turn Coloured Short Questions on setting is visible under Site Settings section</Description><StepExecutedTime>8:18:06 PM</StepExecutedTime><ScreenShot Name="N/A">N/A</ScreenShot><Result>PASS</Result></LowLevelInfo></Step><Step Number="3"><LowLevelInfo><StepID>3</StepID><Description>Pain Severity short ques is in RED in assessment screen</Description><StepExecutedTime>8:18:51 PM</StepExecutedTime><ScreenShot Name="N/A">N/A</ScreenShot><Result>PASS</Result></LowLevelInfo></Step><Step Number="4"><LowLevelInfo><StepID>4</StepID><Description>Current State short ques is in INDIGO in assessment screen</Description><StepExecutedTime>8:18:53 PM</StepExecutedTime><ScreenShot Name="N/A">N/A</ScreenShot><Result>PASS</Result></LowLevelInfo></Step><Step Number="5"><LowLevelInfo><StepID>5</StepID><Description>Abrasion Bruise short ques is in YELLOW in assessment screen</Description><StepExecutedTime>8:19:00 PM</StepExecutedTime><ScreenShot Name="N/A">N/A</ScreenShot><Result>PASS</Result></LowLevelInfo></Step><Step Number="6"><LowLevelInfo><StepID>6</StepID><Description>Other Injuries short ques is in BLACK in assessment screen</Description><StepExecutedTime>8:19:01 PM</StepExecutedTime><ScreenShot Name="N/A">N/A</ScreenShot><Result>PASS</Result></LowLevelInfo></Step><Step Number="7"><LowLevelInfo><StepID>7</StepID><Description>Treatment Tried short ques is in BLUE in assessment screen</Description><StepExecutedTime>8:19:09 PM</StepExecutedTime><ScreenShot Name="N/A">N/A</ScreenShot><Result>PASS</Result></LowLevelInfo></Step><Step Number="8"><LowLevelInfo><StepID>8</StepID><Description>User is able to complete assessment with configuration setting for colored short question as check</Description><StepExecutedTime>8:19:26 PM</StepExecutedTime><ScreenShot Name="N/A">N/A</ScreenShot><Result>PASS</Result></LowLevelInfo></Step><Step Number="9"><LowLevelInfo><StepID>9</StepID><Description>ConfigEdit screen is displaying on clicking Configuration Editors button in Summary screen</Description><StepExecutedTime>8:19:39 PM</StepExecutedTime><ScreenShot Name="N/A">N/A</ScreenShot><Result>PASS</Result></LowLevelInfo></Step><Step Number="10"><LowLevelInfo><StepID>10</StepID><Description>Turn Coloured Short Questions on setting is visible under Site Settings section</Description><StepExecutedTime>8:19:42 PM</StepExecutedTime><ScreenShot Name="N/A">N/A</ScreenShot><Result>PASS</Result></LowLevelInfo></Step><Step Number="11"><LowLevelInfo><StepID>11</StepID><Description>Pain Severity short ques is in BLACK in assessment screen</Description><StepExecutedTime>8:20:28 PM</StepExecutedTime><ScreenShot Name="N/A">N/A</ScreenShot><Result>PASS</Result></LowLevelInfo></Step><Step Number="12"><LowLevelInfo><StepID>12</StepID><Description>Current State short ques is in BLACK in assessment screen</Description><StepExecutedTime>8:20:30 PM</StepExecutedTime><ScreenShot Name="N/A">N/A</ScreenShot><Result>PASS</Result></LowLevelInfo></Step><Step Number="13"><LowLevelInfo><StepID>13</StepID><Description>Other Injuries short ques is in BLACK in assessment screen</Description><StepExecutedTime>8:20:36 PM</StepExecutedTime><ScreenShot Name="N/A">N/A</ScreenShot><Result>PASS</Result></LowLevelInfo></Step><Step Number="14"><LowLevelInfo><StepID>14</StepID><Description>Treatment Tried short ques is in BLACK in assessment screen</Description><StepExecutedTime>8:20:43 PM</StepExecutedTime><ScreenShot Name="N/A">N/A</ScreenShot><Result>PASS</Result></LowLevelInfo></Step><Step Number="15"><LowLevelInfo><StepID>15</StepID><Description>User is able to complete assessment with configuration setting for colored short question as uncheck</Description><StepExecutedTime>8:21:00 PM</StepExecutedTime><ScreenShot Name="N/A">N/A</ScreenShot><Result>PASS</Result></LowLevelInfo></Step><TestCaseDescription>Test case to verify configuration setting for colored short question for clinician role in assessment screen.</TestCaseDescription><Result>PASS</Result><EndTime>8:21:03 PM</EndTime></TestCase><TestCase StartTime="8:21:03 PM" ModuleName="ODY_10112"><TestCaseName>ODY_10112</TestCaseName><Step Number="1"><LowLevelInfo><StepID>1</StepID><Description>ConfigEdit screen is displaying on clicking Configuration Editors button in Summary screen</Description><StepExecutedTime>8:21:25 PM</StepExecutedTime><ScreenShot Name="N/A">N/A</ScreenShot><Result>PASS</Result></LowLevelInfo></Step><Step Number="2"><LowLevelInfo><StepID>2</StepID><Description>Enabled Modules label is displaying under Site Settings section</Description><StepExecutedTime>8:21:32 PM</StepExecutedTime><ScreenShot Name="N/A">N/A</ScreenShot><Result>PASS</Result></LowLevelInfo></Step><Step Number="3"><LowLevelInfo><StepID>3</StepID><Description>Domain Name label is displaying under Site Settings section</Description><StepExecutedTime>8:21:34 PM</StepExecutedTime><ScreenShot Name="N/A">N/A</ScreenShot><Result>PASS</Result></LowLevelInfo></Step><Step Number="4"><LowLevelInfo><StepID>4</StepID><Description>EnglishGreatBritainInProcess is displaying as current domain under Site Settings section</Description><StepExecutedTime>8:21:36 PM</StepExecutedTime><ScreenShot Name="N/A">N/A</ScreenShot><Result>PASS</Result></LowLevelInfo></Step><Step Number="5"><LowLevelInfo><StepID>5</StepID><Description>All the enabled modules are checked but in read only mode under site settings</Description><StepExecutedTime>8:21:38 PM</StepExecutedTime><ScreenShot Name="N/A">N/A</ScreenShot><Result>PASS</Result></LowLevelInfo></Step><Step Number="6"><LowLevelInfo><StepID>6</StepID><Description>ConfigEdit screen is displaying on clicking Configuration Editors button in Summary screen</Description><StepExecutedTime>8:22:00 PM</StepExecutedTime><ScreenShot Name="N/A">N/A</ScreenShot><Result>PASS</Result></LowLevelInfo></Step><Step Number="7"><LowLevelInfo><StepID>7</StepID><Description>EnglishGreatBritainInProcess is displaying as current domain under Site Settings section</Description><StepExecutedTime>8:22:07 PM</StepExecutedTime><ScreenShot Name="N/A">N/A</ScreenShot><Result>PASS</Result></LowLevelInfo></Step><Step Number="8"><LowLevelInfo><StepID>8</StepID><Description>All the enabled modules are checked but in read only mode under site settings</Description><StepExecutedTime>8:22:10 PM</StepExecutedTime><ScreenShot Name="N/A">N/A</ScreenShot><Result>PASS</Result></LowLevelInfo></Step><TestCaseDescription>Validate that admin section display list of all the modules enabled for any domain.</TestCaseDescription><Result>PASS</Result><EndTime>8:22:18 PM</EndTime></TestCase><TestCase StartTime="8:22:18 PM" ModuleName="ODY_10521"><TestCaseName>ODY_10521</TestCaseName><Step Number="1"><LowLevelInfo><StepID>1</StepID><Description>ConfigEdit screen is displaying on clicking Configuration Editors button in Summary screen</Description><StepExecutedTime>8:22:35 PM</StepExecutedTime><ScreenShot Name="N/A">N/A</ScreenShot><Result>PASS</Result></LowLevelInfo></Step><Step Number="2"><LowLevelInfo><StepID>2</StepID><Description>Turn Purple Coloured Questions on label is displaying under FirstCall Configuration section</Description><StepExecutedTime>8:22:47 PM</StepExecutedTime><ScreenShot Name="N/A">N/A</ScreenShot><Result>PASS</Result></LowLevelInfo></Step><Step Number="3"><LowLevelInfo><StepID>3</StepID><Description>Turning off the Show Purple Question Config byt admin is audited successfully</Description><StepExecutedTime>8:22:58 PM</StepExecutedTime><ScreenShot Name="N/A">N/A</ScreenShot><Result>PASS</Result></LowLevelInfo></Step><Step Number="4"><LowLevelInfo><StepID>4</StepID><Description>Question with answer in purple colour is not displayed in purple and at the top of other questions</Description><StepExecutedTime>8:23:37 PM</StepExecutedTime><ScreenShot Name="N/A">N/A</ScreenShot><Result>PASS</Result></LowLevelInfo></Step><Step Number="5"><LowLevelInfo><StepID>5</StepID><Description>Action Required 20 minute clinician call back is displaying at the bottom of the screen</Description><StepExecutedTime>8:23:42 PM</StepExecutedTime><ScreenShot Name="N/A">N/A</ScreenShot><Result>PASS</Result></LowLevelInfo></Step><Step Number="6"><LowLevelInfo><StepID>6</StepID><Description>All Question with answer in purple colour is not displayed in purple and at the top of other questions for multiple question set</Description><StepExecutedTime>8:23:44 PM</StepExecutedTime><ScreenShot Name="N/A">N/A</ScreenShot><Result>PASS</Result></LowLevelInfo></Step><Step Number="7"><LowLevelInfo><StepID>7</StepID><Description>Recommended transferring this call to a clinician now message box is displaying</Description><StepExecutedTime>8:23:54 PM</StepExecutedTime><ScreenShot Name="N/A">N/A</ScreenShot><Result>PASS</Result></LowLevelInfo></Step><Step Number="8"><LowLevelInfo><StepID>8</StepID><Description>Continue button is available and enabled</Description><StepExecutedTime>8:23:55 PM</StepExecutedTime><ScreenShot Name="N/A">N/A</ScreenShot><Result>PASS</Result></LowLevelInfo></Step><Step Number="9"><LowLevelInfo><StepID>9</StepID><Description>Go Back button is available and enabled</Description><StepExecutedTime>8:23:56 PM</StepExecutedTime><ScreenShot Name="N/A">N/A</ScreenShot><Result>PASS</Result></LowLevelInfo></Step><Step Number="10"><LowLevelInfo><StepID>10</StepID><Description>Warm Transfer to clinician  Action required is displaying</Description><StepExecutedTime>8:24:00 PM</StepExecutedTime><ScreenShot Name="N/A">N/A</ScreenShot><Result>PASS</Result></LowLevelInfo></Step><Step Number="11"><LowLevelInfo><StepID>11</StepID><Description>Question with answer in purple colour is displayed in purple and at the top of other questions</Description><StepExecutedTime>8:24:22 PM</StepExecutedTime><ScreenShot Name="N/A">N/A</ScreenShot><Result>PASS</Result></LowLevelInfo></Step><Step Number="12"><LowLevelInfo><StepID>12</StepID><Description>Question with answer in purple colour is displayed in purple and at the top of other questions</Description><StepExecutedTime>8:24:26 PM</StepExecutedTime><ScreenShot Name="N/A">N/A</ScreenShot><Result>PASS</Result></LowLevelInfo></Step><TestCaseDescription>Validate that user is able to turn off the purple question setting from Admin Configuration</TestCaseDescription><Result>PASS</Result><EndTime>8:25:32 PM</EndTime></TestCase><TestCase StartTime="8:25:32 PM" ModuleName="ODY_10535"><TestCaseName>ODY_10535</TestCaseName><Step Number="1"><LowLevelInfo><StepID>1</StepID><Description>ConfigEdit screen is displaying on clicking Configuration Editors button in Summary screen</Description><StepExecutedTime>8:25:47 PM</StepExecutedTime><ScreenShot Name="N/A">N/A</ScreenShot><Result>PASS</Result></LowLevelInfo></Step><Step Number="2"><LowLevelInfo><StepID>2</StepID><Description>Turn Purple Coloured Questions on label is displaying under FirstCall Configuration section</Description><StepExecutedTime>8:25:57 PM</StepExecutedTime><ScreenShot Name="N/A">N/A</ScreenShot><Result>PASS</Result></LowLevelInfo></Step><Step Number="3"><LowLevelInfo><StepID>3</StepID><Description>Turning on the Show Purple Question Config byt admin is audited successfully</Description><StepExecutedTime>8:26:08 PM</StepExecutedTime><ScreenShot Name="N/A">N/A</ScreenShot><Result>PASS</Result></LowLevelInfo></Step><Step Number="4"><LowLevelInfo><StepID>4</StepID><Description>Question with answer in purple colour is displayed in purple and at the top of other questions</Description><StepExecutedTime>8:26:52 PM</StepExecutedTime><ScreenShot Name="N/A">N/A</ScreenShot><Result>PASS</Result></LowLevelInfo></Step><Step Number="5"><LowLevelInfo><StepID>5</StepID><Description>Action Required 20 minute clinician call back is displaying at the bottom of the screen</Description><StepExecutedTime>8:27:22 PM</StepExecutedTime><ScreenShot Name="N/A">N/A</ScreenShot><Result>PASS</Result></LowLevelInfo></Step><Step Number="6"><LowLevelInfo><StepID>6</StepID><Description>Recommended transferring this call to a clinician now message box is displaying</Description><StepExecutedTime>8:27:35 PM</StepExecutedTime><ScreenShot Name="N/A">N/A</ScreenShot><Result>PASS</Result></LowLevelInfo></Step><TestCaseDescription>Validate that user is able to turn on the purple question setting from Admin Configuration</TestCaseDescription><Result>PASS</Result><EndTime>8:28:08 PM</EndTime></TestCase><TestCase StartTime="8:28:08 PM" ModuleName="ODY_10609"><TestCaseName>ODY_10609</TestCaseName><Step Number="1"><LowLevelInfo><StepID>1</StepID><Description>ConfigEdit screen is displaying on clicking Configuration Editors button in Summary screen</Description><StepExecutedTime>8:28:25 PM</StepExecutedTime><ScreenShot Name="N/A">N/A</ScreenShot><Result>PASS</Result></LowLevelInfo></Step><Step Number="2"><LowLevelInfo><StepID>2</StepID><Description>Show Ambulance Transport Text for Emergency label is displaying under FirstCall Configuration section</Description><StepExecutedTime>8:28:35 PM</StepExecutedTime><ScreenShot Name="N/A">N/A</ScreenShot><Result>PASS</Result></LowLevelInfo></Step><Step Number="3"><LowLevelInfo><StepID>3</StepID><Description>Turning off the AmbuTransTxt Config by admin is audited successfully</Description><StepExecutedTime>8:28:45 PM</StepExecutedTime><ScreenShot Name="N/A">N/A</ScreenShot><Result>PASS</Result></LowLevelInfo></Step><Step Number="4"><LowLevelInfo><StepID>4</StepID><Description>Warning pop up is displaying on clicking Pass to clinician button when not ans all the PQ</Description><StepExecutedTime>8:29:23 PM</StepExecutedTime><ScreenShot Name="N/A">N/A</ScreenShot><Result>PASS</Result></LowLevelInfo></Step><Step Number="5"><LowLevelInfo><StepID>5</StepID><Description>Title of overlay and advice type as Advice and First Aid advice is displayed under Advice overlay to call handler</Description><StepExecutedTime>8:29:26 PM</StepExecutedTime><ScreenShot Name="N/A">N/A</ScreenShot><Result>PASS</Result></LowLevelInfo></Step><Step Number="6"><LowLevelInfo><StepID>6</StepID><Description>AMBULANCE PREPARATION text is not displayed under Advice overlay to call handler</Description><StepExecutedTime>8:29:27 PM</StepExecutedTime><ScreenShot Name="N/A">N/A</ScreenShot><Result>PASS</Result></LowLevelInfo></Step><Step Number="7"><LowLevelInfo><StepID>7</StepID><Description>Recommended calling an emergency ambulance now message box is displaying</Description><StepExecutedTime>8:29:33 PM</StepExecutedTime><ScreenShot Name="N/A">N/A</ScreenShot><Result>PASS</Result></LowLevelInfo></Step><Step Number="8"><LowLevelInfo><StepID>8</StepID><Description>Continue button is available and enabled</Description><StepExecutedTime>8:29:34 PM</StepExecutedTime><ScreenShot Name="N/A">N/A</ScreenShot><Result>PASS</Result></LowLevelInfo></Step><Step Number="9"><LowLevelInfo><StepID>9</StepID><Description>Go Back button is available and enabled</Description><StepExecutedTime>8:29:35 PM</StepExecutedTime><ScreenShot Name="N/A">N/A</ScreenShot><Result>PASS</Result></LowLevelInfo></Step><Step Number="10"><LowLevelInfo><StepID>10</StepID><Description>Title of overlay and advice type as Advice and First Aid advice is displayed under Advice overlay to call handler</Description><StepExecutedTime>8:29:38 PM</StepExecutedTime><ScreenShot Name="N/A">N/A</ScreenShot><Result>PASS</Result></LowLevelInfo></Step><Step Number="11"><LowLevelInfo><StepID>11</StepID><Description>AMBULANCE PREPARATION text is not displayed under Advice overlay to call handler</Description><StepExecutedTime>8:29:39 PM</StepExecutedTime><ScreenShot Name="N/A">N/A</ScreenShot><Result>PASS</Result></LowLevelInfo></Step><TestCaseDescription>Validate that user is able to turn off the ambulance transport text setting from Admin Configuration</TestCaseDescription><Result>PASS</Result><EndTime>8:29:57 PM</EndTime></TestCase><TestCase StartTime="8:29:57 PM" ModuleName="ODY_10610"><TestCaseName>ODY_10610</TestCaseName><Step Number="1"><LowLevelInfo><StepID>1</StepID><Description>ConfigEdit screen is displaying on clicking Configuration Editors button in Summary screen</Description><StepExecutedTime>8:30:12 PM</StepExecutedTime><ScreenShot Name="N/A">N/A</ScreenShot><Result>PASS</Result></LowLevelInfo></Step><Step Number="2"><LowLevelInfo><StepID>2</StepID><Description>Show Ambulance Transport Text for Emergency label is displaying under FirstCall Configuration section</Description><StepExecutedTime>8:30:23 PM</StepExecutedTime><ScreenShot Name="N/A">N/A</ScreenShot><Result>PASS</Result></LowLevelInfo></Step><Step Number="3"><LowLevelInfo><StepID>3</StepID><Description>Turning on the AmbuTransTxt Config by admin is audited successfully</Description><StepExecutedTime>8:30:34 PM</StepExecutedTime><ScreenShot Name="N/A">N/A</ScreenShot><Result>PASS</Result></LowLevelInfo></Step><Step Number="4"><LowLevelInfo><StepID>4</StepID><Description>Warning message is displaying on trying to save blank for Ambulance Transport Text under FirstCall Configuration section</Description><StepExecutedTime>8:30:48 PM</StepExecutedTime><ScreenShot Name="N/A">N/A</ScreenShot><Result>PASS</Result></LowLevelInfo></Step><Step Number="5"><LowLevelInfo><StepID>5</StepID><Description>IMLT pop up is displaying on answering the PQ</Description><StepExecutedTime>8:31:48 PM</StepExecutedTime><ScreenShot Name="N/A">N/A</ScreenShot><Result>PASS</Result></LowLevelInfo></Step><Step Number="6"><LowLevelInfo><StepID>6</StepID><Description>Title of overlay and advice type as Advice and First Aid advice is displayed under Advice overlay to call handler</Description><StepExecutedTime>8:31:51 PM</StepExecutedTime><ScreenShot Name="N/A">N/A</ScreenShot><Result>PASS</Result></LowLevelInfo></Step><Step Number="7"><LowLevelInfo><StepID>7</StepID><Description>AMBULANCE PREPARATION text is displayed under Advice overlay to call handler</Description><StepExecutedTime>8:31:52 PM</StepExecutedTime><ScreenShot Name="N/A">N/A</ScreenShot><Result>PASS</Result></LowLevelInfo></Step><TestCaseDescription>Validate that user is able to turn on the ambulance transport text setting from Admin Configuration</TestCaseDescription><Result>PASS</Result><EndTime>8:32:11 PM</EndTime></TestCase><TestCase StartTime="8:32:11 PM" ModuleName="ODY_10634"><TestCaseName>ODY_10634</TestCaseName><Step Number="1"><LowLevelInfo><StepID>1</StepID><Description>Turning off the AmbuTransTxt Config by admin is audited successfully</Description><StepExecutedTime>8:32:53 PM</StepExecutedTime><ScreenShot Name="N/A">N/A</ScreenShot><Result>PASS</Result></LowLevelInfo></Step><Step Number="2"><LowLevelInfo><StepID>2</StepID><Description>IMLT pop up is displaying on answering the PQ</Description><StepExecutedTime>8:33:43 PM</StepExecutedTime><ScreenShot Name="N/A">N/A</ScreenShot><Result>PASS</Result></LowLevelInfo></Step><Step Number="3"><LowLevelInfo><StepID>3</StepID><Description>Title of overlay and advice type as Advice and First Aid advice is displayed under Advice overlay to call handler</Description><StepExecutedTime>8:33:47 PM</StepExecutedTime><ScreenShot Name="N/A">N/A</ScreenShot><Result>PASS</Result></LowLevelInfo></Step><Step Number="4"><LowLevelInfo><StepID>4</StepID><Description>AMBULANCE PREPARATION text is displayed under Advice overlay to call handler</Description><StepExecutedTime>8:33:48 PM</StepExecutedTime><ScreenShot Name="N/A">N/A</ScreenShot><Result>PASS</Result></LowLevelInfo></Step><TestCaseDescription>Validate that user is able to configure the ambulance transport text setting from Admin Configuration</TestCaseDescription><Result>PASS</Result><EndTime>8:34:42 PM</EndTime></TestCase><TestCase StartTime="8:34:42 PM" ModuleName="ODY_10663"><TestCaseName>ODY_10663</TestCaseName><Step Number="1"><LowLevelInfo><StepID>1</StepID><Description>Warning message is displaying on trying to save blank for urgency message text for IMLT under FirstCall Configuration section</Description><StepExecutedTime>8:35:08 PM</StepExecutedTime><ScreenShot Name="N/A">N/A</ScreenShot><Result>PASS</Result></LowLevelInfo></Step><Step Number="2"><LowLevelInfo><StepID>2</StepID><Description>Changing urgency message text for IMLT by admin is audited successfully</Description><StepExecutedTime>8:35:27 PM</StepExecutedTime><ScreenShot Name="N/A">N/A</ScreenShot><Result>PASS</Result></LowLevelInfo></Step><Step Number="3"><LowLevelInfo><StepID>3</StepID><Description>IMLT pop up is displaying with updated message on answering the PQ</Description><StepExecutedTime>8:36:07 PM</StepExecutedTime><ScreenShot Name="N/A">N/A</ScreenShot><Result>PASS</Result></LowLevelInfo></Step><Step Number="4"><LowLevelInfo><StepID>4</StepID><Description>Title of overlay and advice type as Advice and First Aid advice is displayed under Advice overlay to call handler</Description><StepExecutedTime>8:36:11 PM</StepExecutedTime><ScreenShot Name="N/A">N/A</ScreenShot><Result>PASS</Result></LowLevelInfo></Step><TestCaseDescription>Validate that user is able to configure the IMLT message for firstcall from Admin Configuration</TestCaseDescription><Result>PASS</Result><EndTime>8:37:00 PM</EndTime></TestCase><TestCase StartTime="8:37:00 PM" ModuleName="ODY_10701"><TestCaseName>ODY_10701</TestCaseName><Step Number="1"><LowLevelInfo><StepID>1</StepID><Description>Warning message is displaying on trying to save blank for urgency message text for EMER under FirstCall Configuration section</Description><StepExecutedTime>8:37:26 PM</StepExecutedTime><ScreenShot Name="N/A">N/A</ScreenShot><Result>PASS</Result></LowLevelInfo></Step><Step Number="2"><LowLevelInfo><StepID>2</StepID><Description>Changing urgency message text for EMER by admin is audited successfully</Description><StepExecutedTime>8:37:46 PM</StepExecutedTime><ScreenShot Name="N/A">N/A</ScreenShot><Result>PASS</Result></LowLevelInfo></Step><Step Number="3"><LowLevelInfo><StepID>3</StepID><Description>EMER pop up is displaying with updated message on answering the PQ</Description><StepExecutedTime>8:38:49 PM</StepExecutedTime><ScreenShot Name="N/A">N/A</ScreenShot><Result>PASS</Result></LowLevelInfo></Step><Step Number="4"><LowLevelInfo><StepID>4</StepID><Description>Title of overlay and advice type as Advice and First Aid advice is displayed under Advice overlay to call handler</Description><StepExecutedTime>8:38:53 PM</StepExecutedTime><ScreenShot Name="N/A">N/A</ScreenShot><Result>PASS</Result></LowLevelInfo></Step><TestCaseDescription>Validate that user is able to configure the EMER message for firstcall from Admin Configuration</TestCaseDescription><Result>PASS</Result><EndTime>8:39:43 PM</EndTime></TestCase><TestCase StartTime="8:39:43 PM" ModuleName="ODY_10702"><TestCaseName>ODY_10702</TestCaseName><Step Number="1"><LowLevelInfo><StepID>1</StepID><Description>Warning message is displaying on trying to save blank for urgency message text for IMM1 under FirstCall Configuration section</Description><StepExecutedTime>8:40:09 PM</StepExecutedTime><ScreenShot Name="N/A">N/A</ScreenShot><Result>PASS</Result></LowLevelInfo></Step><Step Number="2"><LowLevelInfo><StepID>2</StepID><Description>Changing urgency message text for IMM1 by admin is audited successfully</Description><StepExecutedTime>8:40:28 PM</StepExecutedTime><ScreenShot Name="N/A">N/A</ScreenShot><Result>PASS</Result></LowLevelInfo></Step><Step Number="3"><LowLevelInfo><StepID>3</StepID><Description>Current Suggested Action: 20 minute clinician call back is displaying</Description><StepExecutedTime>8:41:18 PM</StepExecutedTime><ScreenShot Name="N/A">N/A</ScreenShot><Result>PASS</Result></LowLevelInfo></Step><Step Number="4"><LowLevelInfo><StepID>4</StepID><Description>IMM1 pop up is displaying with updated message on answering the PQ</Description><StepExecutedTime>8:41:30 PM</StepExecutedTime><ScreenShot Name="N/A">N/A</ScreenShot><Result>PASS</Result></LowLevelInfo></Step><Step Number="5"><LowLevelInfo><StepID>5</StepID><Description>You will not be shown this warning again is displayed in message box along with IMM1 message</Description><StepExecutedTime>8:41:32 PM</StepExecutedTime><ScreenShot Name="N/A">N/A</ScreenShot><Result>PASS</Result></LowLevelInfo></Step><Step Number="6"><LowLevelInfo><StepID>6</StepID><Description>Current Suggested Action: 20 minute clinician call back is displaying</Description><StepExecutedTime>8:41:35 PM</StepExecutedTime><ScreenShot Name="N/A">N/A</ScreenShot><Result>PASS</Result></LowLevelInfo></Step><Step Number="7"><LowLevelInfo><StepID>7</StepID><Description>Title of overlay and advice type as Advice and First Aid advice is displayed under Advice overlay to call handler</Description><StepExecutedTime>8:41:38 PM</StepExecutedTime><ScreenShot Name="N/A">N/A</ScreenShot><Result>PASS</Result></LowLevelInfo></Step><TestCaseDescription>Validate that user is able to configure the IMM1 message for firstcall from Admin Configuration</TestCaseDescription><Result>PASS</Result><EndTime>8:42:29 PM</EndTime><EndExecutionTime>16/Feb/2023   8:42:29 PM</EndExecutionTime><TotalTimeTaken>00:35:23</TotalTimeTaken></TestCase></Root>
