<?xml-stylesheet type='text/xsl' href='DetailXmlReference/LogReport.xsl'?>
<Root><StartTime>17/Feb/2023   12:00:00 AM</StartTime><Browser>BROWSERNAME - Version: BrowserName</Browser><Module>PATIENTOUTCOMESTANDALONEINPROCESS</Module><TestCase StartTime="12:00:00 AM" ModuleName="ODY_1032"><TestCaseName>ODY_1032</TestCaseName><Step Number="1"><LowLevelInfo><StepID>1</StepID><Description>Additional advice is not displaying on summary screen when patient outcome is not selected</Description><StepExecutedTime>12:01:24 AM</StepExecutedTime><ScreenShot Name="N/A">N/A</ScreenShot><Result>PASS</Result></LowLevelInfo></Step><Step Number="2"><LowLevelInfo><StepID>2</StepID><Description>Additional advice is displaying on summary screen on selecting patient outcome as Test Outcome</Description><StepExecutedTime>12:01:31 AM</StepExecutedTime><ScreenShot Name="N/A">N/A</ScreenShot><Result>PASS</Result></LowLevelInfo></Step><Step Number="3"><LowLevelInfo><StepID>3</StepID><Description>Notes section is displaying in the summary screen</Description><StepExecutedTime>12:01:33 AM</StepExecutedTime><ScreenShot Name="N/A">N/A</ScreenShot><Result>PASS</Result></LowLevelInfo></Step><Step Number="4"><LowLevelInfo><StepID>4</StepID><Description>Notes entered in the notes section has been saved and displaying</Description><StepExecutedTime>12:01:43 AM</StepExecutedTime><ScreenShot Name="N/A">N/A</ScreenShot><Result>PASS</Result></LowLevelInfo></Step><Step Number="5"><LowLevelInfo><StepID>5</StepID><Description>Notes entered in the notes section and cancelled has not been saved</Description><StepExecutedTime>12:01:54 AM</StepExecutedTime><ScreenShot Name="N/A">N/A</ScreenShot><Result>PASS</Result></LowLevelInfo></Step><Step Number="6"><LowLevelInfo><StepID>6</StepID><Description>Edit text window is displaying on double clicking saved notes</Description><StepExecutedTime>12:02:01 AM</StepExecutedTime><ScreenShot Name="N/A">N/A</ScreenShot><Result>PASS</Result></LowLevelInfo></Step><Step Number="7"><LowLevelInfo><StepID>7</StepID><Description>Edit text window is not displaying on clicking cancel button</Description><StepExecutedTime>12:02:07 AM</StepExecutedTime><ScreenShot Name="N/A">N/A</ScreenShot><Result>PASS</Result></LowLevelInfo></Step><Step Number="8"><LowLevelInfo><StepID>8</StepID><Description>Text Test Automation is displaying in the saved notes section</Description><StepExecutedTime>12:02:10 AM</StepExecutedTime><ScreenShot Name="N/A">N/A</ScreenShot><Result>PASS</Result></LowLevelInfo></Step><Step Number="9"><LowLevelInfo><StepID>9</StepID><Description>Text Test Automation12345 is displaying in the saved notes section</Description><StepExecutedTime>12:02:23 AM</StepExecutedTime><ScreenShot Name="N/A">N/A</ScreenShot><Result>PASS</Result></LowLevelInfo></Step><Step Number="10"><LowLevelInfo><StepID>10</StepID><Description>Striked text is displaying in the saved notes section</Description><StepExecutedTime>12:02:39 AM</StepExecutedTime><ScreenShot Name="N/A">N/A</ScreenShot><Result>PASS</Result></LowLevelInfo></Step><Step Number="11"><LowLevelInfo><StepID>11</StepID><Description>Additional advice is displaying on summary screen on selecting patient outcome as Call Ambulance</Description><StepExecutedTime>12:02:47 AM</StepExecutedTime><ScreenShot Name="N/A">N/A</ScreenShot><Result>PASS</Result></LowLevelInfo></Step><Step Number="12"><LowLevelInfo><StepID>12</StepID><Description>Additional advice is not displaying on summary screen when patient outcome is not selected</Description><StepExecutedTime>12:03:08 AM</StepExecutedTime><ScreenShot Name="N/A">N/A</ScreenShot><Result>PASS</Result></LowLevelInfo></Step><Step Number="13"><LowLevelInfo><StepID>13</StepID><Description>Additional advice is displaying on summary screen on selecting patient outcome as Call Ambulance</Description><StepExecutedTime>12:03:17 AM</StepExecutedTime><ScreenShot Name="N/A">N/A</ScreenShot><Result>PASS</Result></LowLevelInfo></Step><Step Number="14"><LowLevelInfo><StepID>14</StepID><Description>PresentingComplaint State is selected as Knee Injury in the XML screen</Description><StepExecutedTime>12:03:25 AM</StepExecutedTime><ScreenShot Name="N/A">N/A</ScreenShot><Result>PASS</Result></LowLevelInfo></Step><Step Number="15"><LowLevelInfo><StepID>15</StepID><Description>Recommendation is selected as IMM2 in the XML screen</Description><StepExecutedTime>12:03:27 AM</StepExecutedTime><ScreenShot Name="N/A">N/A</ScreenShot><Result>PASS</Result></LowLevelInfo></Step><Step Number="16"><LowLevelInfo><StepID>16</StepID><Description>SelectedUrgencyCode is selected as IMM2 in the XML screen</Description><StepExecutedTime>12:03:29 AM</StepExecutedTime><ScreenShot Name="N/A">N/A</ScreenShot><Result>PASS</Result></LowLevelInfo></Step><Step Number="17"><LowLevelInfo><StepID>17</StepID><Description>SelectedUrgency is selected as face to face assessment within 2 hours in the XML screen</Description><StepExecutedTime>12:03:30 AM</StepExecutedTime><ScreenShot Name="N/A">N/A</ScreenShot><Result>PASS</Result></LowLevelInfo></Step><TestCaseDescription>InProcessClinician-To check the functionalities of Patient outcome, Additional Advice and Notes section in the Summary screen of InProcess</TestCaseDescription><Result>PASS</Result><EndTime>12:03:34 AM</EndTime></TestCase><TestCase StartTime="12:03:34 AM" ModuleName="ODY_1011"><TestCaseName>ODY_1011</TestCaseName><Step Number="1"><LowLevelInfo><StepID>1</StepID><Description>Close assessment layout is displaying on clicking the close assessment link on assessment screen</Description><StepExecutedTime>12:04:30 AM</StepExecutedTime><ScreenShot Name="N/A">N/A</ScreenShot><Result>PASS</Result></LowLevelInfo></Step><Step Number="2"><LowLevelInfo><StepID>2</StepID><Description>Close Assessment button is disable before selecting the reason for closing the assessment</Description><StepExecutedTime>12:04:31 AM</StepExecutedTime><ScreenShot Name="N/A">N/A</ScreenShot><Result>PASS</Result></LowLevelInfo></Step><Step Number="3"><LowLevelInfo><StepID>3</StepID><Description>Hoax option in available in Reason for close assessment Combobox</Description><StepExecutedTime>12:04:34 AM</StepExecutedTime><ScreenShot Name="N/A">N/A</ScreenShot><Result>PASS</Result></LowLevelInfo></Step><Step Number="4"><LowLevelInfo><StepID>4</StepID><Description>Hangup option in available in Reason for close assessment Combobox</Description><StepExecutedTime>12:04:37 AM</StepExecutedTime><ScreenShot Name="N/A">N/A</ScreenShot><Result>PASS</Result></LowLevelInfo></Step><Step Number="5"><LowLevelInfo><StepID>5</StepID><Description>Other option in available in Reason for close assessment Combobox</Description><StepExecutedTime>12:04:39 AM</StepExecutedTime><ScreenShot Name="N/A">N/A</ScreenShot><Result>PASS</Result></LowLevelInfo></Step><Step Number="6"><LowLevelInfo><StepID>6</StepID><Description>Return to Asssessment button is enable in the Close assessment layout</Description><StepExecutedTime>12:04:41 AM</StepExecutedTime><ScreenShot Name="N/A">N/A</ScreenShot><Result>PASS</Result></LowLevelInfo></Step><Step Number="7"><LowLevelInfo><StepID>7</StepID><Description>Close Assessment button is enable after selecting the reason for closing the assessment</Description><StepExecutedTime>12:04:43 AM</StepExecutedTime><ScreenShot Name="N/A">N/A</ScreenShot><Result>PASS</Result></LowLevelInfo></Step><Step Number="8"><LowLevelInfo><StepID>8</StepID><Description>Reson Text box is not enable since Other option is not selected as Reason for closing the assessment</Description><StepExecutedTime>12:04:45 AM</StepExecutedTime><ScreenShot Name="N/A">N/A</ScreenShot><Result>PASS</Result></LowLevelInfo></Step><Step Number="9"><LowLevelInfo><StepID>9</StepID><Description>Hoax option in available in Reason for close assessment Combobox</Description><StepExecutedTime>12:04:47 AM</StepExecutedTime><ScreenShot Name="N/A">N/A</ScreenShot><Result>PASS</Result></LowLevelInfo></Step><Step Number="10"><LowLevelInfo><StepID>10</StepID><Description>Reson Text box is enable since Other option is selected as Reason for closing the assessment</Description><StepExecutedTime>12:04:50 AM</StepExecutedTime><ScreenShot Name="N/A">N/A</ScreenShot><Result>PASS</Result></LowLevelInfo></Step><Step Number="11"><LowLevelInfo><StepID>11</StepID><Description>Other option in available in Reason for close assessment Combobox</Description><StepExecutedTime>12:04:52 AM</StepExecutedTime><ScreenShot Name="N/A">N/A</ScreenShot><Result>PASS</Result></LowLevelInfo></Step><Step Number="12"><LowLevelInfo><StepID>12</StepID><Description>Close Assessment layout is closed when Resurn to Assessment button clicked</Description><StepExecutedTime>12:04:56 AM</StepExecutedTime><ScreenShot Name="N/A">N/A</ScreenShot><Result>PASS</Result></LowLevelInfo></Step><Step Number="13"><LowLevelInfo><StepID>13</StepID><Description>Other option in available in Reason for close assessment Combobox</Description><StepExecutedTime>12:05:01 AM</StepExecutedTime><ScreenShot Name="N/A">N/A</ScreenShot><Result>PASS</Result></LowLevelInfo></Step><Step Number="14"><LowLevelInfo><StepID>14</StepID><Description>Summary screen is displaying on clicking Close assessment Button</Description><StepExecutedTime>12:05:06 AM</StepExecutedTime><ScreenShot Name="N/A">N/A</ScreenShot><Result>PASS</Result></LowLevelInfo></Step><Step Number="15"><LowLevelInfo><StepID>15</StepID><Description>Closed: Hoxed is displaying in the patient OutCome</Description><StepExecutedTime>12:05:08 AM</StepExecutedTime><ScreenShot Name="N/A">N/A</ScreenShot><Result>PASS</Result></LowLevelInfo></Step><Step Number="16"><LowLevelInfo><StepID>16</StepID><Description>XML screen is displaying on clicking Complete button in Summary screen</Description><StepExecutedTime>12:05:14 AM</StepExecutedTime><ScreenShot Name="N/A">N/A</ScreenShot><Result>PASS</Result></LowLevelInfo></Step><Step Number="17"><LowLevelInfo><StepID>17</StepID><Description>Assessment State is displaying as Ended in the XML screen</Description><StepExecutedTime>12:05:16 AM</StepExecutedTime><ScreenShot Name="N/A">N/A</ScreenShot><Result>PASS</Result></LowLevelInfo></Step><Step Number="18"><LowLevelInfo><StepID>18</StepID><Description>PresentingComplaint State is selected as Knee Injury in the XML screen</Description><StepExecutedTime>12:05:17 AM</StepExecutedTime><ScreenShot Name="N/A">N/A</ScreenShot><Result>PASS</Result></LowLevelInfo></Step><Step Number="19"><LowLevelInfo><StepID>19</StepID><Description>PatientOutcome is displaying as Closed: Hoax in the XML screen</Description><StepExecutedTime>12:05:19 AM</StepExecutedTime><ScreenShot Name="N/A">N/A</ScreenShot><Result>PASS</Result></LowLevelInfo></Step><Step Number="20"><LowLevelInfo><StepID>20</StepID><Description>Gender is Female in the generated XML</Description><StepExecutedTime>12:05:21 AM</StepExecutedTime><ScreenShot Name="N/A">N/A</ScreenShot><Result>PASS</Result></LowLevelInfo></Step><Step Number="21"><LowLevelInfo><StepID>21</StepID><Description>Presenting Complaint is Knee Injury in the generated XML</Description><StepExecutedTime>12:05:23 AM</StepExecutedTime><ScreenShot Name="N/A">N/A</ScreenShot><Result>PASS</Result></LowLevelInfo></Step><Step Number="22"><LowLevelInfo><StepID>22</StepID><Description>SessionStatus is Ended in the generated XML</Description><StepExecutedTime>12:05:24 AM</StepExecutedTime><ScreenShot Name="N/A">N/A</ScreenShot><Result>PASS</Result></LowLevelInfo></Step><Step Number="23"><LowLevelInfo><StepID>23</StepID><Description>SessionType is Clinical in the generated XML</Description><StepExecutedTime>12:05:26 AM</StepExecutedTime><ScreenShot Name="N/A">N/A</ScreenShot><Result>PASS</Result></LowLevelInfo></Step><Step Number="24"><LowLevelInfo><StepID>24</StepID><Description>SelectedOutcome is Closed: Hoax in the generated XML</Description><StepExecutedTime>12:05:27 AM</StepExecutedTime><ScreenShot Name="N/A">N/A</ScreenShot><Result>PASS</Result></LowLevelInfo></Step><Step Number="25"><LowLevelInfo><StepID>25</StepID><Description>RecommendedUrgencyMessage is blank in the generated XML</Description><StepExecutedTime>12:05:29 AM</StepExecutedTime><ScreenShot Name="N/A">N/A</ScreenShot><Result>PASS</Result></LowLevelInfo></Step><Step Number="26"><LowLevelInfo><StepID>26</StepID><Description>RecommendedUrgencyCode is blank in the generated XML</Description><StepExecutedTime>12:05:31 AM</StepExecutedTime><ScreenShot Name="N/A">N/A</ScreenShot><Result>PASS</Result></LowLevelInfo></Step><Step Number="27"><LowLevelInfo><StepID>27</StepID><Description>SelectedUrgencyMessage is blank in the generated XML</Description><StepExecutedTime>12:05:32 AM</StepExecutedTime><ScreenShot Name="N/A">N/A</ScreenShot><Result>PASS</Result></LowLevelInfo></Step><Step Number="28"><LowLevelInfo><StepID>28</StepID><Description>SelectedUrgencyCode is blank in the generated XML</Description><StepExecutedTime>12:05:34 AM</StepExecutedTime><ScreenShot Name="N/A">N/A</ScreenShot><Result>PASS</Result></LowLevelInfo></Step><TestCaseDescription>InprocessClinician-To Check Close Assessment option available on the LHS of the Assessment screen in InProcess</TestCaseDescription><Result>PASS</Result><EndTime>12:05:38 AM</EndTime></TestCase><TestCase StartTime="12:05:38 AM" ModuleName="ODY_9922"><TestCaseName>ODY_9922</TestCaseName><Step Number="1"><LowLevelInfo><StepID>1</StepID><Description>EMER message displayed and for proceeding to triage screen</Description><StepExecutedTime>12:06:48 AM</StepExecutedTime><ScreenShot Name="N/A">N/A</ScreenShot><Result>PASS</Result></LowLevelInfo></Step><Step Number="2"><LowLevelInfo><StepID>2</StepID><Description>IMLT warning message displayed and for proceeding to triage screen</Description><StepExecutedTime>12:06:52 AM</StepExecutedTime><ScreenShot Name="N/A">N/A</ScreenShot><Result>PASS</Result></LowLevelInfo></Step><Step Number="3"><LowLevelInfo><StepID>3</StepID><Description>IMLT message displayed and for proceeding to triage screen</Description><StepExecutedTime>12:06:55 AM</StepExecutedTime><ScreenShot Name="N/A">N/A</ScreenShot><Result>PASS</Result></LowLevelInfo></Step><Step Number="4"><LowLevelInfo><StepID>4</StepID><Description>IMLT message displayed and for proceeding to triage screen</Description><StepExecutedTime>12:06:58 AM</StepExecutedTime><ScreenShot Name="N/A">N/A</ScreenShot><Result>PASS</Result></LowLevelInfo></Step><Step Number="5"><LowLevelInfo><StepID>5</StepID><Description>Audit for AmbulanceWarning with description as User opted to continue the Assessment for EMER with the scoring level of NN triggered is logged</Description><StepExecutedTime>12:07:02 AM</StepExecutedTime><ScreenShot Name="N/A">N/A</ScreenShot><Result>PASS</Result></LowLevelInfo></Step><Step Number="6"><LowLevelInfo><StepID>6</StepID><Description>IMLT warning message displayed and for proceeding to triage screen</Description><StepExecutedTime>12:07:16 AM</StepExecutedTime><ScreenShot Name="N/A">N/A</ScreenShot><Result>PASS</Result></LowLevelInfo></Step><Step Number="7"><LowLevelInfo><StepID>7</StepID><Description>Recommend Emergency is suggested by odyssey in triage screen</Description><StepExecutedTime>12:07:19 AM</StepExecutedTime><ScreenShot Name="N/A">N/A</ScreenShot><Result>PASS</Result></LowLevelInfo></Step><Step Number="8"><LowLevelInfo><StepID>8</StepID><Description>Emergency Ambulance is selected urgency by clinician in shown Summary screen</Description><StepExecutedTime>12:07:25 AM</StepExecutedTime><ScreenShot Name="N/A">N/A</ScreenShot><Result>PASS</Result></LowLevelInfo></Step><Step Number="9"><LowLevelInfo><StepID>9</StepID><Description>Assessment has been completed on clicking complete button</Description><StepExecutedTime>12:07:37 AM</StepExecutedTime><ScreenShot Name="N/A">N/A</ScreenShot><Result>PASS</Result></LowLevelInfo></Step><Step Number="10"><LowLevelInfo><StepID>10</StepID><Description>EMER is the urgency code saved against the Assessment completed with IMLT</Description><StepExecutedTime>12:07:41 AM</StepExecutedTime><ScreenShot Name="N/A">N/A</ScreenShot><Result>PASS</Result></LowLevelInfo></Step><TestCaseDescription>InprocessClinician-Test case to display relevant EMER message based on the number of the call disposals and choose to Go Back</TestCaseDescription><Result>PASS</Result><EndTime>12:07:41 AM</EndTime></TestCase><TestCase StartTime="12:07:41 AM" ModuleName="ODY_9923"><TestCaseName>ODY_9923</TestCaseName><Step Number="1"><LowLevelInfo><StepID>1</StepID><Description>IMLT message displayed and for proceeding to triage screen</Description><StepExecutedTime>12:08:48 AM</StepExecutedTime><ScreenShot Name="N/A">N/A</ScreenShot><Result>PASS</Result></LowLevelInfo></Step><Step Number="2"><LowLevelInfo><StepID>2</StepID><Description>IMLT warning message displayed and for proceeding to triage screen</Description><StepExecutedTime>12:08:52 AM</StepExecutedTime><ScreenShot Name="N/A">N/A</ScreenShot><Result>PASS</Result></LowLevelInfo></Step><Step Number="3"><LowLevelInfo><StepID>3</StepID><Description>IMLT message displayed and for proceeding to triage screen</Description><StepExecutedTime>12:08:55 AM</StepExecutedTime><ScreenShot Name="N/A">N/A</ScreenShot><Result>PASS</Result></LowLevelInfo></Step><Step Number="4"><LowLevelInfo><StepID>4</StepID><Description>IMLT message displayed and for proceeding to triage screen</Description><StepExecutedTime>12:08:58 AM</StepExecutedTime><ScreenShot Name="N/A">N/A</ScreenShot><Result>PASS</Result></LowLevelInfo></Step><Step Number="5"><LowLevelInfo><StepID>5</StepID><Description>Audit for AmbulanceWarning with description as User opted to move to triage screen for EMER with the scoring level of IMLT triggered is logged</Description><StepExecutedTime>12:09:01 AM</StepExecutedTime><ScreenShot Name="N/A">N/A</ScreenShot><Result>PASS</Result></LowLevelInfo></Step><Step Number="6"><LowLevelInfo><StepID>6</StepID><Description>Recommend Emergency is suggested by odyssey in triage screen</Description><StepExecutedTime>12:09:06 AM</StepExecutedTime><ScreenShot Name="N/A">N/A</ScreenShot><Result>PASS</Result></LowLevelInfo></Step><Step Number="7"><LowLevelInfo><StepID>7</StepID><Description>Assessment has been completed on clicking complete button</Description><StepExecutedTime>12:09:23 AM</StepExecutedTime><ScreenShot Name="N/A">N/A</ScreenShot><Result>PASS</Result></LowLevelInfo></Step><Step Number="8"><LowLevelInfo><StepID>8</StepID><Description>EMER is the urgency code saved against the Assessment completed with IMLT</Description><StepExecutedTime>12:09:26 AM</StepExecutedTime><ScreenShot Name="N/A">N/A</ScreenShot><Result>PASS</Result></LowLevelInfo></Step><TestCaseDescription>InprocessClinician-Test case to display relevant IMLT message based on the number of the call disposals and proceed with end call</TestCaseDescription><Result>PASS</Result><EndTime>12:09:26 AM</EndTime></TestCase><TestCase StartTime="12:09:26 AM" ModuleName="ODY_1493"><TestCaseName>ODY_1493</TestCaseName><Step Number="1"><LowLevelInfo><StepID>1</StepID><Description>Number of question is 6  by default for presenting complaint</Description><StepExecutedTime>12:10:24 AM</StepExecutedTime><ScreenShot Name="N/A">N/A</ScreenShot><Result>PASS</Result></LowLevelInfo></Step><Step Number="2"><LowLevelInfo><StepID>2</StepID><Description>Number of question is changed to 12 after changing answers  under Complains Of screen</Description><StepExecutedTime>12:10:32 AM</StepExecutedTime><ScreenShot Name="N/A">N/A</ScreenShot><Result>PASS</Result></LowLevelInfo></Step><Step Number="3"><LowLevelInfo><StepID>3</StepID><Description>Clinician appointment 6 hours is displayed as Action Advised</Description><StepExecutedTime>12:11:29 AM</StepExecutedTime><ScreenShot Name="N/A">N/A</ScreenShot><Result>PASS</Result></LowLevelInfo></Step><Step Number="4"><LowLevelInfo><StepID>4</StepID><Description>Clinician appointment 6 hours option is available under Action Selected dropdown</Description><StepExecutedTime>12:11:32 AM</StepExecutedTime><ScreenShot Name="N/A">N/A</ScreenShot><Result>PASS</Result></LowLevelInfo></Step><Step Number="5"><LowLevelInfo><StepID>5</StepID><Description>20 minute clinician call back option is available under Action Selected dropdown</Description><StepExecutedTime>12:11:35 AM</StepExecutedTime><ScreenShot Name="N/A">N/A</ScreenShot><Result>PASS</Result></LowLevelInfo></Step><Step Number="6"><LowLevelInfo><StepID>6</StepID><Description>1 hour clinician appointment option is available under Action Selected dropdown</Description><StepExecutedTime>12:11:40 AM</StepExecutedTime><ScreenShot Name="N/A">N/A</ScreenShot><Result>PASS</Result></LowLevelInfo></Step><Step Number="7"><LowLevelInfo><StepID>7</StepID><Description>Transfer to Emergency Ambulance Service option is available under Action Selected dropdown</Description><StepExecutedTime>12:11:45 AM</StepExecutedTime><ScreenShot Name="N/A">N/A</ScreenShot><Result>PASS</Result></LowLevelInfo></Step><Step Number="8"><LowLevelInfo><StepID>8</StepID><Description>Clinician appointment within the next day 24 hours option is not hidden from Action Selected as assessment urgency is Clinician appointment 6 hours</Description><StepExecutedTime>12:11:51 AM</StepExecutedTime><ScreenShot Name="View">..\Module Results\Snapshot\2_17_0_11_51.png</ScreenShot><Result>FAIL</Result></LowLevelInfo></Step><Step Number="9"><LowLevelInfo><StepID>9</StepID><Description>Routine appointment option is not hidden from Action Selected as assessment urgency is Clinician appointment 6 hours</Description><StepExecutedTime>12:11:53 AM</StepExecutedTime><ScreenShot Name="View">..\Module Results\Snapshot\2_17_0_11_53.png</ScreenShot><Result>FAIL</Result></LowLevelInfo></Step><Step Number="10"><LowLevelInfo><StepID>10</StepID><Description>CallHandlerAdvice option is not hidden from Action Selected as assessment urgency is Clinician appointment 6 hours</Description><StepExecutedTime>12:11:56 AM</StepExecutedTime><ScreenShot Name="View">..\Module Results\Snapshot\2_17_0_11_56.png</ScreenShot><Result>FAIL</Result></LowLevelInfo></Step><Step Number="11"><LowLevelInfo><StepID>11</StepID><Description>Call handler advice is displayed as Action Advised</Description><StepExecutedTime>12:12:20 AM</StepExecutedTime><ScreenShot Name="N/A">N/A</ScreenShot><Result>PASS</Result></LowLevelInfo></Step><Step Number="12"><LowLevelInfo><StepID>12</StepID><Description>1 hour clinician appointment option is available under Action Selected dropdown</Description><StepExecutedTime>12:12:22 AM</StepExecutedTime><ScreenShot Name="N/A">N/A</ScreenShot><Result>PASS</Result></LowLevelInfo></Step><Step Number="13"><LowLevelInfo><StepID>13</StepID><Description>20 minute clinician call back option is available under Action Selected dropdown</Description><StepExecutedTime>12:12:29 AM</StepExecutedTime><ScreenShot Name="N/A">N/A</ScreenShot><Result>PASS</Result></LowLevelInfo></Step><Step Number="14"><LowLevelInfo><StepID>14</StepID><Description>Transfer to Emergency Ambulance Service option is available under Action Selected dropdown</Description><StepExecutedTime>12:12:38 AM</StepExecutedTime><ScreenShot Name="N/A">N/A</ScreenShot><Result>PASS</Result></LowLevelInfo></Step><Step Number="15"><LowLevelInfo><StepID>15</StepID><Description>Clinician appointment within the next day 24 hours is available under Action Selected dropdown</Description><StepExecutedTime>12:12:49 AM</StepExecutedTime><ScreenShot Name="N/A">N/A</ScreenShot><Result>PASS</Result></LowLevelInfo></Step><Step Number="16"><LowLevelInfo><StepID>16</StepID><Description>Routine appointment option is available under Action Selected dropdown</Description><StepExecutedTime>12:13:02 AM</StepExecutedTime><ScreenShot Name="N/A">N/A</ScreenShot><Result>PASS</Result></LowLevelInfo></Step><Step Number="17"><LowLevelInfo><StepID>17</StepID><Description>Call Handler Advice option is available under Action Selected dropdown</Description><StepExecutedTime>12:13:09 AM</StepExecutedTime><ScreenShot Name="N/A">N/A</ScreenShot><Result>PASS</Result></LowLevelInfo></Step><Step Number="18"><LowLevelInfo><StepID>18</StepID><Description>XML screen is displaying on transferring assessment in Summary screen</Description><StepExecutedTime>12:13:48 AM</StepExecutedTime><ScreenShot Name="N/A">N/A</ScreenShot><Result>PASS</Result></LowLevelInfo></Step><Step Number="19"><LowLevelInfo><StepID>19</StepID><Description>Selected Outcome is displaying in the generated XML</Description><StepExecutedTime>12:13:51 AM</StepExecutedTime><ScreenShot Name="N/A">N/A</ScreenShot><Result>PASS</Result></LowLevelInfo></Step><Step Number="20"><LowLevelInfo><StepID>20</StepID><Description>Assessment State is displaying as Waiting in the XML screen</Description><StepExecutedTime>12:13:54 AM</StepExecutedTime><ScreenShot Name="N/A">N/A</ScreenShot><Result>PASS</Result></LowLevelInfo></Step><Step Number="21"><LowLevelInfo><StepID>21</StepID><Description>Patient Outcome is displayed in the Summery screen for Completed assessment</Description><StepExecutedTime>12:14:36 AM</StepExecutedTime><ScreenShot Name="N/A">N/A</ScreenShot><Result>PASS</Result></LowLevelInfo></Step><Step Number="22"><LowLevelInfo><StepID>22</StepID><Description>Patient Outcome dropdown is disabled as expected in the Summery screen for Completed assessment</Description><StepExecutedTime>12:14:38 AM</StepExecutedTime><ScreenShot Name="N/A">N/A</ScreenShot><Result>PASS</Result></LowLevelInfo></Step><Step Number="23"><LowLevelInfo><StepID>23</StepID><Description>Close button is displayed in the Summery screen for Completed assessment</Description><StepExecutedTime>12:14:42 AM</StepExecutedTime><ScreenShot Name="N/A">N/A</ScreenShot><Result>PASS</Result></LowLevelInfo></Step><Step Number="24"><LowLevelInfo><StepID>24</StepID><Description>Iteration Type is not blank for assessment transferried by CallHandler</Description><StepExecutedTime>12:14:46 AM</StepExecutedTime><ScreenShot Name="View">..\Module Results\Snapshot\2_17_0_14_46.png</ScreenShot><Result>FAIL</Result></LowLevelInfo></Step><Step Number="25"><LowLevelInfo><StepID>25</StepID><Description>Session status is Waiting for assessment transferried by CallHandler</Description><StepExecutedTime>12:14:47 AM</StepExecutedTime><ScreenShot Name="N/A">N/A</ScreenShot><Result>PASS</Result></LowLevelInfo></Step><TestCaseDescription>InProcessCallHandler-To check the functionalities of the review assessment by a call handler.</TestCaseDescription><Result>FAIL</Result><EndTime>12:14:47 AM</EndTime></TestCase><TestCase StartTime="12:14:47 AM" ModuleName="ODY_3312"><TestCaseName>ODY_3312</TestCaseName><Step Number="1"><LowLevelInfo><StepID>1</StepID><Description>Change Presenting Complaint button is hidden upon answering question in the assessment screen</Description><StepExecutedTime>12:15:57 AM</StepExecutedTime><ScreenShot Name="N/A">N/A</ScreenShot><Result>PASS</Result></LowLevelInfo></Step><Step Number="2"><LowLevelInfo><StepID>2</StepID><Description>Patient Outcome label is displaying in the CareAdvice popup window</Description><StepExecutedTime>12:16:06 AM</StepExecutedTime><ScreenShot Name="N/A">N/A</ScreenShot><Result>PASS</Result></LowLevelInfo></Step><Step Number="3"><LowLevelInfo><StepID>3</StepID><Description>Pass to Clinician is disabled without selecting patient outcome in the CareAdvice popup window</Description><StepExecutedTime>12:16:11 AM</StepExecutedTime><ScreenShot Name="N/A">N/A</ScreenShot><Result>PASS</Result></LowLevelInfo></Step><Step Number="4"><LowLevelInfo><StepID>4</StepID><Description>Pass to Clinician is enabled after selecting patient outcome in the CareAdvice popup window</Description><StepExecutedTime>12:16:20 AM</StepExecutedTime><ScreenShot Name="N/A">N/A</ScreenShot><Result>PASS</Result></LowLevelInfo></Step><TestCaseDescription>InProcessCallHandler-To check the functionalities of Patient outcome for call handler in 1st assessment screen.</TestCaseDescription><Result>PASS</Result><EndTime>12:16:30 AM</EndTime></TestCase><TestCase StartTime="12:16:30 AM" ModuleName="ODY_6828"><TestCaseName>ODY_6828</TestCaseName><Step Number="1"><LowLevelInfo><StepID>1</StepID><Description>Summary screen is displaying on selecting all ans and clicked on continue button in assessment screen</Description><StepExecutedTime>12:18:51 AM</StepExecutedTime><ScreenShot Name="N/A">N/A</ScreenShot><Result>PASS</Result></LowLevelInfo></Step><Step Number="2"><LowLevelInfo><StepID>2</StepID><Description>Patient Outcome label is displaying in the Summary screen when application is configured for Patient Outcome</Description><StepExecutedTime>12:18:56 AM</StepExecutedTime><ScreenShot Name="N/A">N/A</ScreenShot><Result>PASS</Result></LowLevelInfo></Step><Step Number="3"><LowLevelInfo><StepID>3</StepID><Description>Patient Outcome is blank by default in the Summary screen</Description><StepExecutedTime>12:18:58 AM</StepExecutedTime><ScreenShot Name="N/A">N/A</ScreenShot><Result>PASS</Result></LowLevelInfo></Step><Step Number="4"><LowLevelInfo><StepID>4</StepID><Description>Patient Outcome is set to Test Outcome in the Summary screen</Description><StepExecutedTime>12:19:04 AM</StepExecutedTime><ScreenShot Name="N/A">N/A</ScreenShot><Result>PASS</Result></LowLevelInfo></Step><Step Number="5"><LowLevelInfo><StepID>5</StepID><Description>Variance popup box is displaying with the water mark on changing the urgency and clicking on Continue summary screen button</Description><StepExecutedTime>12:19:10 AM</StepExecutedTime><ScreenShot Name="N/A">N/A</ScreenShot><Result>PASS</Result></LowLevelInfo></Step><Step Number="6"><LowLevelInfo><StepID>6</StepID><Description>Patient Outcome is reset to blank upon change in Selected Action in the Summary screen</Description><StepExecutedTime>12:19:18 AM</StepExecutedTime><ScreenShot Name="N/A">N/A</ScreenShot><Result>PASS</Result></LowLevelInfo></Step><Step Number="7"><LowLevelInfo><StepID>7</StepID><Description>Patient Outcome is set to Test Outcome in the Summary screen</Description><StepExecutedTime>12:19:25 AM</StepExecutedTime><ScreenShot Name="N/A">N/A</ScreenShot><Result>PASS</Result></LowLevelInfo></Step><Step Number="8"><LowLevelInfo><StepID>8</StepID><Description>Default screen is displaying on clicking Complete button in the warning pop up</Description><StepExecutedTime>12:19:51 AM</StepExecutedTime><ScreenShot Name="N/A">N/A</ScreenShot><Result>PASS</Result></LowLevelInfo></Step><Step Number="9"><LowLevelInfo><StepID>9</StepID><Description>Test Outcome is displaying in database after completing an assessment.</Description><StepExecutedTime>12:19:51 AM</StepExecutedTime><ScreenShot Name="N/A">N/A</ScreenShot><Result>PASS</Result></LowLevelInfo></Step><TestCaseDescription>InProcessCallHandler-Patient outcome is not getting refreshed for change of urgency.</TestCaseDescription><Result>PASS</Result><EndTime>12:19:55 AM</EndTime></TestCase><TestCase StartTime="12:19:55 AM" ModuleName="ODY_9920"><TestCaseName>ODY_9920</TestCaseName><Step Number="1"><LowLevelInfo><StepID>1</StepID><Description>Recommended transferring this call to a clinician now message box is displaying</Description><StepExecutedTime>12:21:12 AM</StepExecutedTime><ScreenShot Name="N/A">N/A</ScreenShot><Result>PASS</Result></LowLevelInfo></Step><Step Number="2"><LowLevelInfo><StepID>2</StepID><Description>IMLT warning message displayed and for proceeding to triage screen</Description><StepExecutedTime>12:21:16 AM</StepExecutedTime><ScreenShot Name="N/A">N/A</ScreenShot><Result>PASS</Result></LowLevelInfo></Step><Step Number="3"><LowLevelInfo><StepID>3</StepID><Description>Audit for AmbulanceWarning with description as We suggest that an Ambulance is sent for the patient is logged</Description><StepExecutedTime>12:21:16 AM</StepExecutedTime><ScreenShot Name="N/A">N/A</ScreenShot><Result>PASS</Result></LowLevelInfo></Step><Step Number="4"><LowLevelInfo><StepID>4</StepID><Description>Transfer to emergency ambulance service Action required is displaying</Description><StepExecutedTime>12:21:23 AM</StepExecutedTime><ScreenShot Name="N/A">N/A</ScreenShot><Result>PASS</Result></LowLevelInfo></Step><Step Number="5"><LowLevelInfo><StepID>5</StepID><Description>Audit for AmbulanceWarning with description as Odyssey suggests that an Ambulance is sent for the patient - Immediate Life Threatening : User Selected - Go Back is logged</Description><StepExecutedTime>12:21:23 AM</StepExecutedTime><ScreenShot Name="N/A">N/A</ScreenShot><Result>PASS</Result></LowLevelInfo></Step><Step Number="6"><LowLevelInfo><StepID>6</StepID><Description>CareAdvice Overlay is displaying on click of Continue</Description><StepExecutedTime>12:21:31 AM</StepExecutedTime><ScreenShot Name="N/A">N/A</ScreenShot><Result>PASS</Result></LowLevelInfo></Step><Step Number="7"><LowLevelInfo><StepID>7</StepID><Description>EMER is the urgency code saved against the Assessment completed with IMLT</Description><StepExecutedTime>12:21:56 AM</StepExecutedTime><ScreenShot Name="N/A">N/A</ScreenShot><Result>PASS</Result></LowLevelInfo></Step><TestCaseDescription>InprocessCallHandler-Test case to display relevant IMLT message in 1st assessment screen for firstcall based on the number of the call disposals</TestCaseDescription><Result>PASS</Result><EndTime>12:21:56 AM</EndTime></TestCase><TestCase StartTime="12:21:56 AM" ModuleName="ODY_9924"><TestCaseName>ODY_9924</TestCaseName><Step Number="1"><LowLevelInfo><StepID>1</StepID><Description>Recommended transferring this call to a clinician now message box is displaying</Description><StepExecutedTime>12:23:17 AM</StepExecutedTime><ScreenShot Name="N/A">N/A</ScreenShot><Result>PASS</Result></LowLevelInfo></Step><Step Number="2"><LowLevelInfo><StepID>2</StepID><Description>Audit for AmbulanceWarning with description as We suggest that an Ambulance is sent for the patient is logged</Description><StepExecutedTime>12:23:17 AM</StepExecutedTime><ScreenShot Name="N/A">N/A</ScreenShot><Result>PASS</Result></LowLevelInfo></Step><Step Number="3"><LowLevelInfo><StepID>3</StepID><Description>CareAdvice Overlay is displaying on click of Continue</Description><StepExecutedTime>12:23:21 AM</StepExecutedTime><ScreenShot Name="N/A">N/A</ScreenShot><Result>PASS</Result></LowLevelInfo></Step><Step Number="4"><LowLevelInfo><StepID>4</StepID><Description>Audit for AmbulanceWarning with description as Odyssey suggests that an Ambulance is sent for the patient - Immediate Life Threatening : User Selected - Continue is logged</Description><StepExecutedTime>12:23:21 AM</StepExecutedTime><ScreenShot Name="N/A">N/A</ScreenShot><Result>PASS</Result></LowLevelInfo></Step><Step Number="5"><LowLevelInfo><StepID>5</StepID><Description>EMER is the urgency code saved against the Assessment completed with IMLT</Description><StepExecutedTime>12:23:49 AM</StepExecutedTime><ScreenShot Name="N/A">N/A</ScreenShot><Result>PASS</Result></LowLevelInfo></Step><TestCaseDescription>InprocessCallHandler-Test case to display relevant IMLT message for second assessment screen for FirstCall based on the number of the call disposals</TestCaseDescription><Result>PASS</Result><EndTime>12:23:49 AM</EndTime></TestCase><TestCase StartTime="12:23:49 AM" ModuleName="ODY_9921"><TestCaseName>ODY_9921</TestCaseName><Step Number="1"><LowLevelInfo><StepID>1</StepID><Description>Recommended transferring this call to a clinician now message box is displaying</Description><StepExecutedTime>12:25:15 AM</StepExecutedTime><ScreenShot Name="N/A">N/A</ScreenShot><Result>PASS</Result></LowLevelInfo></Step><Step Number="2"><LowLevelInfo><StepID>2</StepID><Description>Audit for AmbulanceWarning with description as We suggest that an Ambulance is sent for the patient is logged</Description><StepExecutedTime>12:25:15 AM</StepExecutedTime><ScreenShot Name="N/A">N/A</ScreenShot><Result>PASS</Result></LowLevelInfo></Step><Step Number="3"><LowLevelInfo><StepID>3</StepID><Description>CareAdvice Overlay is displaying on click of Continue</Description><StepExecutedTime>12:25:19 AM</StepExecutedTime><ScreenShot Name="N/A">N/A</ScreenShot><Result>PASS</Result></LowLevelInfo></Step><Step Number="4"><LowLevelInfo><StepID>4</StepID><Description>Audit for AmbulanceWarning with description as Odyssey suggests that an Ambulance is sent for the patient : User Selected - Continue is logged</Description><StepExecutedTime>12:25:19 AM</StepExecutedTime><ScreenShot Name="N/A">N/A</ScreenShot><Result>PASS</Result></LowLevelInfo></Step><Step Number="5"><LowLevelInfo><StepID>5</StepID><Description>EMER is the urgency code saved against the Assessment completed with IMLT</Description><StepExecutedTime>12:25:46 AM</StepExecutedTime><ScreenShot Name="N/A">N/A</ScreenShot><Result>PASS</Result></LowLevelInfo></Step><TestCaseDescription>InprocessCallHandler-Test case to display relevant EMER message for firstcall based on the number of the call disposals</TestCaseDescription><Result>PASS</Result><EndTime>12:25:46 AM</EndTime><EndExecutionTime>17/Feb/2023   12:25:46 AM</EndExecutionTime><TotalTimeTaken>00:25:47</TotalTimeTaken></TestCase></Root>
