<?xml-stylesheet type='text/xsl' href='DetailXmlReference/LogReport.xsl'?>
<Root><StartTime>17/Feb/2023   12:39:54 AM</StartTime><Browser>BROWSERNAME - Version: BrowserName</Browser><Module>NEWTESTHARNESS</Module><TestCase StartTime="12:39:54 AM" ModuleName="ODY_987"><TestCaseName>ODY_987</TestCaseName><Step Number="1"><LowLevelInfo><StepID>1</StepID><Description>Service URL is not displaying in the TestHarness</Description><StepExecutedTime>12:40:23 AM</StepExecutedTime><ScreenShot Name="View">..\Module Results\Snapshot\2_17_0_40_23.png</ScreenShot><Result>FAIL</Result></LowLevelInfo></Step><Step Number="2"><LowLevelInfo><StepID>2</StepID><Description>Username name is displaying in the Usename text box</Description><StepExecutedTime>12:40:29 AM</StepExecutedTime><ScreenShot Name="N/A">N/A</ScreenShot><Result>PASS</Result></LowLevelInfo></Step><Step Number="3"><LowLevelInfo><StepID>3</StepID><Description>Default Role is displaying as Basic Telephone Clinician in the Role combo box</Description><StepExecutedTime>12:40:31 AM</StepExecutedTime><ScreenShot Name="N/A">N/A</ScreenShot><Result>PASS</Result></LowLevelInfo></Step><Step Number="4"><LowLevelInfo><StepID>4</StepID><Description>Clinician Role is displaying in the Roles dropdown</Description><StepExecutedTime>12:40:35 AM</StepExecutedTime><ScreenShot Name="N/A">N/A</ScreenShot><Result>PASS</Result></LowLevelInfo></Step><Step Number="5"><LowLevelInfo><StepID>5</StepID><Description>Basic Telephone Clinician Role is displaying in the Roles dropdown</Description><StepExecutedTime>12:40:39 AM</StepExecutedTime><ScreenShot Name="N/A">N/A</ScreenShot><Result>PASS</Result></LowLevelInfo></Step><Step Number="6"><LowLevelInfo><StepID>6</StepID><Description>Call Handler Role is displaying in the Roles dropdown</Description><StepExecutedTime>12:40:43 AM</StepExecutedTime><ScreenShot Name="N/A">N/A</ScreenShot><Result>PASS</Result></LowLevelInfo></Step><Step Number="7"><LowLevelInfo><StepID>7</StepID><Description>FaceToFace Clinician Role is displaying in the Roles dropdown</Description><StepExecutedTime>12:40:47 AM</StepExecutedTime><ScreenShot Name="N/A">N/A</ScreenShot><Result>PASS</Result></LowLevelInfo></Step><Step Number="8"><LowLevelInfo><StepID>8</StepID><Description>Multi Role Clinician Role is displaying in the Roles dropdown</Description><StepExecutedTime>12:40:51 AM</StepExecutedTime><ScreenShot Name="N/A">N/A</ScreenShot><Result>PASS</Result></LowLevelInfo></Step><Step Number="9"><LowLevelInfo><StepID>9</StepID><Description>Receptionist Role is displaying in the Roles dropdown</Description><StepExecutedTime>12:40:56 AM</StepExecutedTime><ScreenShot Name="N/A">N/A</ScreenShot><Result>PASS</Result></LowLevelInfo></Step><Step Number="10"><LowLevelInfo><StepID>10</StepID><Description>TeleAssess is displaying in the Product text box</Description><StepExecutedTime>12:40:57 AM</StepExecutedTime><ScreenShot Name="N/A">N/A</ScreenShot><Result>PASS</Result></LowLevelInfo></Step><Step Number="11"><LowLevelInfo><StepID>11</StepID><Description>Clinical is displaying in the Product Type text box</Description><StepExecutedTime>12:40:59 AM</StepExecutedTime><ScreenShot Name="N/A">N/A</ScreenShot><Result>PASS</Result></LowLevelInfo></Step><Step Number="12"><LowLevelInfo><StepID>12</StepID><Description>en is displaying in the Culture text box</Description><StepExecutedTime>12:41:00 AM</StepExecutedTime><ScreenShot Name="N/A">N/A</ScreenShot><Result>PASS</Result></LowLevelInfo></Step><Step Number="13"><LowLevelInfo><StepID>13</StepID><Description>GB is displaying in the CurrentLocation text box</Description><StepExecutedTime>12:41:02 AM</StepExecutedTime><ScreenShot Name="N/A">N/A</ScreenShot><Result>PASS</Result></LowLevelInfo></Step><Step Number="14"><LowLevelInfo><StepID>14</StepID><Description>Allergies label is displaying in TestHarness application</Description><StepExecutedTime>12:41:10 AM</StepExecutedTime><ScreenShot Name="N/A">N/A</ScreenShot><Result>PASS</Result></LowLevelInfo></Step><Step Number="15"><LowLevelInfo><StepID>15</StepID><Description>Medications label is displaying in TestHarness application</Description><StepExecutedTime>12:41:14 AM</StepExecutedTime><ScreenShot Name="N/A">N/A</ScreenShot><Result>PASS</Result></LowLevelInfo></Step><Step Number="16"><LowLevelInfo><StepID>16</StepID><Description>Session ID label is displaying in TestHarness application</Description><StepExecutedTime>12:41:17 AM</StepExecutedTime><ScreenShot Name="N/A">N/A</ScreenShot><Result>PASS</Result></LowLevelInfo></Step><Step Number="17"><LowLevelInfo><StepID>17</StepID><Description>Start Assessment button is displaying in TestHarness application</Description><StepExecutedTime>12:41:20 AM</StepExecutedTime><ScreenShot Name="N/A">N/A</ScreenShot><Result>PASS</Result></LowLevelInfo></Step><Step Number="18"><LowLevelInfo><StepID>18</StepID><Description>Abandon Assessment button is displaying in TestHarness application</Description><StepExecutedTime>12:41:23 AM</StepExecutedTime><ScreenShot Name="N/A">N/A</ScreenShot><Result>PASS</Result></LowLevelInfo></Step><Step Number="19"><LowLevelInfo><StepID>19</StepID><Description>Drop Control button is displaying in TestHarness application</Description><StepExecutedTime>12:41:27 AM</StepExecutedTime><ScreenShot Name="N/A">N/A</ScreenShot><Result>PASS</Result></LowLevelInfo></Step><Step Number="20"><LowLevelInfo><StepID>20</StepID><Description>Search Presenting Complaint screen is displaying on hitting Start button</Description><StepExecutedTime>12:42:14 AM</StepExecutedTime><ScreenShot Name="N/A">N/A</ScreenShot><Result>PASS</Result></LowLevelInfo></Step><TestCaseDescription>To check the views of the default screen when logged in as a clinician for InProcess version</TestCaseDescription><Result>FAIL</Result><EndTime>12:42:17 AM</EndTime></TestCase><TestCase StartTime="12:42:17 AM" ModuleName="ODY_4955"><TestCaseName>ODY_4955</TestCaseName><Step Number="1"><LowLevelInfo><StepID>1</StepID><Description>PMH details screen is displaying for Clinician</Description><StepExecutedTime>12:43:08 AM</StepExecutedTime><ScreenShot Name="N/A">N/A</ScreenShot><Result>PASS</Result></LowLevelInfo></Step><Step Number="2"><LowLevelInfo><StepID>2</StepID><Description>Allergies label is displaying in Patient Details pop-up window</Description><StepExecutedTime>12:43:12 AM</StepExecutedTime><ScreenShot Name="N/A">N/A</ScreenShot><Result>PASS</Result></LowLevelInfo></Step><Step Number="3"><LowLevelInfo><StepID>3</StepID><Description>Medication history label is displaying in Patient Details pop-up window</Description><StepExecutedTime>12:43:17 AM</StepExecutedTime><ScreenShot Name="N/A">N/A</ScreenShot><Result>PASS</Result></LowLevelInfo></Step><Step Number="4"><LowLevelInfo><StepID>4</StepID><Description>Allergy section is blank with message as No details to display in Patient Details pop-up window</Description><StepExecutedTime>12:43:19 AM</StepExecutedTime><ScreenShot Name="N/A">N/A</ScreenShot><Result>PASS</Result></LowLevelInfo></Step><Step Number="5"><LowLevelInfo><StepID>5</StepID><Description>Medication section is blank with message as No details to display in Patient Details pop-up window</Description><StepExecutedTime>12:43:21 AM</StepExecutedTime><ScreenShot Name="N/A">N/A</ScreenShot><Result>PASS</Result></LowLevelInfo></Step><Step Number="6"><LowLevelInfo><StepID>6</StepID><Description>Ok button is displaying and enabled in Patient Details pop-up window</Description><StepExecutedTime>12:43:24 AM</StepExecutedTime><ScreenShot Name="N/A">N/A</ScreenShot><Result>PASS</Result></LowLevelInfo></Step><Step Number="7"><LowLevelInfo><StepID>7</StepID><Description>Summary screen is displaying on clicking Continue to summary screen</Description><StepExecutedTime>12:43:48 AM</StepExecutedTime><ScreenShot Name="N/A">N/A</ScreenShot><Result>PASS</Result></LowLevelInfo></Step><Step Number="8"><LowLevelInfo><StepID>8</StepID><Description>XML screen is displaying on clicking Complete button in Summary screen</Description><StepExecutedTime>12:44:01 AM</StepExecutedTime><ScreenShot Name="N/A">N/A</ScreenShot><Result>PASS</Result></LowLevelInfo></Step><Step Number="9"><LowLevelInfo><StepID>9</StepID><Description>PatientMedicationHistoryViewed is True in the generated XML</Description><StepExecutedTime>12:44:03 AM</StepExecutedTime><ScreenShot Name="N/A">N/A</ScreenShot><Result>PASS</Result></LowLevelInfo></Step><Step Number="10"><LowLevelInfo><StepID>10</StepID><Description>Allergy is missing from the generated XML as it is not provided</Description><StepExecutedTime>12:44:05 AM</StepExecutedTime><ScreenShot Name="N/A">N/A</ScreenShot><Result>PASS</Result></LowLevelInfo></Step><Step Number="11"><LowLevelInfo><StepID>11</StepID><Description>Medication is missing from the generated XML as it is not provided</Description><StepExecutedTime>12:44:06 AM</StepExecutedTime><ScreenShot Name="N/A">N/A</ScreenShot><Result>PASS</Result></LowLevelInfo></Step><Step Number="12"><LowLevelInfo><StepID>12</StepID><Description>SessionStatus is Closed in the generated XML</Description><StepExecutedTime>12:44:08 AM</StepExecutedTime><ScreenShot Name="N/A">N/A</ScreenShot><Result>PASS</Result></LowLevelInfo></Step><Step Number="13"><LowLevelInfo><StepID>13</StepID><Description>RecommendedUrgencyMessage is face to face assessment within 2 hours in the generated XML</Description><StepExecutedTime>12:44:10 AM</StepExecutedTime><ScreenShot Name="N/A">N/A</ScreenShot><Result>PASS</Result></LowLevelInfo></Step><Step Number="14"><LowLevelInfo><StepID>14</StepID><Description>RecommendedUrgencyCode is IMM2 in the generated XML</Description><StepExecutedTime>12:44:11 AM</StepExecutedTime><ScreenShot Name="N/A">N/A</ScreenShot><Result>PASS</Result></LowLevelInfo></Step><Step Number="15"><LowLevelInfo><StepID>15</StepID><Description>SelectedUrgencyMessage is face to face assessment within 2 hours in the generated XML</Description><StepExecutedTime>12:44:14 AM</StepExecutedTime><ScreenShot Name="N/A">N/A</ScreenShot><Result>PASS</Result></LowLevelInfo></Step><Step Number="16"><LowLevelInfo><StepID>16</StepID><Description>SelectedUrgencyCode is IMM2 in the generated XML</Description><StepExecutedTime>12:44:15 AM</StepExecutedTime><ScreenShot Name="N/A">N/A</ScreenShot><Result>PASS</Result></LowLevelInfo></Step><Step Number="17"><LowLevelInfo><StepID>17</StepID><Description>IsPMHViewed is True in database for assessment completed by Clinician</Description><StepExecutedTime>12:44:19 AM</StepExecutedTime><ScreenShot Name="N/A">N/A</ScreenShot><Result>PASS</Result></LowLevelInfo></Step><TestCaseDescription>Test Case to validate that blank section is displayed for Allergies and Medication from Host Application for Clinician.</TestCaseDescription><Result>PASS</Result><EndTime>12:44:19 AM</EndTime></TestCase><TestCase StartTime="12:44:19 AM" ModuleName="ODY_5179"><TestCaseName>ODY_5179</TestCaseName><Step Number="1"><LowLevelInfo><StepID>1</StepID><Description>Allergies label is displaying in Patient Details pop-up window</Description><StepExecutedTime>12:45:51 AM</StepExecutedTime><ScreenShot Name="N/A">N/A</ScreenShot><Result>PASS</Result></LowLevelInfo></Step><Step Number="2"><LowLevelInfo><StepID>2</StepID><Description>Medication history label is displaying in Patient Details pop-up window</Description><StepExecutedTime>12:45:55 AM</StepExecutedTime><ScreenShot Name="N/A">N/A</ScreenShot><Result>PASS</Result></LowLevelInfo></Step><Step Number="3"><LowLevelInfo><StepID>3</StepID><Description>Allergy details are displayed and matched</Description><StepExecutedTime>12:45:57 AM</StepExecutedTime><ScreenShot Name="N/A">N/A</ScreenShot><Result>PASS</Result></LowLevelInfo></Step><Step Number="4"><LowLevelInfo><StepID>4</StepID><Description>Medication details are displayed and matched</Description><StepExecutedTime>12:45:59 AM</StepExecutedTime><ScreenShot Name="N/A">N/A</ScreenShot><Result>PASS</Result></LowLevelInfo></Step><Step Number="5"><LowLevelInfo><StepID>5</StepID><Description>Ok button is displaying and enabled in Patient Details pop-up window</Description><StepExecutedTime>12:46:02 AM</StepExecutedTime><ScreenShot Name="N/A">N/A</ScreenShot><Result>PASS</Result></LowLevelInfo></Step><Step Number="6"><LowLevelInfo><StepID>6</StepID><Description>XML screen is displaying on clicking Complete button in Summary screen</Description><StepExecutedTime>12:46:21 AM</StepExecutedTime><ScreenShot Name="N/A">N/A</ScreenShot><Result>PASS</Result></LowLevelInfo></Step><Step Number="7"><LowLevelInfo><StepID>7</StepID><Description>IsPMHViewed is True in database for assessment paused by Clinician</Description><StepExecutedTime>12:46:34 AM</StepExecutedTime><ScreenShot Name="N/A">N/A</ScreenShot><Result>PASS</Result></LowLevelInfo></Step><Step Number="8"><LowLevelInfo><StepID>8</StepID><Description>Allergies label is displaying in Patient Details pop-up window</Description><StepExecutedTime>12:46:51 AM</StepExecutedTime><ScreenShot Name="N/A">N/A</ScreenShot><Result>PASS</Result></LowLevelInfo></Step><Step Number="9"><LowLevelInfo><StepID>9</StepID><Description>Medication history label is displaying in Patient Details pop-up window</Description><StepExecutedTime>12:46:55 AM</StepExecutedTime><ScreenShot Name="N/A">N/A</ScreenShot><Result>PASS</Result></LowLevelInfo></Step><Step Number="10"><LowLevelInfo><StepID>10</StepID><Description>Allergy details are displayed and matched after reload assessment</Description><StepExecutedTime>12:46:56 AM</StepExecutedTime><ScreenShot Name="N/A">N/A</ScreenShot><Result>PASS</Result></LowLevelInfo></Step><Step Number="11"><LowLevelInfo><StepID>11</StepID><Description>Medication details are displayed and matched after reload assessment</Description><StepExecutedTime>12:46:58 AM</StepExecutedTime><ScreenShot Name="N/A">N/A</ScreenShot><Result>PASS</Result></LowLevelInfo></Step><Step Number="12"><LowLevelInfo><StepID>12</StepID><Description>Ok button is displaying and enabled in Patient Details pop-up window</Description><StepExecutedTime>12:47:02 AM</StepExecutedTime><ScreenShot Name="N/A">N/A</ScreenShot><Result>PASS</Result></LowLevelInfo></Step><Step Number="13"><LowLevelInfo><StepID>13</StepID><Description>Right Knee is preselected for Site (Knee) question in assessment screen</Description><StepExecutedTime>12:47:06 AM</StepExecutedTime><ScreenShot Name="N/A">N/A</ScreenShot><Result>PASS</Result></LowLevelInfo></Step><Step Number="14"><LowLevelInfo><StepID>14</StepID><Description>Unsure is preselected for Knee alignment question in assessment screen</Description><StepExecutedTime>12:47:09 AM</StepExecutedTime><ScreenShot Name="N/A">N/A</ScreenShot><Result>PASS</Result></LowLevelInfo></Step><Step Number="15"><LowLevelInfo><StepID>15</StepID><Description>Triage screen is displaying on clicking yes button</Description><StepExecutedTime>12:47:22 AM</StepExecutedTime><ScreenShot Name="N/A">N/A</ScreenShot><Result>PASS</Result></LowLevelInfo></Step><Step Number="16"><LowLevelInfo><StepID>16</StepID><Description>XML screen is displaying on clicking Complete button in Summary screen</Description><StepExecutedTime>12:47:41 AM</StepExecutedTime><ScreenShot Name="N/A">N/A</ScreenShot><Result>PASS</Result></LowLevelInfo></Step><Step Number="17"><LowLevelInfo><StepID>17</StepID><Description>IsPMHViewed is True in database for assessment completed by Clinician</Description><StepExecutedTime>12:47:45 AM</StepExecutedTime><ScreenShot Name="N/A">N/A</ScreenShot><Result>PASS</Result></LowLevelInfo></Step><TestCaseDescription>Test Case to validate that Allergies and Medication is displayed for paused assessment for Clinician.</TestCaseDescription><Result>PASS</Result><EndTime>12:47:45 AM</EndTime></TestCase><TestCase StartTime="12:47:45 AM" ModuleName="ODY_4956"><TestCaseName>ODY_4956</TestCaseName><Step Number="1"><LowLevelInfo><StepID>1</StepID><Description>PMH details screen is not displaying for CallHandler</Description><StepExecutedTime>12:49:14 AM</StepExecutedTime><ScreenShot Name="N/A">N/A</ScreenShot><Result>PASS</Result></LowLevelInfo></Step><Step Number="2"><LowLevelInfo><StepID>2</StepID><Description>XML screen is displaying on ending assessment in Summary screen</Description><StepExecutedTime>12:49:53 AM</StepExecutedTime><ScreenShot Name="N/A">N/A</ScreenShot><Result>PASS</Result></LowLevelInfo></Step><Step Number="3"><LowLevelInfo><StepID>3</StepID><Description>PatientMedicationHistoryViewed is False in the generated XML</Description><StepExecutedTime>12:49:55 AM</StepExecutedTime><ScreenShot Name="N/A">N/A</ScreenShot><Result>PASS</Result></LowLevelInfo></Step><Step Number="4"><LowLevelInfo><StepID>4</StepID><Description>Lactose is added as an Allergy in the generated XML</Description><StepExecutedTime>12:49:57 AM</StepExecutedTime><ScreenShot Name="N/A">N/A</ScreenShot><Result>PASS</Result></LowLevelInfo></Step><Step Number="5"><LowLevelInfo><StepID>5</StepID><Description>Paracetamol is added as an Medication in the generated XML</Description><StepExecutedTime>12:49:58 AM</StepExecutedTime><ScreenShot Name="N/A">N/A</ScreenShot><Result>PASS</Result></LowLevelInfo></Step><Step Number="6"><LowLevelInfo><StepID>6</StepID><Description>Diclofenac is added as an Medication in the generated XML</Description><StepExecutedTime>12:50:00 AM</StepExecutedTime><ScreenShot Name="N/A">N/A</ScreenShot><Result>PASS</Result></LowLevelInfo></Step><Step Number="7"><LowLevelInfo><StepID>7</StepID><Description>IsPMHViewed is False in database for assessment created by CallHandler</Description><StepExecutedTime>12:50:12 AM</StepExecutedTime><ScreenShot Name="N/A">N/A</ScreenShot><Result>PASS</Result></LowLevelInfo></Step><Step Number="8"><LowLevelInfo><StepID>8</StepID><Description>Allergies label is displaying in Patient Details pop-up window</Description><StepExecutedTime>12:50:58 AM</StepExecutedTime><ScreenShot Name="N/A">N/A</ScreenShot><Result>PASS</Result></LowLevelInfo></Step><Step Number="9"><LowLevelInfo><StepID>9</StepID><Description>Medication history label is displaying in Patient Details pop-up window</Description><StepExecutedTime>12:51:02 AM</StepExecutedTime><ScreenShot Name="N/A">N/A</ScreenShot><Result>PASS</Result></LowLevelInfo></Step><Step Number="10"><LowLevelInfo><StepID>10</StepID><Description>Allergy details are displayed and matched</Description><StepExecutedTime>12:51:04 AM</StepExecutedTime><ScreenShot Name="N/A">N/A</ScreenShot><Result>PASS</Result></LowLevelInfo></Step><Step Number="11"><LowLevelInfo><StepID>11</StepID><Description>Updated medication details are displayed and matched</Description><StepExecutedTime>12:51:06 AM</StepExecutedTime><ScreenShot Name="N/A">N/A</ScreenShot><Result>PASS</Result></LowLevelInfo></Step><Step Number="12"><LowLevelInfo><StepID>12</StepID><Description>Ok button is displaying and enabled in Patient Details pop-up window</Description><StepExecutedTime>12:51:10 AM</StepExecutedTime><ScreenShot Name="N/A">N/A</ScreenShot><Result>PASS</Result></LowLevelInfo></Step><Step Number="13"><LowLevelInfo><StepID>13</StepID><Description>Selected age is displayed in the patient banner</Description><StepExecutedTime>12:51:14 AM</StepExecutedTime><ScreenShot Name="N/A">N/A</ScreenShot><Result>PASS</Result></LowLevelInfo></Step><Step Number="14"><LowLevelInfo><StepID>14</StepID><Description>Selected gender as male is displayed in the patient banner</Description><StepExecutedTime>12:51:17 AM</StepExecutedTime><ScreenShot Name="N/A">N/A</ScreenShot><Result>PASS</Result></LowLevelInfo></Step><Step Number="15"><LowLevelInfo><StepID>15</StepID><Description>NHSNumber as unknown is displayed in the patient banner</Description><StepExecutedTime>12:51:19 AM</StepExecutedTime><ScreenShot Name="N/A">N/A</ScreenShot><Result>PASS</Result></LowLevelInfo></Step><Step Number="16"><LowLevelInfo><StepID>16</StepID><Description>Answer to Self-harm plans now? is displayed as Unsure in Triage screen</Description><StepExecutedTime>12:52:00 AM</StepExecutedTime><ScreenShot Name="N/A">N/A</ScreenShot><Result>PASS</Result></LowLevelInfo></Step><Step Number="17"><LowLevelInfo><StepID>17</StepID><Description>XML screen is displaying on clicking Complete button in Summary screen</Description><StepExecutedTime>12:52:16 AM</StepExecutedTime><ScreenShot Name="N/A">N/A</ScreenShot><Result>PASS</Result></LowLevelInfo></Step><Step Number="18"><LowLevelInfo><StepID>18</StepID><Description>PatientMedicationHistoryViewed is True in the generated XML</Description><StepExecutedTime>12:52:18 AM</StepExecutedTime><ScreenShot Name="N/A">N/A</ScreenShot><Result>PASS</Result></LowLevelInfo></Step><Step Number="19"><LowLevelInfo><StepID>19</StepID><Description>Lactose is added as an Allergy in the generated XML</Description><StepExecutedTime>12:52:19 AM</StepExecutedTime><ScreenShot Name="N/A">N/A</ScreenShot><Result>PASS</Result></LowLevelInfo></Step><Step Number="20"><LowLevelInfo><StepID>20</StepID><Description>Paracetamol is added as an Medication in the generated XML</Description><StepExecutedTime>12:52:21 AM</StepExecutedTime><ScreenShot Name="N/A">N/A</ScreenShot><Result>PASS</Result></LowLevelInfo></Step><Step Number="21"><LowLevelInfo><StepID>21</StepID><Description>Analgesic is added as an Medication in the generated XML</Description><StepExecutedTime>12:52:23 AM</StepExecutedTime><ScreenShot Name="N/A">N/A</ScreenShot><Result>PASS</Result></LowLevelInfo></Step><Step Number="22"><LowLevelInfo><StepID>22</StepID><Description>Diclofenac is added as an Medication in the generated XML</Description><StepExecutedTime>12:52:24 AM</StepExecutedTime><ScreenShot Name="N/A">N/A</ScreenShot><Result>PASS</Result></LowLevelInfo></Step><Step Number="23"><LowLevelInfo><StepID>23</StepID><Description>SessionStatus is Closed in the generated XML</Description><StepExecutedTime>12:52:26 AM</StepExecutedTime><ScreenShot Name="N/A">N/A</ScreenShot><Result>PASS</Result></LowLevelInfo></Step><Step Number="24"><LowLevelInfo><StepID>24</StepID><Description>RecommendedUrgencyMessage is face to face assessment within 2 hours in the generated XML</Description><StepExecutedTime>12:52:28 AM</StepExecutedTime><ScreenShot Name="N/A">N/A</ScreenShot><Result>PASS</Result></LowLevelInfo></Step><Step Number="25"><LowLevelInfo><StepID>25</StepID><Description>SelectedUrgencyMessage is face to face assessment within 2 hours in the generated XML</Description><StepExecutedTime>12:52:30 AM</StepExecutedTime><ScreenShot Name="N/A">N/A</ScreenShot><Result>PASS</Result></LowLevelInfo></Step><Step Number="26"><LowLevelInfo><StepID>26</StepID><Description>SelectedUrgencyCode is IMM2 in the generated XML</Description><StepExecutedTime>12:52:32 AM</StepExecutedTime><ScreenShot Name="N/A">N/A</ScreenShot><Result>PASS</Result></LowLevelInfo></Step><Step Number="27"><LowLevelInfo><StepID>27</StepID><Description>IsPMHViewed is True in database for assessment completed by Clinician</Description><StepExecutedTime>12:52:35 AM</StepExecutedTime><ScreenShot Name="N/A">N/A</ScreenShot><Result>PASS</Result></LowLevelInfo></Step><TestCaseDescription>Test Case to validate that Allergies and Medication are displayed for assessment passed by CallHandler to Clinician.</TestCaseDescription><Result>PASS</Result><EndTime>12:52:35 AM</EndTime></TestCase><TestCase StartTime="12:52:35 AM" ModuleName="ODY_4957"><TestCaseName>ODY_4957</TestCaseName><Step Number="1"><LowLevelInfo><StepID>1</StepID><Description>PMH details screen is displaying for Clinician</Description><StepExecutedTime>12:54:00 AM</StepExecutedTime><ScreenShot Name="N/A">N/A</ScreenShot><Result>PASS</Result></LowLevelInfo></Step><Step Number="2"><LowLevelInfo><StepID>2</StepID><Description>Allergy details are displayed and matched</Description><StepExecutedTime>12:54:02 AM</StepExecutedTime><ScreenShot Name="N/A">N/A</ScreenShot><Result>PASS</Result></LowLevelInfo></Step><Step Number="3"><LowLevelInfo><StepID>3</StepID><Description>Medication details are displayed and matched</Description><StepExecutedTime>12:54:04 AM</StepExecutedTime><ScreenShot Name="N/A">N/A</ScreenShot><Result>PASS</Result></LowLevelInfo></Step><Step Number="4"><LowLevelInfo><StepID>4</StepID><Description>IsPMHViewed is True in database for assessment completed by Clinician</Description><StepExecutedTime>12:54:17 AM</StepExecutedTime><ScreenShot Name="N/A">N/A</ScreenShot><Result>PASS</Result></LowLevelInfo></Step><Step Number="5"><LowLevelInfo><StepID>5</StepID><Description>PMH details screen is displaying for Clinician</Description><StepExecutedTime>12:55:13 AM</StepExecutedTime><ScreenShot Name="N/A">N/A</ScreenShot><Result>PASS</Result></LowLevelInfo></Step><Step Number="6"><LowLevelInfo><StepID>6</StepID><Description>Allergy details are displayed and matched</Description><StepExecutedTime>12:55:15 AM</StepExecutedTime><ScreenShot Name="N/A">N/A</ScreenShot><Result>PASS</Result></LowLevelInfo></Step><Step Number="7"><LowLevelInfo><StepID>7</StepID><Description>Medication details are displayed and matched</Description><StepExecutedTime>12:55:17 AM</StepExecutedTime><ScreenShot Name="N/A">N/A</ScreenShot><Result>PASS</Result></LowLevelInfo></Step><Step Number="8"><LowLevelInfo><StepID>8</StepID><Description>XML screen is displaying on clicking Complete button in Summary screen</Description><StepExecutedTime>12:56:31 AM</StepExecutedTime><ScreenShot Name="N/A">N/A</ScreenShot><Result>PASS</Result></LowLevelInfo></Step><Step Number="9"><LowLevelInfo><StepID>9</StepID><Description>IsPMHViewed is True in database for assessment completed by Clinician</Description><StepExecutedTime>12:56:34 AM</StepExecutedTime><ScreenShot Name="N/A">N/A</ScreenShot><Result>PASS</Result></LowLevelInfo></Step><TestCaseDescription>Test Case to validate that Allergies and Medication are displayed for assessment restarted by Clinician using SessionID.</TestCaseDescription><Result>PASS</Result><EndTime>12:56:34 AM</EndTime></TestCase><TestCase StartTime="12:56:34 AM" ModuleName="ODY_5180"><TestCaseName>ODY_5180</TestCaseName><Step Number="1"><LowLevelInfo><StepID>1</StepID><Description>PMH details screen is displaying for Clinician</Description><StepExecutedTime>12:57:45 AM</StepExecutedTime><ScreenShot Name="N/A">N/A</ScreenShot><Result>PASS</Result></LowLevelInfo></Step><Step Number="2"><LowLevelInfo><StepID>2</StepID><Description>Allergies label is displaying in Patient Details pop-up window</Description><StepExecutedTime>12:57:51 AM</StepExecutedTime><ScreenShot Name="N/A">N/A</ScreenShot><Result>PASS</Result></LowLevelInfo></Step><Step Number="3"><LowLevelInfo><StepID>3</StepID><Description>Allergy section is blank with message as No details to display in Patient Details pop-up window</Description><StepExecutedTime>12:57:56 AM</StepExecutedTime><ScreenShot Name="N/A">N/A</ScreenShot><Result>PASS</Result></LowLevelInfo></Step><Step Number="4"><LowLevelInfo><StepID>4</StepID><Description>Medication details are displayed and matched</Description><StepExecutedTime>12:57:59 AM</StepExecutedTime><ScreenShot Name="N/A">N/A</ScreenShot><Result>PASS</Result></LowLevelInfo></Step><Step Number="5"><LowLevelInfo><StepID>5</StepID><Description>Summary screen is displaying on clicking Close assessment Button</Description><StepExecutedTime>12:58:19 AM</StepExecutedTime><ScreenShot Name="N/A">N/A</ScreenShot><Result>PASS</Result></LowLevelInfo></Step><Step Number="6"><LowLevelInfo><StepID>6</StepID><Description>Closed: Closing assessment as call dropped is displaying in the patient OutCome</Description><StepExecutedTime>12:58:22 AM</StepExecutedTime><ScreenShot Name="N/A">N/A</ScreenShot><Result>PASS</Result></LowLevelInfo></Step><Step Number="7"><LowLevelInfo><StepID>7</StepID><Description>XML screen is displaying on clicking Complete button in Summary screen</Description><StepExecutedTime>12:58:29 AM</StepExecutedTime><ScreenShot Name="N/A">N/A</ScreenShot><Result>PASS</Result></LowLevelInfo></Step><Step Number="8"><LowLevelInfo><StepID>8</StepID><Description>Assessment State is displaying as Ended in the XML screen</Description><StepExecutedTime>12:58:31 AM</StepExecutedTime><ScreenShot Name="N/A">N/A</ScreenShot><Result>PASS</Result></LowLevelInfo></Step><Step Number="9"><LowLevelInfo><StepID>9</StepID><Description>PresentingComplaint State is selected as Red eye(s) in the XML screen</Description><StepExecutedTime>12:58:32 AM</StepExecutedTime><ScreenShot Name="N/A">N/A</ScreenShot><Result>PASS</Result></LowLevelInfo></Step><Step Number="10"><LowLevelInfo><StepID>10</StepID><Description>Patient outcome is Closed: Closing assessment as call dropped</Description><StepExecutedTime>12:58:34 AM</StepExecutedTime><ScreenShot Name="N/A">N/A</ScreenShot><Result>PASS</Result></LowLevelInfo></Step><Step Number="11"><LowLevelInfo><StepID>11</StepID><Description>PatientMedicationHistoryViewed is False in the generated XML</Description><StepExecutedTime>12:58:36 AM</StepExecutedTime><ScreenShot Name="N/A">N/A</ScreenShot><Result>PASS</Result></LowLevelInfo></Step><Step Number="12"><LowLevelInfo><StepID>12</StepID><Description>Allergies is not added as a tag in the generated XML</Description><StepExecutedTime>12:58:38 AM</StepExecutedTime><ScreenShot Name="N/A">N/A</ScreenShot><Result>PASS</Result></LowLevelInfo></Step><Step Number="13"><LowLevelInfo><StepID>13</StepID><Description>Paracetamol is added as an Medication in the generated XML</Description><StepExecutedTime>12:58:39 AM</StepExecutedTime><ScreenShot Name="N/A">N/A</ScreenShot><Result>PASS</Result></LowLevelInfo></Step><Step Number="14"><LowLevelInfo><StepID>14</StepID><Description>Diclofenac is added as an Medication in the generated XML</Description><StepExecutedTime>12:58:41 AM</StepExecutedTime><ScreenShot Name="N/A">N/A</ScreenShot><Result>PASS</Result></LowLevelInfo></Step><Step Number="15"><LowLevelInfo><StepID>15</StepID><Description>IsPMHViewed is True in database for assessment completed by Clinician</Description><StepExecutedTime>12:58:41 AM</StepExecutedTime><ScreenShot Name="N/A">N/A</ScreenShot><Result>PASS</Result></LowLevelInfo></Step><TestCaseDescription>Test Case to validate that Allergies and Medication are displayed and Clinician close assessment prematurely.</TestCaseDescription><Result>PASS</Result><EndTime>12:58:45 AM</EndTime></TestCase><TestCase StartTime="12:58:45 AM" ModuleName="ODY_4485"><TestCaseName>ODY_4485</TestCaseName><Step Number="1"><LowLevelInfo><StepID>1</StepID><Description>PMH details screen is not displaying for Clinician with feature is unchecked</Description><StepExecutedTime>1:00:05 AM</StepExecutedTime><ScreenShot Name="N/A">N/A</ScreenShot><Result>PASS</Result></LowLevelInfo></Step><Step Number="2"><LowLevelInfo><StepID>2</StepID><Description>Medication history label is not displaying with feature is unchecked</Description><StepExecutedTime>1:00:11 AM</StepExecutedTime><ScreenShot Name="N/A">N/A</ScreenShot><Result>PASS</Result></LowLevelInfo></Step><Step Number="3"><LowLevelInfo><StepID>3</StepID><Description>XML screen is displaying on clicking Complete button in Summary screen</Description><StepExecutedTime>1:00:22 AM</StepExecutedTime><ScreenShot Name="N/A">N/A</ScreenShot><Result>PASS</Result></LowLevelInfo></Step><Step Number="4"><LowLevelInfo><StepID>4</StepID><Description>IsPMHViewed is False in database for assessment paused by Clinician</Description><StepExecutedTime>1:00:29 AM</StepExecutedTime><ScreenShot Name="N/A">N/A</ScreenShot><Result>PASS</Result></LowLevelInfo></Step><Step Number="5"><LowLevelInfo><StepID>5</StepID><Description>PMH details screen is not displaying for Clinician on reload of paused assessment with feature is unchecked</Description><StepExecutedTime>1:00:44 AM</StepExecutedTime><ScreenShot Name="N/A">N/A</ScreenShot><Result>PASS</Result></LowLevelInfo></Step><Step Number="6"><LowLevelInfo><StepID>6</StepID><Description>Medication history label is not displaying on reload of paused assessment with feature is unchecked</Description><StepExecutedTime>1:00:50 AM</StepExecutedTime><ScreenShot Name="N/A">N/A</ScreenShot><Result>PASS</Result></LowLevelInfo></Step><Step Number="7"><LowLevelInfo><StepID>7</StepID><Description>Summary screen is displaying on clicking Continue to summary screen</Description><StepExecutedTime>1:01:07 AM</StepExecutedTime><ScreenShot Name="N/A">N/A</ScreenShot><Result>PASS</Result></LowLevelInfo></Step><Step Number="8"><LowLevelInfo><StepID>8</StepID><Description>XML screen is displaying on clicking Complete button in Summary screen</Description><StepExecutedTime>1:01:18 AM</StepExecutedTime><ScreenShot Name="N/A">N/A</ScreenShot><Result>PASS</Result></LowLevelInfo></Step><Step Number="9"><LowLevelInfo><StepID>9</StepID><Description>IsPMHViewed is False in database for assessment completed by Clinician</Description><StepExecutedTime>1:01:47 AM</StepExecutedTime><ScreenShot Name="N/A">N/A</ScreenShot><Result>PASS</Result></LowLevelInfo></Step><TestCaseDescription>Validate that Patient Medical History feature can be disabled from Admin Configuration screen.</TestCaseDescription><Result>PASS</Result><EndTime>1:01:47 AM</EndTime><EndExecutionTime>17/Feb/2023   1:01:47 AM</EndExecutionTime><TotalTimeTaken>00:21:53</TotalTimeTaken></TestCase></Root>
