<?xml-stylesheet type='text/xsl' href='DetailXmlReference/LogReport.xsl'?>
<Root><StartTime>17/Feb/2023   2:02:23 AM</StartTime><Browser>BROWSERNAME - Version: BrowserName</Browser><Module>REDUCEDCALLLENGTH</Module><TestCase StartTime="2:02:23 AM" ModuleName="ODY_11828A"><TestCaseName>ODY_11828A</TestCaseName><Step Number="1"><LowLevelInfo><StepID>1</StepID><Description>Only one signpost Clinical contact is shown and preselected in the Summary screen</Description><StepExecutedTime>2:04:36 AM</StepExecutedTime><ScreenShot Name="N/A">N/A</ScreenShot><Result>PASS</Result></LowLevelInfo></Step><Step Number="2"><LowLevelInfo><StepID>2</StepID><Description>Aliased signpost Clinical contact for Reduced call length is displaying in summary screen</Description><StepExecutedTime>2:04:38 AM</StepExecutedTime><ScreenShot Name="N/A">N/A</ScreenShot><Result>PASS</Result></LowLevelInfo></Step><Step Number="3"><LowLevelInfo><StepID>3</StepID><Description>Aliased signpost Clinical contact for Reduced call length is selected and stored in database</Description><StepExecutedTime>2:05:03 AM</StepExecutedTime><ScreenShot Name="N/A">N/A</ScreenShot><Result>PASS</Result></LowLevelInfo></Step><Step Number="4"><LowLevelInfo><StepID>4</StepID><Description>Aliased signpost Clinical contact for Reduced call length is a suggested signpost and stored in database</Description><StepExecutedTime>2:05:03 AM</StepExecutedTime><ScreenShot Name="N/A">N/A</ScreenShot><Result>PASS</Result></LowLevelInfo></Step><Step Number="5"><LowLevelInfo><StepID>5</StepID><Description>Urgency and outcome details for assessment is saved properly in reporting database</Description><StepExecutedTime>2:05:03 AM</StepExecutedTime><ScreenShot Name="N/A">N/A</ScreenShot><Result>PASS</Result></LowLevelInfo></Step><Step Number="6"><LowLevelInfo><StepID>6</StepID><Description>CallLength as PurpleAndRed for assessment is saved properly in reporting database</Description><StepExecutedTime>2:05:03 AM</StepExecutedTime><ScreenShot Name="N/A">N/A</ScreenShot><Result>PASS</Result></LowLevelInfo></Step><TestCaseDescription>InProcess-Test case to validate Firstcall user is able to complete the assessment with aliased signpost text for Reduced call length.</TestCaseDescription><Result>PASS</Result><EndTime>2:05:03 AM</EndTime></TestCase><TestCase StartTime="2:05:03 AM" ModuleName="ODY_11831A"><TestCaseName>ODY_11831A</TestCaseName><Step Number="1"><LowLevelInfo><StepID>1</StepID><Description>Only one signpost Clinical contact is shown and preselected in the Summary screen</Description><StepExecutedTime>2:06:22 AM</StepExecutedTime><ScreenShot Name="N/A">N/A</ScreenShot><Result>PASS</Result></LowLevelInfo></Step><Step Number="2"><LowLevelInfo><StepID>2</StepID><Description>Aliased signpost Dental care unit for Reduced call length is displaying as preferred in summary screen</Description><StepExecutedTime>2:06:24 AM</StepExecutedTime><ScreenShot Name="N/A">N/A</ScreenShot><Result>PASS</Result></LowLevelInfo></Step><Step Number="3"><LowLevelInfo><StepID>3</StepID><Description>Signpost Community pharmacist assessment is displaying as preferred in summary screen</Description><StepExecutedTime>2:06:26 AM</StepExecutedTime><ScreenShot Name="N/A">N/A</ScreenShot><Result>PASS</Result></LowLevelInfo></Step><Step Number="4"><LowLevelInfo><StepID>4</StepID><Description>Signpost Dental care unit is selected and stored in database</Description><StepExecutedTime>2:06:54 AM</StepExecutedTime><ScreenShot Name="N/A">N/A</ScreenShot><Result>PASS</Result></LowLevelInfo></Step><Step Number="5"><LowLevelInfo><StepID>5</StepID><Description>Aliased signpost Clinical contact for Reduced call length is a suggested signpost and stored in database</Description><StepExecutedTime>2:06:54 AM</StepExecutedTime><ScreenShot Name="N/A">N/A</ScreenShot><Result>PASS</Result></LowLevelInfo></Step><Step Number="6"><LowLevelInfo><StepID>6</StepID><Description>Urgency and outcome details for assessment is saved properly in reporting database</Description><StepExecutedTime>2:06:54 AM</StepExecutedTime><ScreenShot Name="N/A">N/A</ScreenShot><Result>PASS</Result></LowLevelInfo></Step><Step Number="7"><LowLevelInfo><StepID>7</StepID><Description>CallLength as PurpleAndRed for assessment is saved properly in reporting database</Description><StepExecutedTime>2:06:54 AM</StepExecutedTime><ScreenShot Name="N/A">N/A</ScreenShot><Result>PASS</Result></LowLevelInfo></Step><TestCaseDescription>InProcess-Test case to validate CallHandler complete the assessment with aliased signpost by increasing urgency to ROUT.</TestCaseDescription><Result>PASS</Result><EndTime>2:06:54 AM</EndTime></TestCase><TestCase StartTime="2:06:54 AM" ModuleName="ODY_11848A"><TestCaseName>ODY_11848A</TestCaseName><Step Number="1"><LowLevelInfo><StepID>1</StepID><Description>Recommend transferring this call to a clinician now popup message displaying on selecting emergency ans in the first screen</Description><StepExecutedTime>2:07:52 AM</StepExecutedTime><ScreenShot Name="N/A">N/A</ScreenShot><Result>PASS</Result></LowLevelInfo></Step><Step Number="2"><LowLevelInfo><StepID>2</StepID><Description>Recommend transferring this call to a clinician now popup message displaying on selecting emergency ans in the first screen</Description><StepExecutedTime>2:07:56 AM</StepExecutedTime><ScreenShot Name="N/A">N/A</ScreenShot><Result>PASS</Result></LowLevelInfo></Step><Step Number="3"><LowLevelInfo><StepID>3</StepID><Description>Recommend transferring this call to a clinician now popup message displaying on selecting emergency ans in the first screen</Description><StepExecutedTime>2:07:59 AM</StepExecutedTime><ScreenShot Name="N/A">N/A</ScreenShot><Result>PASS</Result></LowLevelInfo></Step><Step Number="4"><LowLevelInfo><StepID>4</StepID><Description>Signpost Urgent care practitioner assessment is displaying in summary screen</Description><StepExecutedTime>2:08:13 AM</StepExecutedTime><ScreenShot Name="N/A">N/A</ScreenShot><Result>PASS</Result></LowLevelInfo></Step><Step Number="5"><LowLevelInfo><StepID>5</StepID><Description>Signpost GP Assessment is displaying as preferred in summary screen</Description><StepExecutedTime>2:08:16 AM</StepExecutedTime><ScreenShot Name="N/A">N/A</ScreenShot><Result>PASS</Result></LowLevelInfo></Step><Step Number="6"><LowLevelInfo><StepID>6</StepID><Description>Signpost Urgent care practitioner assessment is selected and stored in database</Description><StepExecutedTime>2:08:44 AM</StepExecutedTime><ScreenShot Name="N/A">N/A</ScreenShot><Result>PASS</Result></LowLevelInfo></Step><Step Number="7"><LowLevelInfo><StepID>7</StepID><Description>All suggested signpost are stored in database</Description><StepExecutedTime>2:08:44 AM</StepExecutedTime><ScreenShot Name="N/A">N/A</ScreenShot><Result>PASS</Result></LowLevelInfo></Step><Step Number="8"><LowLevelInfo><StepID>8</StepID><Description>Urgency and outcome details for assessment is saved properly in reporting database</Description><StepExecutedTime>2:08:44 AM</StepExecutedTime><ScreenShot Name="N/A">N/A</ScreenShot><Result>PASS</Result></LowLevelInfo></Step><Step Number="9"><LowLevelInfo><StepID>9</StepID><Description>CallLength as PurpleAndRed for assessment is saved properly in reporting database</Description><StepExecutedTime>2:08:44 AM</StepExecutedTime><ScreenShot Name="N/A">N/A</ScreenShot><Result>PASS</Result></LowLevelInfo></Step><TestCaseDescription>InProcess-Validate that CallHandler is able to pass the assessment to clinician  by selecting a signpost Without aliasing text for RCL.</TestCaseDescription><Result>PASS</Result><EndTime>2:08:44 AM</EndTime></TestCase><TestCase StartTime="2:08:44 AM" ModuleName="ODY_11827A"><TestCaseName>ODY_11827A</TestCaseName><Step Number="1"><LowLevelInfo><StepID>1</StepID><Description>Recommended transferring this call to a clinician now message box is displaying</Description><StepExecutedTime>2:09:52 AM</StepExecutedTime><ScreenShot Name="N/A">N/A</ScreenShot><Result>PASS</Result></LowLevelInfo></Step><Step Number="2"><LowLevelInfo><StepID>2</StepID><Description>Continue button is available and enabled</Description><StepExecutedTime>2:09:54 AM</StepExecutedTime><ScreenShot Name="N/A">N/A</ScreenShot><Result>PASS</Result></LowLevelInfo></Step><Step Number="3"><LowLevelInfo><StepID>3</StepID><Description>Go Back button is available and enabled</Description><StepExecutedTime>2:09:56 AM</StepExecutedTime><ScreenShot Name="N/A">N/A</ScreenShot><Result>PASS</Result></LowLevelInfo></Step><Step Number="4"><LowLevelInfo><StepID>4</StepID><Description>Signpost Clinical Assessment Now is selected and stored in database</Description><StepExecutedTime>2:10:21 AM</StepExecutedTime><ScreenShot Name="N/A">N/A</ScreenShot><Result>PASS</Result></LowLevelInfo></Step><Step Number="5"><LowLevelInfo><StepID>5</StepID><Description>Suggested signpost are stored in database</Description><StepExecutedTime>2:10:21 AM</StepExecutedTime><ScreenShot Name="N/A">N/A</ScreenShot><Result>PASS</Result></LowLevelInfo></Step><Step Number="6"><LowLevelInfo><StepID>6</StepID><Description>Urgency and outcome details for assessment is saved properly in reporting database</Description><StepExecutedTime>2:10:21 AM</StepExecutedTime><ScreenShot Name="N/A">N/A</ScreenShot><Result>PASS</Result></LowLevelInfo></Step><Step Number="7"><LowLevelInfo><StepID>7</StepID><Description>CallLength as PurpleAndRed for assessment is saved properly in reporting database</Description><StepExecutedTime>2:10:22 AM</StepExecutedTime><ScreenShot Name="N/A">N/A</ScreenShot><Result>PASS</Result></LowLevelInfo></Step><Step Number="8"><LowLevelInfo><StepID>8</StepID><Description>QuestionTextType as T thirdperson for assessment is saved properly in reporting database</Description><StepExecutedTime>2:10:22 AM</StepExecutedTime><ScreenShot Name="N/A">N/A</ScreenShot><Result>PASS</Result></LowLevelInfo></Step><TestCaseDescription>InProcess-Validate that CallHandler pass the assessment to clinician for IMM1 warning  by selecting a signpost.</TestCaseDescription><Result>PASS</Result><EndTime>2:10:22 AM</EndTime></TestCase><TestCase StartTime="2:10:22 AM" ModuleName="ODY_11829A"><TestCaseName>ODY_11829A</TestCaseName><Step Number="1"><LowLevelInfo><StepID>1</StepID><Description>Only one signpost Clinical contact is shown and preselected in the Summary screen</Description><StepExecutedTime>2:11:51 AM</StepExecutedTime><ScreenShot Name="N/A">N/A</ScreenShot><Result>PASS</Result></LowLevelInfo></Step><Step Number="2"><LowLevelInfo><StepID>2</StepID><Description>XML screen is displaying on cliking Pass to clinician button</Description><StepExecutedTime>2:12:16 AM</StepExecutedTime><ScreenShot Name="N/A">N/A</ScreenShot><Result>PASS</Result></LowLevelInfo></Step><Step Number="3"><LowLevelInfo><StepID>3</StepID><Description>Signpost Dental care unit is selected and stored in database</Description><StepExecutedTime>2:12:31 AM</StepExecutedTime><ScreenShot Name="N/A">N/A</ScreenShot><Result>PASS</Result></LowLevelInfo></Step><Step Number="4"><LowLevelInfo><StepID>4</StepID><Description>All suggested signpost are stored in database</Description><StepExecutedTime>2:12:31 AM</StepExecutedTime><ScreenShot Name="N/A">N/A</ScreenShot><Result>PASS</Result></LowLevelInfo></Step><Step Number="5"><LowLevelInfo><StepID>5</StepID><Description>Urgency and outcome details for assessment is saved properly in reporting database</Description><StepExecutedTime>2:12:32 AM</StepExecutedTime><ScreenShot Name="N/A">N/A</ScreenShot><Result>PASS</Result></LowLevelInfo></Step><Step Number="6"><LowLevelInfo><StepID>6</StepID><Description>CallLength as PurpleAndRed for assessment is saved properly in reporting database</Description><StepExecutedTime>2:12:32 AM</StepExecutedTime><ScreenShot Name="N/A">N/A</ScreenShot><Result>PASS</Result></LowLevelInfo></Step><Step Number="7"><LowLevelInfo><StepID>7</StepID><Description>Accept patient screen is displaying on clicking pick up button from the assessment in the queue</Description><StepExecutedTime>2:12:48 AM</StepExecutedTime><ScreenShot Name="N/A">N/A</ScreenShot><Result>PASS</Result></LowLevelInfo></Step><Step Number="8"><LowLevelInfo><StepID>8</StepID><Description>XML screen is displaying on cliking on complete button</Description><StepExecutedTime>2:13:38 AM</StepExecutedTime><ScreenShot Name="N/A">N/A</ScreenShot><Result>PASS</Result></LowLevelInfo></Step><Step Number="9"><LowLevelInfo><StepID>9</StepID><Description>Urgency and outcome details for assessment is saved properly in reporting database</Description><StepExecutedTime>2:13:42 AM</StepExecutedTime><ScreenShot Name="N/A">N/A</ScreenShot><Result>PASS</Result></LowLevelInfo></Step><Step Number="10"><LowLevelInfo><StepID>10</StepID><Description>Urgency and outcome details for assessment is saved properly in reporting database</Description><StepExecutedTime>2:13:42 AM</StepExecutedTime><ScreenShot Name="N/A">N/A</ScreenShot><Result>PASS</Result></LowLevelInfo></Step><Step Number="11"><LowLevelInfo><StepID>11</StepID><Description>Signpost details selected by firstcall for assessment is saved properly in reporting database</Description><StepExecutedTime>2:13:42 AM</StepExecutedTime><ScreenShot Name="N/A">N/A</ScreenShot><Result>PASS</Result></LowLevelInfo></Step><Step Number="12"><LowLevelInfo><StepID>12</StepID><Description>Signpost details selected by clinician for assessment is saved properly in reporting database</Description><StepExecutedTime>2:13:42 AM</StepExecutedTime><ScreenShot Name="N/A">N/A</ScreenShot><Result>PASS</Result></LowLevelInfo></Step><TestCaseDescription>InProcess-Validate that Clinician is able to complete assessment passed by CallHandler with ReducedCallLength settings.</TestCaseDescription><Result>PASS</Result><EndTime>2:13:42 AM</EndTime></TestCase><TestCase StartTime="2:13:42 AM" ModuleName="ODY_11846A"><TestCaseName>ODY_11846A</TestCaseName><Step Number="1"><LowLevelInfo><StepID>1</StepID><Description>Suggested action for IMM1 urgency displayed at bottom of screen</Description><StepExecutedTime>2:14:48 AM</StepExecutedTime><ScreenShot Name="N/A">N/A</ScreenShot><Result>PASS</Result></LowLevelInfo></Step><Step Number="2"><LowLevelInfo><StepID>2</StepID><Description>EMER message displayed on selecting high urgency answer</Description><StepExecutedTime>2:14:55 AM</StepExecutedTime><ScreenShot Name="N/A">N/A</ScreenShot><Result>PASS</Result></LowLevelInfo></Step><Step Number="3"><LowLevelInfo><StepID>3</StepID><Description>Audit for AmbulanceWarning with description as We suggest that an Ambulance is sent for the patient is logged</Description><StepExecutedTime>2:14:55 AM</StepExecutedTime><ScreenShot Name="N/A">N/A</ScreenShot><Result>PASS</Result></LowLevelInfo></Step><Step Number="4"><LowLevelInfo><StepID>4</StepID><Description>Audit for AmbulanceWarning with description as We suggest that an Ambulance is sent for the patient : User Selected - Continue is logged</Description><StepExecutedTime>2:14:57 AM</StepExecutedTime><ScreenShot Name="N/A">N/A</ScreenShot><Result>PASS</Result></LowLevelInfo></Step><Step Number="5"><LowLevelInfo><StepID>5</StepID><Description>Signpost Call Ambulance(999) is selected and stored in database</Description><StepExecutedTime>2:15:20 AM</StepExecutedTime><ScreenShot Name="N/A">N/A</ScreenShot><Result>PASS</Result></LowLevelInfo></Step><Step Number="6"><LowLevelInfo><StepID>6</StepID><Description>Urgency and outcome details for assessment is saved properly in reporting database</Description><StepExecutedTime>2:15:20 AM</StepExecutedTime><ScreenShot Name="N/A">N/A</ScreenShot><Result>PASS</Result></LowLevelInfo></Step><Step Number="7"><LowLevelInfo><StepID>7</StepID><Description>CallLength as PurpleAndRed for assessment is saved properly in reporting database</Description><StepExecutedTime>2:15:20 AM</StepExecutedTime><ScreenShot Name="N/A">N/A</ScreenShot><Result>PASS</Result></LowLevelInfo></Step><Step Number="8"><LowLevelInfo><StepID>8</StepID><Description>QuestionTextType as T thirdperson for assessment is saved properly in reporting database</Description><StepExecutedTime>2:15:20 AM</StepExecutedTime><ScreenShot Name="N/A">N/A</ScreenShot><Result>PASS</Result></LowLevelInfo></Step><TestCaseDescription>InProcess-Validate that CallHandler end the assessment once EMER warning displayed by selecting a signpost.</TestCaseDescription><Result>PASS</Result><EndTime>2:15:20 AM</EndTime></TestCase><TestCase StartTime="2:15:20 AM" ModuleName="ODY_11830A"><TestCaseName>ODY_11830A</TestCaseName><Step Number="1"><LowLevelInfo><StepID>1</StepID><Description>Aliased signpost Health assessment for all call length is not displaying in summary screen</Description><StepExecutedTime>2:16:36 AM</StepExecutedTime><ScreenShot Name="View">..\Module Results\Snapshot\2_17_2_16_36.png</ScreenShot><Result>FAIL</Result></LowLevelInfo></Step><Step Number="2"><LowLevelInfo><StepID>2</StepID><Description></Description><StepExecutedTime>2:16:55 AM</StepExecutedTime><ScreenShot Name="View">..\Module Results\Snapshot\2_17_2_16_55.png</ScreenShot><Result>FAIL</Result></LowLevelInfo></Step><TestCaseDescription>InProcess-Validate that CallHandler complete assessment with Reduced Call length and aliased signpost text common for all call length.</TestCaseDescription><Result>FAIL</Result><EndTime>2:16:56 AM</EndTime></TestCase><TestCase StartTime="2:18:38 AM" ModuleName="ODY_11847A"><TestCaseName>ODY_11847A</TestCaseName><Step Number="1"><LowLevelInfo><StepID>1</StepID><Description>Suggested action for IMM2 urgency displayed at bottom of screen</Description><StepExecutedTime>2:20:28 AM</StepExecutedTime><ScreenShot Name="N/A">N/A</ScreenShot><Result>PASS</Result></LowLevelInfo></Step><Step Number="2"><LowLevelInfo><StepID>2</StepID><Description>Default screen is displaying on cliking End Call button</Description><StepExecutedTime>2:21:10 AM</StepExecutedTime><ScreenShot Name="N/A">N/A</ScreenShot><Result>PASS</Result></LowLevelInfo></Step><Step Number="3"><LowLevelInfo><StepID>3</StepID><Description>CallLength as PurpleAndRed for assessment is saved properly in reporting database</Description><StepExecutedTime>2:21:13 AM</StepExecutedTime><ScreenShot Name="N/A">N/A</ScreenShot><Result>PASS</Result></LowLevelInfo></Step><Step Number="4"><LowLevelInfo><StepID>4</StepID><Description>QuestionTextType as F firstperson for assessment is saved properly in reporting database</Description><StepExecutedTime>2:21:13 AM</StepExecutedTime><ScreenShot Name="N/A">N/A</ScreenShot><Result>PASS</Result></LowLevelInfo></Step><Step Number="5"><LowLevelInfo><StepID>5</StepID><Description>Conent Details for assessment is saved properly in reporting database</Description><StepExecutedTime>2:21:14 AM</StepExecutedTime><ScreenShot Name="N/A">N/A</ScreenShot><Result>PASS</Result></LowLevelInfo></Step><Step Number="6"><LowLevelInfo><StepID>6</StepID><Description>Urgency and outcome details for assessment is saved properly in reporting database</Description><StepExecutedTime>2:21:14 AM</StepExecutedTime><ScreenShot Name="N/A">N/A</ScreenShot><Result>PASS</Result></LowLevelInfo></Step><TestCaseDescription>InProcess-Validate that CallHandler end the assessment by increasing urgency to EMER with Reduced Call length and Patient Outcome.</TestCaseDescription><Result>PASS</Result><EndTime>2:21:14 AM</EndTime><EndExecutionTime>17/Feb/2023   2:21:14 AM</EndExecutionTime><TotalTimeTaken>00:18:52</TotalTimeTaken></TestCase></Root>
