<?xml-stylesheet type='text/xsl' href='DetailXmlReference/LogReport.xsl'?>
<Root><StartTime>17/Feb/2023   12:25:46 AM</StartTime><Browser>BROWSERNAME - Version: BrowserName</Browser><Module>REPORTINGDBPATOUTCOME</Module><TestCase StartTime="12:25:46 AM" ModuleName="ODY_10368A"><TestCaseName>ODY_10368A</TestCaseName><Step Number="1"><LowLevelInfo><StepID>1</StepID><Description>Variance popup box is not displaying with the water mark on changing the urgency and clicking on Continue summary screen button</Description><StepExecutedTime>12:27:53 AM</StepExecutedTime><ScreenShot Name="N/A">N/A</ScreenShot><Result>PASS</Result></LowLevelInfo></Step><Step Number="2"><LowLevelInfo><StepID>2</StepID><Description>QuestionTextType as C clinical for assessment in the generated XML</Description><StepExecutedTime>12:28:14 AM</StepExecutedTime><ScreenShot Name="N/A">N/A</ScreenShot><Result>PASS</Result></LowLevelInfo></Step><Step Number="3"><LowLevelInfo><StepID>3</StepID><Description>Details for question Sensation is saved properly in reporting database for the assessment</Description><StepExecutedTime>12:28:18 AM</StepExecutedTime><ScreenShot Name="N/A">N/A</ScreenShot><Result>PASS</Result></LowLevelInfo></Step><Step Number="4"><LowLevelInfo><StepID>4</StepID><Description>Conent Details for assessment is saved properly in reporting database</Description><StepExecutedTime>12:28:18 AM</StepExecutedTime><ScreenShot Name="N/A">N/A</ScreenShot><Result>PASS</Result></LowLevelInfo></Step><Step Number="5"><LowLevelInfo><StepID>5</StepID><Description>Patient Details is saved properly in reporting database for the assessment</Description><StepExecutedTime>12:28:18 AM</StepExecutedTime><ScreenShot Name="N/A">N/A</ScreenShot><Result>PASS</Result></LowLevelInfo></Step><Step Number="6"><LowLevelInfo><StepID>6</StepID><Description>Contact Details is saved properly in reporting database for the assessment</Description><StepExecutedTime>12:28:18 AM</StepExecutedTime><ScreenShot Name="N/A">N/A</ScreenShot><Result>PASS</Result></LowLevelInfo></Step><Step Number="7"><LowLevelInfo><StepID>7</StepID><Description>Urgency and outcome details for assessment is saved properly in reporting database</Description><StepExecutedTime>12:28:18 AM</StepExecutedTime><ScreenShot Name="N/A">N/A</ScreenShot><Result>PASS</Result></LowLevelInfo></Step><Step Number="8"><LowLevelInfo><StepID>8</StepID><Description>QuestionTextType as C clinical for assessment is saved properly in reporting database</Description><StepExecutedTime>12:28:18 AM</StepExecutedTime><ScreenShot Name="N/A">N/A</ScreenShot><Result>PASS</Result></LowLevelInfo></Step><TestCaseDescription>InProcessClinician - Validate that all the details of completed assessment is saved in Reporting Database</TestCaseDescription><Result>PASS</Result><EndTime>12:28:18 AM</EndTime></TestCase><TestCase StartTime="12:28:18 AM" ModuleName="ODY_10369A"><TestCaseName>ODY_10369A</TestCaseName><Step Number="1"><LowLevelInfo><StepID>1</StepID><Description>Close assessment layout is displaying on clicking the close assessment link on assessment screen</Description><StepExecutedTime>12:29:31 AM</StepExecutedTime><ScreenShot Name="N/A">N/A</ScreenShot><Result>PASS</Result></LowLevelInfo></Step><Step Number="2"><LowLevelInfo><StepID>2</StepID><Description>Hoax option in available in Reason for close assessment Combobox</Description><StepExecutedTime>12:29:34 AM</StepExecutedTime><ScreenShot Name="N/A">N/A</ScreenShot><Result>PASS</Result></LowLevelInfo></Step><Step Number="3"><LowLevelInfo><StepID>3</StepID><Description>Summary screen is displaying on clicking Close assessment Button</Description><StepExecutedTime>12:29:38 AM</StepExecutedTime><ScreenShot Name="N/A">N/A</ScreenShot><Result>PASS</Result></LowLevelInfo></Step><Step Number="4"><LowLevelInfo><StepID>4</StepID><Description>Closed: Hoxed is displaying in the patient OutCome</Description><StepExecutedTime>12:29:40 AM</StepExecutedTime><ScreenShot Name="N/A">N/A</ScreenShot><Result>PASS</Result></LowLevelInfo></Step><Step Number="5"><LowLevelInfo><StepID>5</StepID><Description>XML screen is displaying on clicking Complete button in Summary screen</Description><StepExecutedTime>12:29:47 AM</StepExecutedTime><ScreenShot Name="N/A">N/A</ScreenShot><Result>PASS</Result></LowLevelInfo></Step><Step Number="6"><LowLevelInfo><StepID>6</StepID><Description>Details for question Swelling is saved properly in reporting database for the assessment</Description><StepExecutedTime>12:29:50 AM</StepExecutedTime><ScreenShot Name="N/A">N/A</ScreenShot><Result>PASS</Result></LowLevelInfo></Step><Step Number="7"><LowLevelInfo><StepID>7</StepID><Description>Conent Details for assessment is saved properly in reporting database</Description><StepExecutedTime>12:29:50 AM</StepExecutedTime><ScreenShot Name="N/A">N/A</ScreenShot><Result>PASS</Result></LowLevelInfo></Step><Step Number="8"><LowLevelInfo><StepID>8</StepID><Description>Patient Details is saved properly in reporting database for the assessment</Description><StepExecutedTime>12:29:50 AM</StepExecutedTime><ScreenShot Name="N/A">N/A</ScreenShot><Result>PASS</Result></LowLevelInfo></Step><Step Number="9"><LowLevelInfo><StepID>9</StepID><Description>Contact Details is saved properly in reporting database for the assessment</Description><StepExecutedTime>12:29:51 AM</StepExecutedTime><ScreenShot Name="N/A">N/A</ScreenShot><Result>PASS</Result></LowLevelInfo></Step><Step Number="10"><LowLevelInfo><StepID>10</StepID><Description>Urgency and outcome details for assessment is saved properly in reporting database</Description><StepExecutedTime>12:29:51 AM</StepExecutedTime><ScreenShot Name="N/A">N/A</ScreenShot><Result>PASS</Result></LowLevelInfo></Step><TestCaseDescription>InProcessClinician - Validate that all the details of closed assessment is saved in Reporting Database</TestCaseDescription><Result>PASS</Result><EndTime>12:29:51 AM</EndTime></TestCase><TestCase StartTime="12:29:51 AM" ModuleName="ODY_10375A"><TestCaseName>ODY_10375A</TestCaseName><Step Number="1"><LowLevelInfo><StepID>1</StepID><Description>Recommended an Ambulance is Dispatched as soon as possible message box is displaying on selecting ans with purple color</Description><StepExecutedTime>12:31:13 AM</StepExecutedTime><ScreenShot Name="N/A">N/A</ScreenShot><Result>PASS</Result></LowLevelInfo></Step><Step Number="2"><LowLevelInfo><StepID>2</StepID><Description>Go Back button is available and enabled</Description><StepExecutedTime>12:31:15 AM</StepExecutedTime><ScreenShot Name="N/A">N/A</ScreenShot><Result>PASS</Result></LowLevelInfo></Step><Step Number="3"><LowLevelInfo><StepID>3</StepID><Description>Continue button is available and enabled</Description><StepExecutedTime>12:31:17 AM</StepExecutedTime><ScreenShot Name="N/A">N/A</ScreenShot><Result>PASS</Result></LowLevelInfo></Step><Step Number="4"><LowLevelInfo><StepID>4</StepID><Description>QuestionTextType as F firstperson for assessment in the generated XML</Description><StepExecutedTime>12:31:35 AM</StepExecutedTime><ScreenShot Name="N/A">N/A</ScreenShot><Result>PASS</Result></LowLevelInfo></Step><Step Number="5"><LowLevelInfo><StepID>5</StepID><Description>Details for question Severity SOB is saved properly in reporting database for the assessment</Description><StepExecutedTime>12:31:38 AM</StepExecutedTime><ScreenShot Name="N/A">N/A</ScreenShot><Result>PASS</Result></LowLevelInfo></Step><Step Number="6"><LowLevelInfo><StepID>6</StepID><Description>Details for question Current State is saved properly in reporting database for the assessment</Description><StepExecutedTime>12:31:39 AM</StepExecutedTime><ScreenShot Name="N/A">N/A</ScreenShot><Result>PASS</Result></LowLevelInfo></Step><Step Number="7"><LowLevelInfo><StepID>7</StepID><Description>Conent Details for assessment is saved properly in reporting database</Description><StepExecutedTime>12:31:39 AM</StepExecutedTime><ScreenShot Name="N/A">N/A</ScreenShot><Result>PASS</Result></LowLevelInfo></Step><Step Number="8"><LowLevelInfo><StepID>8</StepID><Description>Patient Details is saved properly in reporting database for the assessment</Description><StepExecutedTime>12:31:39 AM</StepExecutedTime><ScreenShot Name="N/A">N/A</ScreenShot><Result>PASS</Result></LowLevelInfo></Step><Step Number="9"><LowLevelInfo><StepID>9</StepID><Description>Contact Details is saved properly in reporting database for the assessment</Description><StepExecutedTime>12:31:39 AM</StepExecutedTime><ScreenShot Name="N/A">N/A</ScreenShot><Result>PASS</Result></LowLevelInfo></Step><Step Number="10"><LowLevelInfo><StepID>10</StepID><Description>Urgency and outcome details for assessment is saved properly in reporting database</Description><StepExecutedTime>12:31:39 AM</StepExecutedTime><ScreenShot Name="N/A">N/A</ScreenShot><Result>PASS</Result></LowLevelInfo></Step><Step Number="11"><LowLevelInfo><StepID>11</StepID><Description>FirstAidAdvice Details is saved properly in reporting database for the assessment</Description><StepExecutedTime>12:31:39 AM</StepExecutedTime><ScreenShot Name="N/A">N/A</ScreenShot><Result>PASS</Result></LowLevelInfo></Step><Step Number="12"><LowLevelInfo><StepID>12</StepID><Description>QuestionTextType as F firstperson for assessment is saved properly in reporting database</Description><StepExecutedTime>12:31:39 AM</StepExecutedTime><ScreenShot Name="N/A">N/A</ScreenShot><Result>PASS</Result></LowLevelInfo></Step><TestCaseDescription>InProcessCallHandler - Validate that all the details of ended assessment for existing patient with emergency is saved in Reporting Database</TestCaseDescription><Result>PASS</Result><EndTime>12:31:39 AM</EndTime></TestCase><TestCase StartTime="12:31:39 AM" ModuleName="ODY_10252"><TestCaseName>ODY_10252</TestCaseName><Step Number="1"><LowLevelInfo><StepID>1</StepID><Description>Clinician appointment within the next day &lt;24 hours is displayed as Action Advised</Description><StepExecutedTime>12:33:39 AM</StepExecutedTime><ScreenShot Name="N/A">N/A</ScreenShot><Result>PASS</Result></LowLevelInfo></Step><Step Number="2"><LowLevelInfo><StepID>2</StepID><Description>QuestionTextType as F firstperson for assessment in the generated XML</Description><StepExecutedTime>12:34:14 AM</StepExecutedTime><ScreenShot Name="N/A">N/A</ScreenShot><Result>PASS</Result></LowLevelInfo></Step><Step Number="3"><LowLevelInfo><StepID>3</StepID><Description>Details for question Most recent temp. is saved properly in reporting database for the assessment</Description><StepExecutedTime>12:34:15 AM</StepExecutedTime><ScreenShot Name="N/A">N/A</ScreenShot><Result>PASS</Result></LowLevelInfo></Step><Step Number="4"><LowLevelInfo><StepID>4</StepID><Description>Details for question Swelling is saved properly in reporting database for the assessment</Description><StepExecutedTime>12:34:15 AM</StepExecutedTime><ScreenShot Name="N/A">N/A</ScreenShot><Result>PASS</Result></LowLevelInfo></Step><Step Number="5"><LowLevelInfo><StepID>5</StepID><Description>Conent Details for assessment is not saved properly in reporting database</Description><StepExecutedTime>12:34:16 AM</StepExecutedTime><ScreenShot Name="View">..\Module Results\Snapshot\2_17_0_34_16.png</ScreenShot><Result>FAIL</Result></LowLevelInfo></Step><Step Number="6"><LowLevelInfo><StepID>6</StepID><Description>Patient Details is saved properly in reporting database for the assessment</Description><StepExecutedTime>12:34:16 AM</StepExecutedTime><ScreenShot Name="N/A">N/A</ScreenShot><Result>PASS</Result></LowLevelInfo></Step><Step Number="7"><LowLevelInfo><StepID>7</StepID><Description>Contact Details is saved properly in reporting database for the assessment</Description><StepExecutedTime>12:34:17 AM</StepExecutedTime><ScreenShot Name="N/A">N/A</ScreenShot><Result>PASS</Result></LowLevelInfo></Step><Step Number="8"><LowLevelInfo><StepID>8</StepID><Description>Urgency and outcome details for assessment is saved properly in reporting database</Description><StepExecutedTime>12:34:17 AM</StepExecutedTime><ScreenShot Name="N/A">N/A</ScreenShot><Result>PASS</Result></LowLevelInfo></Step><Step Number="9"><LowLevelInfo><StepID>9</StepID><Description>WorseningAdvice Details is saved properly in reporting database for the assessment</Description><StepExecutedTime>12:34:17 AM</StepExecutedTime><ScreenShot Name="N/A">N/A</ScreenShot><Result>PASS</Result></LowLevelInfo></Step><Step Number="10"><LowLevelInfo><StepID>10</StepID><Description>WorseningStatement Details is saved properly in reporting database for the assessment</Description><StepExecutedTime>12:34:17 AM</StepExecutedTime><ScreenShot Name="N/A">N/A</ScreenShot><Result>PASS</Result></LowLevelInfo></Step><Step Number="11"><LowLevelInfo><StepID>11</StepID><Description>QuestionTextType as F firstperson for assessment is saved properly in reporting database</Description><StepExecutedTime>12:34:17 AM</StepExecutedTime><ScreenShot Name="N/A">N/A</ScreenShot><Result>PASS</Result></LowLevelInfo></Step><Step Number="12"><LowLevelInfo><StepID>12</StepID><Description>Accept patient screen is displaying on clicking pick up button from the assessment in the queue</Description><StepExecutedTime>12:34:45 AM</StepExecutedTime><ScreenShot Name="N/A">N/A</ScreenShot><Result>PASS</Result></LowLevelInfo></Step><Step Number="13"><LowLevelInfo><StepID>13</StepID><Description>Urgency variance text has been saved as notes</Description><StepExecutedTime>12:35:44 AM</StepExecutedTime><ScreenShot Name="N/A">N/A</ScreenShot><Result>PASS</Result></LowLevelInfo></Step><Step Number="14"><LowLevelInfo><StepID>14</StepID><Description>XML screen is displaying on cliking on complete button</Description><StepExecutedTime>12:35:56 AM</StepExecutedTime><ScreenShot Name="N/A">N/A</ScreenShot><Result>PASS</Result></LowLevelInfo></Step><Step Number="15"><LowLevelInfo><StepID>15</StepID><Description>QuestionTextType as F firstperson for assessment in the generated XML</Description><StepExecutedTime>12:35:58 AM</StepExecutedTime><ScreenShot Name="N/A">N/A</ScreenShot><Result>PASS</Result></LowLevelInfo></Step><Step Number="16"><LowLevelInfo><StepID>16</StepID><Description>Details for question Sensation is saved properly in reporting database for the assessment</Description><StepExecutedTime>12:36:02 AM</StepExecutedTime><ScreenShot Name="N/A">N/A</ScreenShot><Result>PASS</Result></LowLevelInfo></Step><Step Number="17"><LowLevelInfo><StepID>17</StepID><Description>Patient Details is saved properly in reporting database for the assessment</Description><StepExecutedTime>12:36:02 AM</StepExecutedTime><ScreenShot Name="N/A">N/A</ScreenShot><Result>PASS</Result></LowLevelInfo></Step><Step Number="18"><LowLevelInfo><StepID>18</StepID><Description>Contact Details is saved properly in reporting database for the assessment</Description><StepExecutedTime>12:36:02 AM</StepExecutedTime><ScreenShot Name="N/A">N/A</ScreenShot><Result>PASS</Result></LowLevelInfo></Step><Step Number="19"><LowLevelInfo><StepID>19</StepID><Description>Conent Details for assessment is saved properly in reporting database</Description><StepExecutedTime>12:36:02 AM</StepExecutedTime><ScreenShot Name="N/A">N/A</ScreenShot><Result>PASS</Result></LowLevelInfo></Step><Step Number="20"><LowLevelInfo><StepID>20</StepID><Description>Urgency and outcome details for assessment is saved properly in reporting database</Description><StepExecutedTime>12:36:02 AM</StepExecutedTime><ScreenShot Name="N/A">N/A</ScreenShot><Result>PASS</Result></LowLevelInfo></Step><Step Number="21"><LowLevelInfo><StepID>21</StepID><Description>Urgency and outcome details for assessment is saved properly in reporting database</Description><StepExecutedTime>12:36:03 AM</StepExecutedTime><ScreenShot Name="N/A">N/A</ScreenShot><Result>PASS</Result></LowLevelInfo></Step><Step Number="22"><LowLevelInfo><StepID>22</StepID><Description>WorseningAdvice Details is saved properly in reporting database for the assessment</Description><StepExecutedTime>12:36:03 AM</StepExecutedTime><ScreenShot Name="N/A">N/A</ScreenShot><Result>PASS</Result></LowLevelInfo></Step><Step Number="23"><LowLevelInfo><StepID>23</StepID><Description>WorseningStatement Details is saved properly in reporting database for the assessment</Description><StepExecutedTime>12:36:03 AM</StepExecutedTime><ScreenShot Name="N/A">N/A</ScreenShot><Result>PASS</Result></LowLevelInfo></Step><Step Number="24"><LowLevelInfo><StepID>24</StepID><Description>QuestionTextType remain as F firstperson for assessment is saved properly in reporting database</Description><StepExecutedTime>12:36:03 AM</StepExecutedTime><ScreenShot Name="N/A">N/A</ScreenShot><Result>PASS</Result></LowLevelInfo></Step><TestCaseDescription>InProcessCallHandler - Validate that details of passed assessment with urgency change and completed by clinician is saved in Reporting DB</TestCaseDescription><Result>FAIL</Result><EndTime>12:36:03 AM</EndTime></TestCase><TestCase StartTime="12:36:03 AM" ModuleName="ODY_10386A"><TestCaseName>ODY_10386A</TestCaseName><Step Number="1"><LowLevelInfo><StepID>1</StepID><Description>Summary screen is displaying on selecting all ans and clicked on continue button in assessment screen</Description><StepExecutedTime>12:37:52 AM</StepExecutedTime><ScreenShot Name="N/A">N/A</ScreenShot><Result>PASS</Result></LowLevelInfo></Step><Step Number="2"><LowLevelInfo><StepID>2</StepID><Description>XML screen is displaying on clicking Complete button</Description><StepExecutedTime>12:38:18 AM</StepExecutedTime><ScreenShot Name="N/A">N/A</ScreenShot><Result>PASS</Result></LowLevelInfo></Step><Step Number="3"><LowLevelInfo><StepID>3</StepID><Description>Details for question Onset is saved properly in reporting database for the assessment</Description><StepExecutedTime>12:38:22 AM</StepExecutedTime><ScreenShot Name="N/A">N/A</ScreenShot><Result>PASS</Result></LowLevelInfo></Step><Step Number="4"><LowLevelInfo><StepID>4</StepID><Description>Details for question Abdo pain-Severity is saved properly in reporting database for the assessment</Description><StepExecutedTime>12:38:22 AM</StepExecutedTime><ScreenShot Name="N/A">N/A</ScreenShot><Result>PASS</Result></LowLevelInfo></Step><Step Number="5"><LowLevelInfo><StepID>5</StepID><Description>Conent Details for assessment is saved properly in reporting database</Description><StepExecutedTime>12:38:22 AM</StepExecutedTime><ScreenShot Name="N/A">N/A</ScreenShot><Result>PASS</Result></LowLevelInfo></Step><Step Number="6"><LowLevelInfo><StepID>6</StepID><Description>Patient Details is saved properly in reporting database for the assessment</Description><StepExecutedTime>12:38:22 AM</StepExecutedTime><ScreenShot Name="N/A">N/A</ScreenShot><Result>PASS</Result></LowLevelInfo></Step><Step Number="7"><LowLevelInfo><StepID>7</StepID><Description>Contact Details is saved properly in reporting database for the assessment</Description><StepExecutedTime>12:38:22 AM</StepExecutedTime><ScreenShot Name="N/A">N/A</ScreenShot><Result>PASS</Result></LowLevelInfo></Step><Step Number="8"><LowLevelInfo><StepID>8</StepID><Description>Urgency and outcome details for assessment is saved properly in reporting database</Description><StepExecutedTime>12:38:22 AM</StepExecutedTime><ScreenShot Name="N/A">N/A</ScreenShot><Result>PASS</Result></LowLevelInfo></Step><Step Number="9"><LowLevelInfo><StepID>9</StepID><Description>CareAdvice Details is saved properly in reporting database for the assessment</Description><StepExecutedTime>12:38:22 AM</StepExecutedTime><ScreenShot Name="N/A">N/A</ScreenShot><Result>PASS</Result></LowLevelInfo></Step><Step Number="10"><LowLevelInfo><StepID>10</StepID><Description>WorseningAdvice Details is saved properly in reporting database for the assessment</Description><StepExecutedTime>12:38:22 AM</StepExecutedTime><ScreenShot Name="N/A">N/A</ScreenShot><Result>PASS</Result></LowLevelInfo></Step><Step Number="11"><LowLevelInfo><StepID>11</StepID><Description>WorseningStatement Details is saved properly in reporting database for the assessment</Description><StepExecutedTime>12:38:22 AM</StepExecutedTime><ScreenShot Name="N/A">N/A</ScreenShot><Result>PASS</Result></LowLevelInfo></Step><TestCaseDescription>InProcessCallHandler - Validate that all the details of completed assessment with Selfcare is saved in Reporting Database</TestCaseDescription><Result>PASS</Result><EndTime>12:38:22 AM</EndTime></TestCase><TestCase StartTime="12:38:22 AM" ModuleName="ODY_10387A"><TestCaseName>ODY_10387A</TestCaseName><Step Number="1"><LowLevelInfo><StepID>1</StepID><Description>Close assessment layout is displaying on clicking the close assessment link on assessment screen</Description><StepExecutedTime>12:39:39 AM</StepExecutedTime><ScreenShot Name="N/A">N/A</ScreenShot><Result>PASS</Result></LowLevelInfo></Step><Step Number="2"><LowLevelInfo><StepID>2</StepID><Description>Hoax option in available in Reason for close assessment Combobox</Description><StepExecutedTime>12:39:41 AM</StepExecutedTime><ScreenShot Name="N/A">N/A</ScreenShot><Result>PASS</Result></LowLevelInfo></Step><Step Number="3"><LowLevelInfo><StepID>3</StepID><Description>Close Assessment button is enable after selecting the reason for closing the assessment</Description><StepExecutedTime>12:39:44 AM</StepExecutedTime><ScreenShot Name="N/A">N/A</ScreenShot><Result>PASS</Result></LowLevelInfo></Step><Step Number="4"><LowLevelInfo><StepID>4</StepID><Description>XML screen displayed on closing assessment abruptly</Description><StepExecutedTime>12:39:50 AM</StepExecutedTime><ScreenShot Name="N/A">N/A</ScreenShot><Result>PASS</Result></LowLevelInfo></Step><Step Number="5"><LowLevelInfo><StepID>5</StepID><Description>Details for question Current State is saved properly in reporting database for the assessment</Description><StepExecutedTime>12:39:54 AM</StepExecutedTime><ScreenShot Name="N/A">N/A</ScreenShot><Result>PASS</Result></LowLevelInfo></Step><Step Number="6"><LowLevelInfo><StepID>6</StepID><Description>Conent Details for assessment is saved properly in reporting database</Description><StepExecutedTime>12:39:54 AM</StepExecutedTime><ScreenShot Name="N/A">N/A</ScreenShot><Result>PASS</Result></LowLevelInfo></Step><Step Number="7"><LowLevelInfo><StepID>7</StepID><Description>Patient Details is saved properly in reporting database for the assessment</Description><StepExecutedTime>12:39:54 AM</StepExecutedTime><ScreenShot Name="N/A">N/A</ScreenShot><Result>PASS</Result></LowLevelInfo></Step><Step Number="8"><LowLevelInfo><StepID>8</StepID><Description>Contact Details is saved properly in reporting database for the assessment</Description><StepExecutedTime>12:39:54 AM</StepExecutedTime><ScreenShot Name="N/A">N/A</ScreenShot><Result>PASS</Result></LowLevelInfo></Step><Step Number="9"><LowLevelInfo><StepID>9</StepID><Description>Urgency and outcome details for assessment is saved properly in reporting database</Description><StepExecutedTime>12:39:54 AM</StepExecutedTime><ScreenShot Name="N/A">N/A</ScreenShot><Result>PASS</Result></LowLevelInfo></Step><TestCaseDescription>InProcessCallHandler - Validate that all the details of prematurely closed assessment is saved in Reporting Database</TestCaseDescription><Result>PASS</Result><EndTime>12:39:54 AM</EndTime><EndExecutionTime>17/Feb/2023   12:39:54 AM</EndExecutionTime><TotalTimeTaken>00:14:09</TotalTimeTaken></TestCase></Root>
