<?xml-stylesheet type='text/xsl' href='DetailXmlReference/LogReport.xsl'?>
<Root><StartTime>17/Feb/2023   1:48:04 AM</StartTime><Browser>BROWSERNAME - Version: BrowserName</Browser><Module>REPORTINGDBSIGNPOST</Module><TestCase StartTime="1:48:04 AM" ModuleName="ODY_10334"><TestCaseName>ODY_10334</TestCaseName><Step Number="1"><LowLevelInfo><StepID>1</StepID><Description>XML screen is displaying on clicking Pause assessment link in Summary screen</Description><StepExecutedTime>1:50:05 AM</StepExecutedTime><ScreenShot Name="N/A">N/A</ScreenShot><Result>PASS</Result></LowLevelInfo></Step><Step Number="2"><LowLevelInfo><StepID>2</StepID><Description>Preferred signpost GP Assessment is highlighted again on click in summary screen</Description><StepExecutedTime>1:51:06 AM</StepExecutedTime><ScreenShot Name="N/A">N/A</ScreenShot><Result>PASS</Result></LowLevelInfo></Step><Step Number="3"><LowLevelInfo><StepID>3</StepID><Description>XML screen is displaying after assessment is completed</Description><StepExecutedTime>1:51:15 AM</StepExecutedTime><ScreenShot Name="N/A">N/A</ScreenShot><Result>PASS</Result></LowLevelInfo></Step><Step Number="4"><LowLevelInfo><StepID>4</StepID><Description>Either BOF or EOF is True, or the current record has been deleted. Requested operation requires a current record.</Description><StepExecutedTime>1:51:20 AM</StepExecutedTime><ScreenShot Name="View">..\Module Results\Snapshot\2_17_1_51_20.png</ScreenShot><Result>FAIL</Result></LowLevelInfo></Step><TestCaseDescription>InProcessClinician - Validate that all the details of paused assessment is saved in Reporting Database</TestCaseDescription><Result>FAIL</Result><EndTime>1:51:21 AM</EndTime></TestCase><TestCase StartTime="1:53:16 AM" ModuleName="ODY_10380A"><TestCaseName>ODY_10380A</TestCaseName><Step Number="1"><LowLevelInfo><StepID>1</StepID><Description>Recommend transferring this call to a clinician now popup message displaying on selecting emergency ans in the first screen</Description><StepExecutedTime>1:54:22 AM</StepExecutedTime><ScreenShot Name="N/A">N/A</ScreenShot><Result>PASS</Result></LowLevelInfo></Step><Step Number="2"><LowLevelInfo><StepID>2</StepID><Description>CareAdvice Overlay is displaying on click of Continue</Description><StepExecutedTime>1:54:26 AM</StepExecutedTime><ScreenShot Name="N/A">N/A</ScreenShot><Result>PASS</Result></LowLevelInfo></Step><Step Number="3"><LowLevelInfo><StepID>3</StepID><Description>Signposts : label is displayed for CallHandler in the Summary screen</Description><StepExecutedTime>1:54:30 AM</StepExecutedTime><ScreenShot Name="N/A">N/A</ScreenShot><Result>PASS</Result></LowLevelInfo></Step><Step Number="4"><LowLevelInfo><StepID>4</StepID><Description>Only one signpost Call Ambulance is shown and preselected in the assessment screen</Description><StepExecutedTime>1:54:32 AM</StepExecutedTime><ScreenShot Name="N/A">N/A</ScreenShot><Result>PASS</Result></LowLevelInfo></Step><Step Number="5"><LowLevelInfo><StepID>5</StepID><Description>Details for question Current State is saved properly in reporting database for the assessment</Description><StepExecutedTime>1:54:44 AM</StepExecutedTime><ScreenShot Name="N/A">N/A</ScreenShot><Result>PASS</Result></LowLevelInfo></Step><Step Number="6"><LowLevelInfo><StepID>6</StepID><Description>Conent Details for assessment is saved properly in reporting database</Description><StepExecutedTime>1:54:44 AM</StepExecutedTime><ScreenShot Name="N/A">N/A</ScreenShot><Result>PASS</Result></LowLevelInfo></Step><Step Number="7"><LowLevelInfo><StepID>7</StepID><Description>Patient Details is saved properly in reporting database for the assessment</Description><StepExecutedTime>1:54:44 AM</StepExecutedTime><ScreenShot Name="N/A">N/A</ScreenShot><Result>PASS</Result></LowLevelInfo></Step><Step Number="8"><LowLevelInfo><StepID>8</StepID><Description>Contact Details is saved properly in reporting database for the assessment</Description><StepExecutedTime>1:54:44 AM</StepExecutedTime><ScreenShot Name="N/A">N/A</ScreenShot><Result>PASS</Result></LowLevelInfo></Step><Step Number="9"><LowLevelInfo><StepID>9</StepID><Description>Urgency and outcome details for assessment is saved properly in reporting database</Description><StepExecutedTime>1:54:45 AM</StepExecutedTime><ScreenShot Name="N/A">N/A</ScreenShot><Result>PASS</Result></LowLevelInfo></Step><Step Number="10"><LowLevelInfo><StepID>10</StepID><Description>Signpost details for assessment is saved properly in reporting database</Description><StepExecutedTime>1:54:45 AM</StepExecutedTime><ScreenShot Name="N/A">N/A</ScreenShot><Result>PASS</Result></LowLevelInfo></Step><Step Number="11"><LowLevelInfo><StepID>11</StepID><Description>FirstAidAdvice details for assessment is saved properly in reporting database</Description><StepExecutedTime>1:54:45 AM</StepExecutedTime><ScreenShot Name="N/A">N/A</ScreenShot><Result>PASS</Result></LowLevelInfo></Step><Step Number="12"><LowLevelInfo><StepID>12</StepID><Description>QuestionTextType as T thirdperson for assessment is saved properly in reporting database</Description><StepExecutedTime>1:54:45 AM</StepExecutedTime><ScreenShot Name="N/A">N/A</ScreenShot><Result>PASS</Result></LowLevelInfo></Step><TestCaseDescription>InProcessCallHandler - Validate that all the details of ended assessment with emergency is saved in Reporting Database</TestCaseDescription><Result>PASS</Result><EndTime>1:54:45 AM</EndTime></TestCase><TestCase StartTime="1:54:45 AM" ModuleName="ODY_10332"><TestCaseName>ODY_10332</TestCaseName><Step Number="1"><LowLevelInfo><StepID>1</StepID><Description>Recommended transferring this call to a clinician now message box is displaying</Description><StepExecutedTime>1:56:12 AM</StepExecutedTime><ScreenShot Name="N/A">N/A</ScreenShot><Result>PASS</Result></LowLevelInfo></Step><Step Number="2"><LowLevelInfo><StepID>2</StepID><Description>CareAdvice Overlay is displaying on click of Continue</Description><StepExecutedTime>1:56:16 AM</StepExecutedTime><ScreenShot Name="N/A">N/A</ScreenShot><Result>PASS</Result></LowLevelInfo></Step><Step Number="3"><LowLevelInfo><StepID>3</StepID><Description>Signposts  label is displayed for CallHandler in the 2nd assessment screen</Description><StepExecutedTime>1:56:19 AM</StepExecutedTime><ScreenShot Name="N/A">N/A</ScreenShot><Result>PASS</Result></LowLevelInfo></Step><Step Number="4"><LowLevelInfo><StepID>4</StepID><Description>Only one signpost Clinical Assessment Now is shown and preselected in the Summary screen</Description><StepExecutedTime>1:56:21 AM</StepExecutedTime><ScreenShot Name="N/A">N/A</ScreenShot><Result>PASS</Result></LowLevelInfo></Step><Step Number="5"><LowLevelInfo><StepID>5</StepID><Description>Details for question Current State is saved properly in reporting database for the assessment</Description><StepExecutedTime>1:56:29 AM</StepExecutedTime><ScreenShot Name="N/A">N/A</ScreenShot><Result>PASS</Result></LowLevelInfo></Step><Step Number="6"><LowLevelInfo><StepID>6</StepID><Description>Details for question Current State is saved properly in reporting database for the assessment</Description><StepExecutedTime>1:56:30 AM</StepExecutedTime><ScreenShot Name="N/A">N/A</ScreenShot><Result>PASS</Result></LowLevelInfo></Step><Step Number="7"><LowLevelInfo><StepID>7</StepID><Description>Conent Details for assessment is not saved properly in reporting database</Description><StepExecutedTime>1:56:30 AM</StepExecutedTime><ScreenShot Name="View">..\Module Results\Snapshot\2_17_1_56_30.png</ScreenShot><Result>FAIL</Result></LowLevelInfo></Step><Step Number="8"><LowLevelInfo><StepID>8</StepID><Description>Patient Details is saved properly in reporting database for the assessment</Description><StepExecutedTime>1:56:31 AM</StepExecutedTime><ScreenShot Name="N/A">N/A</ScreenShot><Result>PASS</Result></LowLevelInfo></Step><Step Number="9"><LowLevelInfo><StepID>9</StepID><Description>Contact Details is saved properly in reporting database for the assessment</Description><StepExecutedTime>1:56:31 AM</StepExecutedTime><ScreenShot Name="N/A">N/A</ScreenShot><Result>PASS</Result></LowLevelInfo></Step><Step Number="10"><LowLevelInfo><StepID>10</StepID><Description>Urgency and outcome details for assessment is saved properly in reporting database</Description><StepExecutedTime>1:56:31 AM</StepExecutedTime><ScreenShot Name="N/A">N/A</ScreenShot><Result>PASS</Result></LowLevelInfo></Step><Step Number="11"><LowLevelInfo><StepID>11</StepID><Description>Signpost details for assessment is saved properly in reporting database</Description><StepExecutedTime>1:56:31 AM</StepExecutedTime><ScreenShot Name="N/A">N/A</ScreenShot><Result>PASS</Result></LowLevelInfo></Step><Step Number="12"><LowLevelInfo><StepID>12</StepID><Description>FirstAidAdvice details for assessment is saved properly in reporting database</Description><StepExecutedTime>1:56:31 AM</StepExecutedTime><ScreenShot Name="N/A">N/A</ScreenShot><Result>PASS</Result></LowLevelInfo></Step><Step Number="13"><LowLevelInfo><StepID>13</StepID><Description>QuestionTextType as T thirdperson for assessment is saved properly in reporting database</Description><StepExecutedTime>1:56:31 AM</StepExecutedTime><ScreenShot Name="N/A">N/A</ScreenShot><Result>PASS</Result></LowLevelInfo></Step><Step Number="14"><LowLevelInfo><StepID>14</StepID><Description>Accept patient screen is displaying on clicking pick up button from the assessment in the queue</Description><StepExecutedTime>1:57:02 AM</StepExecutedTime><ScreenShot Name="N/A">N/A</ScreenShot><Result>PASS</Result></LowLevelInfo></Step><Step Number="15"><LowLevelInfo><StepID>15</StepID><Description>XML screen is displaying on cliking on complete button</Description><StepExecutedTime>1:57:45 AM</StepExecutedTime><ScreenShot Name="N/A">N/A</ScreenShot><Result>PASS</Result></LowLevelInfo></Step><Step Number="16"><LowLevelInfo><StepID>16</StepID><Description>Details for question Mechanism as Penetrating injury is saved properly in reporting database for the assessment</Description><StepExecutedTime>1:57:50 AM</StepExecutedTime><ScreenShot Name="N/A">N/A</ScreenShot><Result>PASS</Result></LowLevelInfo></Step><Step Number="17"><LowLevelInfo><StepID>17</StepID><Description>Details for question Mechanism as Road accident is saved properly in reporting database for the assessment</Description><StepExecutedTime>1:57:51 AM</StepExecutedTime><ScreenShot Name="N/A">N/A</ScreenShot><Result>PASS</Result></LowLevelInfo></Step><Step Number="18"><LowLevelInfo><StepID>18</StepID><Description>Details for question Child at risk? is saved properly in reporting database for the assessment</Description><StepExecutedTime>1:57:53 AM</StepExecutedTime><ScreenShot Name="N/A">N/A</ScreenShot><Result>PASS</Result></LowLevelInfo></Step><Step Number="19"><LowLevelInfo><StepID>19</StepID><Description>Details for question Swelling is saved properly in reporting database for the assessment</Description><StepExecutedTime>1:57:53 AM</StepExecutedTime><ScreenShot Name="N/A">N/A</ScreenShot><Result>PASS</Result></LowLevelInfo></Step><Step Number="20"><LowLevelInfo><StepID>20</StepID><Description>Patient Details is saved properly in reporting database for the assessment</Description><StepExecutedTime>1:57:54 AM</StepExecutedTime><ScreenShot Name="N/A">N/A</ScreenShot><Result>PASS</Result></LowLevelInfo></Step><Step Number="21"><LowLevelInfo><StepID>21</StepID><Description>Contact Details is saved properly in reporting database for the assessment</Description><StepExecutedTime>1:57:54 AM</StepExecutedTime><ScreenShot Name="N/A">N/A</ScreenShot><Result>PASS</Result></LowLevelInfo></Step><Step Number="22"><LowLevelInfo><StepID>22</StepID><Description>Conent Details for assessment is saved properly in reporting database</Description><StepExecutedTime>1:57:54 AM</StepExecutedTime><ScreenShot Name="N/A">N/A</ScreenShot><Result>PASS</Result></LowLevelInfo></Step><Step Number="23"><LowLevelInfo><StepID>23</StepID><Description>Urgency and outcome details for assessment is saved properly in reporting database</Description><StepExecutedTime>1:57:54 AM</StepExecutedTime><ScreenShot Name="N/A">N/A</ScreenShot><Result>PASS</Result></LowLevelInfo></Step><Step Number="24"><LowLevelInfo><StepID>24</StepID><Description>Urgency and outcome details for assessment is saved properly in reporting database</Description><StepExecutedTime>1:57:55 AM</StepExecutedTime><ScreenShot Name="N/A">N/A</ScreenShot><Result>PASS</Result></LowLevelInfo></Step><Step Number="25"><LowLevelInfo><StepID>25</StepID><Description>Signpost details selected by firstcall for assessment is saved properly in reporting database</Description><StepExecutedTime>1:57:55 AM</StepExecutedTime><ScreenShot Name="N/A">N/A</ScreenShot><Result>PASS</Result></LowLevelInfo></Step><Step Number="26"><LowLevelInfo><StepID>26</StepID><Description>Signpost details selected by clinician for assessment is saved properly in reporting database</Description><StepExecutedTime>1:57:55 AM</StepExecutedTime><ScreenShot Name="N/A">N/A</ScreenShot><Result>PASS</Result></LowLevelInfo></Step><Step Number="27"><LowLevelInfo><StepID>27</StepID><Description>FirstAidAdvice details for assessment is saved properly in reporting database</Description><StepExecutedTime>1:57:55 AM</StepExecutedTime><ScreenShot Name="N/A">N/A</ScreenShot><Result>PASS</Result></LowLevelInfo></Step><Step Number="28"><LowLevelInfo><StepID>28</StepID><Description>QuestionTextType remain as T thirdperson for assessment is saved properly in reporting database</Description><StepExecutedTime>1:57:56 AM</StepExecutedTime><ScreenShot Name="N/A">N/A</ScreenShot><Result>PASS</Result></LowLevelInfo></Step><TestCaseDescription>InProcessCallHandler - Validate that details of passed assessment and completed by clinician is saved in Reporting Database</TestCaseDescription><Result>FAIL</Result><EndTime>1:57:56 AM</EndTime></TestCase><TestCase StartTime="1:57:56 AM" ModuleName="ODY_10382A"><TestCaseName>ODY_10382A</TestCaseName><Step Number="1"><LowLevelInfo><StepID>1</StepID><Description>None of the signpost is preselected in summary screen</Description><StepExecutedTime>1:59:38 AM</StepExecutedTime><ScreenShot Name="N/A">N/A</ScreenShot><Result>PASS</Result></LowLevelInfo></Step><Step Number="2"><LowLevelInfo><StepID>2</StepID><Description>Preferred signpost Dentist assessment is highlighted again on click in summary screen</Description><StepExecutedTime>1:59:42 AM</StepExecutedTime><ScreenShot Name="N/A">N/A</ScreenShot><Result>PASS</Result></LowLevelInfo></Step><Step Number="3"><LowLevelInfo><StepID>3</StepID><Description>Details for question Brace Problem is saved properly in reporting database for the assessment</Description><StepExecutedTime>2:00:07 AM</StepExecutedTime><ScreenShot Name="N/A">N/A</ScreenShot><Result>PASS</Result></LowLevelInfo></Step><Step Number="4"><LowLevelInfo><StepID>4</StepID><Description>Conent Details for assessment is saved properly in reporting database</Description><StepExecutedTime>2:00:07 AM</StepExecutedTime><ScreenShot Name="N/A">N/A</ScreenShot><Result>PASS</Result></LowLevelInfo></Step><Step Number="5"><LowLevelInfo><StepID>5</StepID><Description>Patient Details is saved properly in reporting database for the assessment</Description><StepExecutedTime>2:00:07 AM</StepExecutedTime><ScreenShot Name="N/A">N/A</ScreenShot><Result>PASS</Result></LowLevelInfo></Step><Step Number="6"><LowLevelInfo><StepID>6</StepID><Description>Contact Details is saved properly in reporting database for the assessment</Description><StepExecutedTime>2:00:07 AM</StepExecutedTime><ScreenShot Name="N/A">N/A</ScreenShot><Result>PASS</Result></LowLevelInfo></Step><Step Number="7"><LowLevelInfo><StepID>7</StepID><Description>Urgency and outcome details for assessment is saved properly in reporting database</Description><StepExecutedTime>2:00:07 AM</StepExecutedTime><ScreenShot Name="N/A">N/A</ScreenShot><Result>PASS</Result></LowLevelInfo></Step><Step Number="8"><LowLevelInfo><StepID>8</StepID><Description>Signpost details for assessment is not saved properly in reporting database</Description><StepExecutedTime>2:00:08 AM</StepExecutedTime><ScreenShot Name="View">..\Module Results\Snapshot\2_17_2_0_8.png</ScreenShot><Result>FAIL</Result></LowLevelInfo></Step><Step Number="9"><LowLevelInfo><StepID>9</StepID><Description>CareAdvice Details is saved properly in reporting database for the assessment</Description><StepExecutedTime>2:00:08 AM</StepExecutedTime><ScreenShot Name="N/A">N/A</ScreenShot><Result>PASS</Result></LowLevelInfo></Step><Step Number="10"><LowLevelInfo><StepID>10</StepID><Description>WorseningAdvice Details is saved properly in reporting database for the assessment</Description><StepExecutedTime>2:00:09 AM</StepExecutedTime><ScreenShot Name="N/A">N/A</ScreenShot><Result>PASS</Result></LowLevelInfo></Step><Step Number="11"><LowLevelInfo><StepID>11</StepID><Description>WorseningStatement Details is saved properly in reporting database for the assessment</Description><StepExecutedTime>2:00:09 AM</StepExecutedTime><ScreenShot Name="N/A">N/A</ScreenShot><Result>PASS</Result></LowLevelInfo></Step><Step Number="12"><LowLevelInfo><StepID>12</StepID><Description>QuestionTextType as F firstperson for assessment is saved properly in reporting database</Description><StepExecutedTime>2:00:09 AM</StepExecutedTime><ScreenShot Name="N/A">N/A</ScreenShot><Result>PASS</Result></LowLevelInfo></Step><TestCaseDescription>InProcessCallHandler - Validate that all the details of completed assessment with Routine is saved in Reporting Database</TestCaseDescription><Result>FAIL</Result><EndTime>2:00:09 AM</EndTime></TestCase><TestCase StartTime="2:00:09 AM" ModuleName="ODY_10331"><TestCaseName>ODY_10331</TestCaseName><Step Number="1"><LowLevelInfo><StepID>1</StepID><Description>Preferred signpost Dentist assessment is highlighted again on click in summary screen</Description><StepExecutedTime>2:01:57 AM</StepExecutedTime><ScreenShot Name="N/A">N/A</ScreenShot><Result>PASS</Result></LowLevelInfo></Step><Step Number="2"><LowLevelInfo><StepID>2</StepID><Description>Details for question Weight Bearing is saved properly in reporting database for the assessment</Description><StepExecutedTime>2:02:22 AM</StepExecutedTime><ScreenShot Name="N/A">N/A</ScreenShot><Result>PASS</Result></LowLevelInfo></Step><Step Number="3"><LowLevelInfo><StepID>3</StepID><Description>Details for question Bruising is saved properly in reporting database for the assessment</Description><StepExecutedTime>2:02:22 AM</StepExecutedTime><ScreenShot Name="N/A">N/A</ScreenShot><Result>PASS</Result></LowLevelInfo></Step><Step Number="4"><LowLevelInfo><StepID>4</StepID><Description>Conent Details for assessment is saved properly in reporting database</Description><StepExecutedTime>2:02:22 AM</StepExecutedTime><ScreenShot Name="N/A">N/A</ScreenShot><Result>PASS</Result></LowLevelInfo></Step><Step Number="5"><LowLevelInfo><StepID>5</StepID><Description>Patient Details is saved properly in reporting database for the assessment</Description><StepExecutedTime>2:02:22 AM</StepExecutedTime><ScreenShot Name="N/A">N/A</ScreenShot><Result>PASS</Result></LowLevelInfo></Step><Step Number="6"><LowLevelInfo><StepID>6</StepID><Description>Contact Details is saved properly in reporting database for the assessment</Description><StepExecutedTime>2:02:22 AM</StepExecutedTime><ScreenShot Name="N/A">N/A</ScreenShot><Result>PASS</Result></LowLevelInfo></Step><Step Number="7"><LowLevelInfo><StepID>7</StepID><Description>Urgency and outcome details for assessment is saved properly in reporting database</Description><StepExecutedTime>2:02:22 AM</StepExecutedTime><ScreenShot Name="N/A">N/A</ScreenShot><Result>PASS</Result></LowLevelInfo></Step><Step Number="8"><LowLevelInfo><StepID>8</StepID><Description>Signpost details for assessment is saved properly in reporting database</Description><StepExecutedTime>2:02:22 AM</StepExecutedTime><ScreenShot Name="N/A">N/A</ScreenShot><Result>PASS</Result></LowLevelInfo></Step><Step Number="9"><LowLevelInfo><StepID>9</StepID><Description>Iteration Type is Lay for assessment passed to clinician for firstcall only</Description><StepExecutedTime>2:02:22 AM</StepExecutedTime><ScreenShot Name="N/A">N/A</ScreenShot><Result>PASS</Result></LowLevelInfo></Step><Step Number="10"><LowLevelInfo><StepID>10</StepID><Description>Session status is Closed for assessment passed to clinician for firstcall only</Description><StepExecutedTime>2:02:22 AM</StepExecutedTime><ScreenShot Name="N/A">N/A</ScreenShot><Result>PASS</Result></LowLevelInfo></Step><Step Number="11"><LowLevelInfo><StepID>11</StepID><Description>CareAdvice Details is saved properly in reporting database for the assessment</Description><StepExecutedTime>2:02:22 AM</StepExecutedTime><ScreenShot Name="N/A">N/A</ScreenShot><Result>PASS</Result></LowLevelInfo></Step><Step Number="12"><LowLevelInfo><StepID>12</StepID><Description>WorseningAdvice Details is saved properly in reporting database for the assessment</Description><StepExecutedTime>2:02:22 AM</StepExecutedTime><ScreenShot Name="N/A">N/A</ScreenShot><Result>PASS</Result></LowLevelInfo></Step><Step Number="13"><LowLevelInfo><StepID>13</StepID><Description>WorseningStatement Details is saved properly in reporting database for the assessment</Description><StepExecutedTime>2:02:23 AM</StepExecutedTime><ScreenShot Name="N/A">N/A</ScreenShot><Result>PASS</Result></LowLevelInfo></Step><Step Number="14"><LowLevelInfo><StepID>14</StepID><Description>QuestionTextType as F firstperson for assessment is saved properly in reporting database</Description><StepExecutedTime>2:02:23 AM</StepExecutedTime><ScreenShot Name="N/A">N/A</ScreenShot><Result>PASS</Result></LowLevelInfo></Step><TestCaseDescription>InProcessCallHandler - Validate that details of passed assessment is saved in Reporting Database with FirstCall only setting.</TestCaseDescription><Result>PASS</Result><EndTime>2:02:23 AM</EndTime><EndExecutionTime>17/Feb/2023   2:02:23 AM</EndExecutionTime><TotalTimeTaken>00:14:19</TotalTimeTaken></TestCase></Root>
