<?xml-stylesheet type='text/xsl' href='DetailXmlReference/LogReport.xsl'?>
<Root><StartTime>16/Feb/2023   12:25:35 AM</StartTime><Browser>BROWSERNAME - Version: BrowserName</Browser><Module>STANDALONEBUGS</Module><TestCase StartTime="12:25:36 AM" ModuleName="ODY_2791"><TestCaseName>ODY_2791</TestCaseName><Step Number="1"><LowLevelInfo><StepID>1</StepID><Description>Search result is displaying on hitting Enter key after search key is entered</Description><StepExecutedTime>12:26:06 AM</StepExecutedTime><ScreenShot Name="N/A">N/A</ScreenShot><Result>PASS</Result></LowLevelInfo></Step><Step Number="2"><LowLevelInfo><StepID>2</StepID><Description>Default screen is displaying after patient is created</Description><StepExecutedTime>12:26:29 AM</StepExecutedTime><ScreenShot Name="N/A">N/A</ScreenShot><Result>PASS</Result></LowLevelInfo></Step><Step Number="3"><LowLevelInfo><StepID>3</StepID><Description>Search result is displaying for the name Automation on hitting Enter key after search key is entered</Description><StepExecutedTime>12:26:34 AM</StepExecutedTime><ScreenShot Name="N/A">N/A</ScreenShot><Result>PASS</Result></LowLevelInfo></Step><Step Number="4"><LowLevelInfo><StepID>4</StepID><Description>Address details is displaying for the Test Automation patient under Address Preview section of banner</Description><StepExecutedTime>12:26:39 AM</StepExecutedTime><ScreenShot Name="N/A">N/A</ScreenShot><Result>PASS</Result></LowLevelInfo></Step><Step Number="5"><LowLevelInfo><StepID>5</StepID><Description>Address details is displaying for the Test Automation patient under Detail Address section of banner</Description><StepExecutedTime>12:26:40 AM</StepExecutedTime><ScreenShot Name="N/A">N/A</ScreenShot><Result>PASS</Result></LowLevelInfo></Step><Step Number="6"><LowLevelInfo><StepID>6</StepID><Description>Address details is displaying for the Test Automation patient under Address Preview section of banner</Description><StepExecutedTime>12:26:54 AM</StepExecutedTime><ScreenShot Name="N/A">N/A</ScreenShot><Result>PASS</Result></LowLevelInfo></Step><Step Number="7"><LowLevelInfo><StepID>7</StepID><Description>Address details is displaying for the Test Automation patient under Detail Address section of banner</Description><StepExecutedTime>12:26:55 AM</StepExecutedTime><ScreenShot Name="N/A">N/A</ScreenShot><Result>PASS</Result></LowLevelInfo></Step><Step Number="8"><LowLevelInfo><StepID>8</StepID><Description>Demographic window is open on clicking patient name</Description><StepExecutedTime>12:26:58 AM</StepExecutedTime><ScreenShot Name="N/A">N/A</ScreenShot><Result>PASS</Result></LowLevelInfo></Step><Step Number="9"><LowLevelInfo><StepID>9</StepID><Description>Age textbox is disabled in the demographic popup window</Description><StepExecutedTime>12:26:59 AM</StepExecutedTime><ScreenShot Name="N/A">N/A</ScreenShot><Result>PASS</Result></LowLevelInfo></Step><Step Number="10"><LowLevelInfo><StepID>10</StepID><Description>Years radiobutton is disabled in the demographic popup window</Description><StepExecutedTime>12:27:01 AM</StepExecutedTime><ScreenShot Name="N/A">N/A</ScreenShot><Result>PASS</Result></LowLevelInfo></Step><Step Number="11"><LowLevelInfo><StepID>11</StepID><Description>Months radiobutton is disabled in the demographic popup window</Description><StepExecutedTime>12:27:04 AM</StepExecutedTime><ScreenShot Name="N/A">N/A</ScreenShot><Result>PASS</Result></LowLevelInfo></Step><Step Number="12"><LowLevelInfo><StepID>12</StepID><Description>Weeks radiobutton is disabled in the demographic popup window</Description><StepExecutedTime>12:27:08 AM</StepExecutedTime><ScreenShot Name="N/A">N/A</ScreenShot><Result>PASS</Result></LowLevelInfo></Step><Step Number="13"><LowLevelInfo><StepID>13</StepID><Description>Gender combobox is disabled in the demographic popup window</Description><StepExecutedTime>12:27:12 AM</StepExecutedTime><ScreenShot Name="N/A">N/A</ScreenShot><Result>PASS</Result></LowLevelInfo></Step><TestCaseDescription>Clinician-Unable to search patient after pressing Enter key in the default screen.</TestCaseDescription><Result>PASS</Result><EndTime>12:27:18 AM</EndTime></TestCase><TestCase StartTime="12:27:18 AM" ModuleName="ODY_1119"><TestCaseName>ODY_1119</TestCaseName><Step Number="1"><LowLevelInfo><StepID>1</StepID><Description>Gender is displaying in the banner details</Description><StepExecutedTime>12:27:51 AM</StepExecutedTime><ScreenShot Name="N/A">N/A</ScreenShot><Result>PASS</Result></LowLevelInfo></Step><Step Number="2"><LowLevelInfo><StepID>2</StepID><Description>Unknown is showing for the NHS number</Description><StepExecutedTime>12:27:52 AM</StepExecutedTime><ScreenShot Name="N/A">N/A</ScreenShot><Result>PASS</Result></LowLevelInfo></Step><Step Number="3"><LowLevelInfo><StepID>3</StepID><Description>Unknown is showing for the NHS number</Description><StepExecutedTime>12:27:58 AM</StepExecutedTime><ScreenShot Name="N/A">N/A</ScreenShot><Result>PASS</Result></LowLevelInfo></Step><Step Number="4"><LowLevelInfo><StepID>4</StepID><Description>0000000000is showing for t he NHS number</Description><StepExecutedTime>12:28:04 AM</StepExecutedTime><ScreenShot Name="N/A">N/A</ScreenShot><Result>PASS</Result></LowLevelInfo></Step><Step Number="5"><LowLevelInfo><StepID>5</StepID><Description>1111111111 is not showing for the NHS number</Description><StepExecutedTime>12:28:09 AM</StepExecutedTime><ScreenShot Name="N/A">N/A</ScreenShot><Result>PASS</Result></LowLevelInfo></Step><Step Number="6"><LowLevelInfo><StepID>6</StepID><Description>Male is not displaying in the banner details</Description><StepExecutedTime>12:28:16 AM</StepExecutedTime><ScreenShot Name="N/A">N/A</ScreenShot><Result>PASS</Result></LowLevelInfo></Step><TestCaseDescription>Clinician_Close and Dont Save Option is not working as expected in the Demographic screen for the NHS number field.</TestCaseDescription><Result>PASS</Result><EndTime>12:28:23 AM</EndTime></TestCase><TestCase StartTime="12:28:23 AM" ModuleName="ODY_1118"><TestCaseName>ODY_1118</TestCaseName><Step Number="1"><LowLevelInfo><StepID>1</StepID><Description>Age is displaying in the banner details</Description><StepExecutedTime>12:28:49 AM</StepExecutedTime><ScreenShot Name="N/A">N/A</ScreenShot><Result>PASS</Result></LowLevelInfo></Step><Step Number="2"><LowLevelInfo><StepID>2</StepID><Description>Unknown is showing for the NHS number</Description><StepExecutedTime>12:28:50 AM</StepExecutedTime><ScreenShot Name="N/A">N/A</ScreenShot><Result>PASS</Result></LowLevelInfo></Step><Step Number="3"><LowLevelInfo><StepID>3</StepID><Description>Gender is displaying in the banner details</Description><StepExecutedTime>12:28:51 AM</StepExecutedTime><ScreenShot Name="N/A">N/A</ScreenShot><Result>PASS</Result></LowLevelInfo></Step><Step Number="4"><LowLevelInfo><StepID>4</StepID><Description>Save and close button is disabled when selecting Gender as Please select</Description><StepExecutedTime>12:28:57 AM</StepExecutedTime><ScreenShot Name="N/A">N/A</ScreenShot><Result>PASS</Result></LowLevelInfo></Step><Step Number="5"><LowLevelInfo><StepID>5</StepID><Description>Save and close button is enabled when selecting Gender</Description><StepExecutedTime>12:29:01 AM</StepExecutedTime><ScreenShot Name="N/A">N/A</ScreenShot><Result>PASS</Result></LowLevelInfo></Step><Step Number="6"><LowLevelInfo><StepID>6</StepID><Description>Female is displaying in the banner details</Description><StepExecutedTime>12:29:02 AM</StepExecutedTime><ScreenShot Name="N/A">N/A</ScreenShot><Result>PASS</Result></LowLevelInfo></Step><TestCaseDescription>Clinician_Application crashes when user selects the option 'Please Select' from the dropdown for selecting gender in the Banner Details</TestCaseDescription><Result>PASS</Result><EndTime>12:29:10 AM</EndTime></TestCase><TestCase StartTime="12:29:10 AM" ModuleName="ODY_1103"><TestCaseName>ODY_1103</TestCaseName><Step Number="1"><LowLevelInfo><StepID>1</StepID><Description>No match found message is displaying for the patient searched</Description><StepExecutedTime>12:29:33 AM</StepExecutedTime><ScreenShot Name="N/A">N/A</ScreenShot><Result>PASS</Result></LowLevelInfo></Step><Step Number="2"><LowLevelInfo><StepID>2</StepID><Description>Demographic screen is displaying</Description><StepExecutedTime>12:29:36 AM</StepExecutedTime><ScreenShot Name="N/A">N/A</ScreenShot><Result>PASS</Result></LowLevelInfo></Step><Step Number="3"><LowLevelInfo><StepID>3</StepID><Description>Default screen is displaying after entering all the mandatory field and clicking the 'Save and go back' button</Description><StepExecutedTime>12:29:57 AM</StepExecutedTime><ScreenShot Name="N/A">N/A</ScreenShot><Result>PASS</Result></LowLevelInfo></Step><Step Number="4"><LowLevelInfo><StepID>4</StepID><Description>1 match found message is displatyng for the patient searched</Description><StepExecutedTime>12:30:02 AM</StepExecutedTime><ScreenShot Name="N/A">N/A</ScreenShot><Result>PASS</Result></LowLevelInfo></Step><TestCaseDescription>Clinician_Application crashes when user searched for a patient by giving the NHS number in the Advanced search option.</TestCaseDescription><Result>PASS</Result><EndTime>12:30:07 AM</EndTime></TestCase><TestCase StartTime="12:30:07 AM" ModuleName="ODY_1247"><TestCaseName>ODY_1247</TestCaseName><Step Number="1"><LowLevelInfo><StepID>1</StepID><Description>No match found message is displating for the patient searched</Description><StepExecutedTime>12:30:48 AM</StepExecutedTime><ScreenShot Name="N/A">N/A</ScreenShot><Result>PASS</Result></LowLevelInfo></Step><Step Number="2"><LowLevelInfo><StepID>2</StepID><Description>Summary screen is displaying on clicking Continue to summary screen</Description><StepExecutedTime>12:31:31 AM</StepExecutedTime><ScreenShot Name="N/A">N/A</ScreenShot><Result>PASS</Result></LowLevelInfo></Step><Step Number="3"><LowLevelInfo><StepID>3</StepID><Description>Patient has been picked up from queue and completed the assessment</Description><StepExecutedTime>12:31:37 AM</StepExecutedTime><ScreenShot Name="N/A">N/A</ScreenShot><Result>PASS</Result></LowLevelInfo></Step><TestCaseDescription>ADMIN-Unable to add Contact Type in Standalone application.</TestCaseDescription><Result>PASS</Result><EndTime>12:31:42 AM</EndTime></TestCase><TestCase StartTime="12:31:42 AM" ModuleName="ODY_2186"><TestCaseName>ODY_2186</TestCaseName><Step Number="1"><LowLevelInfo><StepID>1</StepID><Description>Default screen is displaying after sign in the application</Description><StepExecutedTime>12:32:00 AM</StepExecutedTime><ScreenShot Name="N/A">N/A</ScreenShot><Result>PASS</Result></LowLevelInfo></Step><Step Number="2"><LowLevelInfo><StepID>2</StepID><Description>Assessment is completed successfully and  home screen is displaying</Description><StepExecutedTime>12:32:41 AM</StepExecutedTime><ScreenShot Name="N/A">N/A</ScreenShot><Result>PASS</Result></LowLevelInfo></Step><TestCaseDescription>Clinician-Unable to change answer and application is crashing on click of Continue.</TestCaseDescription><Result>PASS</Result><EndTime>12:32:44 AM</EndTime></TestCase><TestCase StartTime="12:32:44 AM" ModuleName="ODY_2994"><TestCaseName>ODY_2994</TestCaseName><Step Number="1"><LowLevelInfo><StepID>1</StepID><Description>Inactive user clinicianTestAutomation@advanced.engb is displaying when Include inactive Users is checked</Description><StepExecutedTime>12:33:25 AM</StepExecutedTime><ScreenShot Name="N/A">N/A</ScreenShot><Result>PASS</Result></LowLevelInfo></Step><Step Number="2"><LowLevelInfo><StepID>2</StepID><Description>Inactive user clinicianTestAutomation@advanced.engb is not displaying when Include inactive Users is unchecked</Description><StepExecutedTime>12:33:29 AM</StepExecutedTime><ScreenShot Name="N/A">N/A</ScreenShot><Result>PASS</Result></LowLevelInfo></Step><TestCaseDescription>Admin-Include inactive Users checkbox is not filtering user list under User Admin.</TestCaseDescription><Result>PASS</Result><EndTime>12:33:31 AM</EndTime></TestCase><TestCase StartTime="12:33:31 AM" ModuleName="ODY_3455"><TestCaseName>ODY_3455</TestCaseName><Step Number="1"><LowLevelInfo><StepID>1</StepID><Description>Default screen is displaying after sign in the application</Description><StepExecutedTime>12:33:43 AM</StepExecutedTime><ScreenShot Name="N/A">N/A</ScreenShot><Result>PASS</Result></LowLevelInfo></Step><Step Number="2"><LowLevelInfo><StepID>2</StepID><Description>Presenting complaint screen is displaying on clicking Continue button</Description><StepExecutedTime>12:34:10 AM</StepExecutedTime><ScreenShot Name="N/A">N/A</ScreenShot><Result>PASS</Result></LowLevelInfo></Step><Step Number="3"><LowLevelInfo><StepID>3</StepID><Description>Analgesics question set opened on answering Pain Severity</Description><StepExecutedTime>12:34:29 AM</StepExecutedTime><ScreenShot Name="N/A">N/A</ScreenShot><Result>PASS</Result></LowLevelInfo></Step><Step Number="4"><LowLevelInfo><StepID>4</StepID><Description>Remove response Analgesics from Other Symptoms is displaying</Description><StepExecutedTime>12:34:38 AM</StepExecutedTime><ScreenShot Name="N/A">N/A</ScreenShot><Result>PASS</Result></LowLevelInfo></Step><Step Number="5"><LowLevelInfo><StepID>5</StepID><Description>Psychological State question set opened on answering Current State</Description><StepExecutedTime>12:35:01 AM</StepExecutedTime><ScreenShot Name="N/A">N/A</ScreenShot><Result>PASS</Result></LowLevelInfo></Step><Step Number="6"><LowLevelInfo><StepID>6</StepID><Description>Remove response Psychological State from Other Symptoms is displaying</Description><StepExecutedTime>12:35:11 AM</StepExecutedTime><ScreenShot Name="N/A">N/A</ScreenShot><Result>PASS</Result></LowLevelInfo></Step><Step Number="7"><LowLevelInfo><StepID>7</StepID><Description>Default screen is displaying after sign in the application</Description><StepExecutedTime>12:35:16 AM</StepExecutedTime><ScreenShot Name="N/A">N/A</ScreenShot><Result>PASS</Result></LowLevelInfo></Step><Step Number="8"><LowLevelInfo><StepID>8</StepID><Description>Analgesics question set  not opened on answering Pain Severity</Description><StepExecutedTime>12:35:22 AM</StepExecutedTime><ScreenShot Name="N/A">N/A</ScreenShot><Result>PASS</Result></LowLevelInfo></Step><TestCaseDescription>Clinician-Closed question set is reappearing on reloading paused assessment or coming back to assessment screen for clinician.</TestCaseDescription><Result>PASS</Result><EndTime>12:35:41 AM</EndTime></TestCase><TestCase StartTime="12:35:41 AM" ModuleName="ODY_3673"><TestCaseName>ODY_3673</TestCaseName><Step Number="1"><LowLevelInfo><StepID>1</StepID><Description>Default screen is displaying after sign in the application</Description><StepExecutedTime>12:36:00 AM</StepExecutedTime><ScreenShot Name="N/A">N/A</ScreenShot><Result>PASS</Result></LowLevelInfo></Step><Step Number="2"><LowLevelInfo><StepID>2</StepID><Description>After selecting another presenting complaint from searcg result previously selected presenting complaint Analgesics is deselected</Description><StepExecutedTime>12:36:42 AM</StepExecutedTime><ScreenShot Name="N/A">N/A</ScreenShot><Result>PASS</Result></LowLevelInfo></Step><Step Number="3"><LowLevelInfo><StepID>3</StepID><Description>After selecting another presenting complaint from searcg result previously selected presenting complaint Analgesics is deselected</Description><StepExecutedTime>12:36:54 AM</StepExecutedTime><ScreenShot Name="N/A">N/A</ScreenShot><Result>PASS</Result></LowLevelInfo></Step><TestCaseDescription>Clincian-Additional question set will appears by clicking Return to assessment screen as well as Review assessment</TestCaseDescription><Result>PASS</Result><EndTime>12:36:58 AM</EndTime></TestCase><TestCase StartTime="12:36:58 AM" ModuleName="ODY_3150"><TestCaseName>ODY_3150</TestCaseName><Step Number="1"><LowLevelInfo><StepID>1</StepID><Description>Memory Loss question set is displaying in the assessment screen</Description><StepExecutedTime>12:38:21 AM</StepExecutedTime><ScreenShot Name="N/A">N/A</ScreenShot><Result>PASS</Result></LowLevelInfo></Step><Step Number="2"><LowLevelInfo><StepID>2</StepID><Description>Weight Loss question set is displaying in the assessment screen</Description><StepExecutedTime>12:38:23 AM</StepExecutedTime><ScreenShot Name="N/A">N/A</ScreenShot><Result>PASS</Result></LowLevelInfo></Step><Step Number="3"><LowLevelInfo><StepID>3</StepID><Description>Diarrhoea question set is displaying in the assessment screen</Description><StepExecutedTime>12:38:26 AM</StepExecutedTime><ScreenShot Name="N/A">N/A</ScreenShot><Result>PASS</Result></LowLevelInfo></Step><Step Number="4"><LowLevelInfo><StepID>4</StepID><Description>Convulsion/Fit question set is displaying in the assessment screen</Description><StepExecutedTime>12:38:28 AM</StepExecutedTime><ScreenShot Name="N/A">N/A</ScreenShot><Result>PASS</Result></LowLevelInfo></Step><TestCaseDescription>Callhandler-More than 3 linked question sets are getting opened for call handler.</TestCaseDescription><Result>PASS</Result><EndTime>12:38:32 AM</EndTime><EndExecutionTime>16/Feb/2023   12:38:32 AM</EndExecutionTime><TotalTimeTaken>00:12:57</TotalTimeTaken></TestCase></Root>
