<?xml-stylesheet type='text/xsl' href='DetailXmlReference/LogReport.xsl'?>
<Root><StartTime>16/Feb/2023   1:15:12 AM</StartTime><Browser>BROWSERNAME - Version: BrowserName</Browser><Module>REDUCEDCALLLENGTH</Module><TestCase StartTime="1:15:12 AM" ModuleName="ODY_11828"><TestCaseName>ODY_11828</TestCaseName><Step Number="1"><LowLevelInfo><StepID>1</StepID><Description>Only one signpost Clinical contact is shown and preselected in the Summary screen</Description><StepExecutedTime>1:16:46 AM</StepExecutedTime><ScreenShot Name="N/A">N/A</ScreenShot><Result>PASS</Result></LowLevelInfo></Step><Step Number="2"><LowLevelInfo><StepID>2</StepID><Description>Aliased signpost Clinical contact for Reduced call length is displaying in summary screen</Description><StepExecutedTime>1:16:48 AM</StepExecutedTime><ScreenShot Name="N/A">N/A</ScreenShot><Result>PASS</Result></LowLevelInfo></Step><Step Number="3"><LowLevelInfo><StepID>3</StepID><Description>Aliased signpost Clinical contact for Reduced call length is selected and stored in database</Description><StepExecutedTime>1:17:03 AM</StepExecutedTime><ScreenShot Name="N/A">N/A</ScreenShot><Result>PASS</Result></LowLevelInfo></Step><Step Number="4"><LowLevelInfo><StepID>4</StepID><Description>Aliased signpost Clinical contact for Reduced call length is a suggested signpost and stored in database</Description><StepExecutedTime>1:17:03 AM</StepExecutedTime><ScreenShot Name="N/A">N/A</ScreenShot><Result>PASS</Result></LowLevelInfo></Step><Step Number="5"><LowLevelInfo><StepID>5</StepID><Description>Urgency and outcome details for assessment is saved properly in reporting database</Description><StepExecutedTime>1:17:03 AM</StepExecutedTime><ScreenShot Name="N/A">N/A</ScreenShot><Result>PASS</Result></LowLevelInfo></Step><Step Number="6"><LowLevelInfo><StepID>6</StepID><Description>CallLength as PurpleAndRed for assessment is saved properly in reporting database</Description><StepExecutedTime>1:17:03 AM</StepExecutedTime><ScreenShot Name="N/A">N/A</ScreenShot><Result>PASS</Result></LowLevelInfo></Step><TestCaseDescription>Standalone-Test case to validate Firstcall user is able to complete the assessment with aliased signpost text for Reduced call length.</TestCaseDescription><Result>PASS</Result><EndTime>1:17:03 AM</EndTime></TestCase><TestCase StartTime="1:17:03 AM" ModuleName="ODY_11831"><TestCaseName>ODY_11831</TestCaseName><Step Number="1"><LowLevelInfo><StepID>1</StepID><Description>Only one signpost Clinical contact is shown and preselected in the Summary screen</Description><StepExecutedTime>1:17:56 AM</StepExecutedTime><ScreenShot Name="N/A">N/A</ScreenShot><Result>PASS</Result></LowLevelInfo></Step><Step Number="2"><LowLevelInfo><StepID>2</StepID><Description>Aliased signpost Dental care unit for Reduced call length is displaying as preferred in summary screen</Description><StepExecutedTime>1:17:57 AM</StepExecutedTime><ScreenShot Name="N/A">N/A</ScreenShot><Result>PASS</Result></LowLevelInfo></Step><Step Number="3"><LowLevelInfo><StepID>3</StepID><Description>Signpost Community pharmacist assessment is displaying as preferred in summary screen</Description><StepExecutedTime>1:17:58 AM</StepExecutedTime><ScreenShot Name="N/A">N/A</ScreenShot><Result>PASS</Result></LowLevelInfo></Step><Step Number="4"><LowLevelInfo><StepID>4</StepID><Description>Signpost Community pharmacist assessment is selected and stored in database</Description><StepExecutedTime>1:18:15 AM</StepExecutedTime><ScreenShot Name="N/A">N/A</ScreenShot><Result>PASS</Result></LowLevelInfo></Step><Step Number="5"><LowLevelInfo><StepID>5</StepID><Description>Aliased signpost Clinical contact for Reduced call length is a suggested signpost and stored in database</Description><StepExecutedTime>1:18:15 AM</StepExecutedTime><ScreenShot Name="N/A">N/A</ScreenShot><Result>PASS</Result></LowLevelInfo></Step><Step Number="6"><LowLevelInfo><StepID>6</StepID><Description>Urgency and outcome details for assessment is saved properly in reporting database</Description><StepExecutedTime>1:18:15 AM</StepExecutedTime><ScreenShot Name="N/A">N/A</ScreenShot><Result>PASS</Result></LowLevelInfo></Step><Step Number="7"><LowLevelInfo><StepID>7</StepID><Description>CallLength as PurpleAndRed for assessment is saved properly in reporting database</Description><StepExecutedTime>1:18:16 AM</StepExecutedTime><ScreenShot Name="N/A">N/A</ScreenShot><Result>PASS</Result></LowLevelInfo></Step><TestCaseDescription>Standalone-Test case to validate CallHandler complete the assessment with aliased signpost by increasing urgency to ROUT.</TestCaseDescription><Result>PASS</Result><EndTime>1:18:16 AM</EndTime></TestCase><TestCase StartTime="1:18:16 AM" ModuleName="ODY_11848"><TestCaseName>ODY_11848</TestCaseName><Step Number="1"><LowLevelInfo><StepID>1</StepID><Description>Recommend transferring this call to a clinician now popup message displaying on selecting emergency ans in the first screen</Description><StepExecutedTime>1:18:50 AM</StepExecutedTime><ScreenShot Name="N/A">N/A</ScreenShot><Result>PASS</Result></LowLevelInfo></Step><Step Number="2"><LowLevelInfo><StepID>2</StepID><Description>Recommend transferring this call to a clinician now popup message displaying on selecting emergency ans in the first screen</Description><StepExecutedTime>1:18:52 AM</StepExecutedTime><ScreenShot Name="N/A">N/A</ScreenShot><Result>PASS</Result></LowLevelInfo></Step><Step Number="3"><LowLevelInfo><StepID>3</StepID><Description>Recommend transferring this call to a clinician now popup message displaying on selecting emergency ans in the first screen</Description><StepExecutedTime>1:18:54 AM</StepExecutedTime><ScreenShot Name="N/A">N/A</ScreenShot><Result>PASS</Result></LowLevelInfo></Step><Step Number="4"><LowLevelInfo><StepID>4</StepID><Description>Signpost Urgent care practitioner assessment is displaying in summary screen</Description><StepExecutedTime>1:19:03 AM</StepExecutedTime><ScreenShot Name="N/A">N/A</ScreenShot><Result>PASS</Result></LowLevelInfo></Step><Step Number="5"><LowLevelInfo><StepID>5</StepID><Description>Signpost GP Assessment is displaying as preferred in summary screen</Description><StepExecutedTime>1:19:05 AM</StepExecutedTime><ScreenShot Name="N/A">N/A</ScreenShot><Result>PASS</Result></LowLevelInfo></Step><Step Number="6"><LowLevelInfo><StepID>6</StepID><Description>Default screen is displaying on cliking Pass to clinician button</Description><StepExecutedTime>1:19:19 AM</StepExecutedTime><ScreenShot Name="N/A">N/A</ScreenShot><Result>PASS</Result></LowLevelInfo></Step><Step Number="7"><LowLevelInfo><StepID>7</StepID><Description>Warm transfer to clinician is displaying as urgency of the queued assessment after Passed to clinician</Description><StepExecutedTime>1:19:24 AM</StepExecutedTime><ScreenShot Name="N/A">N/A</ScreenShot><Result>PASS</Result></LowLevelInfo></Step><Step Number="8"><LowLevelInfo><StepID>8</StepID><Description>Arthritis is displaying as PRESENTING COMPLAINT of the queued assessment after Passed to clinician</Description><StepExecutedTime>1:19:26 AM</StepExecutedTime><ScreenShot Name="N/A">N/A</ScreenShot><Result>PASS</Result></LowLevelInfo></Step><Step Number="9"><LowLevelInfo><StepID>9</StepID><Description>Waiting is displaying as the STATUS of the queued assessment after Passed to clinician</Description><StepExecutedTime>1:19:28 AM</StepExecutedTime><ScreenShot Name="N/A">N/A</ScreenShot><Result>PASS</Result></LowLevelInfo></Step><Step Number="10"><LowLevelInfo><StepID>10</StepID><Description>Pick Up is disabled to call handler for passed assessment to Clinician</Description><StepExecutedTime>1:19:29 AM</StepExecutedTime><ScreenShot Name="N/A">N/A</ScreenShot><Result>PASS</Result></LowLevelInfo></Step><Step Number="11"><LowLevelInfo><StepID>11</StepID><Description>Signpost Urgent care practitioner assessment is selected and stored in database</Description><StepExecutedTime>1:19:33 AM</StepExecutedTime><ScreenShot Name="N/A">N/A</ScreenShot><Result>PASS</Result></LowLevelInfo></Step><Step Number="12"><LowLevelInfo><StepID>12</StepID><Description>All suggested signpost are stored in database</Description><StepExecutedTime>1:19:33 AM</StepExecutedTime><ScreenShot Name="N/A">N/A</ScreenShot><Result>PASS</Result></LowLevelInfo></Step><Step Number="13"><LowLevelInfo><StepID>13</StepID><Description>Urgency and outcome details for assessment is saved properly in reporting database</Description><StepExecutedTime>1:19:33 AM</StepExecutedTime><ScreenShot Name="N/A">N/A</ScreenShot><Result>PASS</Result></LowLevelInfo></Step><Step Number="14"><LowLevelInfo><StepID>14</StepID><Description>CallLength as PurpleAndRed for assessment is saved properly in reporting database</Description><StepExecutedTime>1:19:33 AM</StepExecutedTime><ScreenShot Name="N/A">N/A</ScreenShot><Result>PASS</Result></LowLevelInfo></Step><TestCaseDescription>Standalone-Validate that CallHandler is able to pass the assessment to clinician  by selecting a signpost Without aliasing text for RCL.</TestCaseDescription><Result>PASS</Result><EndTime>1:19:33 AM</EndTime></TestCase><TestCase StartTime="1:19:33 AM" ModuleName="ODY_11827"><TestCaseName>ODY_11827</TestCaseName><Step Number="1"><LowLevelInfo><StepID>1</StepID><Description>Recommended transferring this call to a clinician now message box is displaying</Description><StepExecutedTime>1:20:13 AM</StepExecutedTime><ScreenShot Name="N/A">N/A</ScreenShot><Result>PASS</Result></LowLevelInfo></Step><Step Number="2"><LowLevelInfo><StepID>2</StepID><Description>Continue button is available and enabled</Description><StepExecutedTime>1:20:14 AM</StepExecutedTime><ScreenShot Name="N/A">N/A</ScreenShot><Result>PASS</Result></LowLevelInfo></Step><Step Number="3"><LowLevelInfo><StepID>3</StepID><Description>Go Back button is available and enabled</Description><StepExecutedTime>1:20:15 AM</StepExecutedTime><ScreenShot Name="N/A">N/A</ScreenShot><Result>PASS</Result></LowLevelInfo></Step><Step Number="4"><LowLevelInfo><StepID>4</StepID><Description>Default screen is displaying on cliking Pass to clinician button</Description><StepExecutedTime>1:20:29 AM</StepExecutedTime><ScreenShot Name="N/A">N/A</ScreenShot><Result>PASS</Result></LowLevelInfo></Step><Step Number="5"><LowLevelInfo><StepID>5</StepID><Description>Warm transfer to clinician is displaying as urgency of the queued assessment after Passed to clinician</Description><StepExecutedTime>1:20:34 AM</StepExecutedTime><ScreenShot Name="N/A">N/A</ScreenShot><Result>PASS</Result></LowLevelInfo></Step><Step Number="6"><LowLevelInfo><StepID>6</StepID><Description>Self harm is displaying as PRESENTING COMPLAINT of the queued assessment after Passed to clinician</Description><StepExecutedTime>1:20:36 AM</StepExecutedTime><ScreenShot Name="N/A">N/A</ScreenShot><Result>PASS</Result></LowLevelInfo></Step><Step Number="7"><LowLevelInfo><StepID>7</StepID><Description>Waiting is displaying as the STATUS of the queued assessment after Passed to clinician</Description><StepExecutedTime>1:20:37 AM</StepExecutedTime><ScreenShot Name="N/A">N/A</ScreenShot><Result>PASS</Result></LowLevelInfo></Step><Step Number="8"><LowLevelInfo><StepID>8</StepID><Description>Pick Up is disabled to call handler for passed assessment to Clinician</Description><StepExecutedTime>1:20:38 AM</StepExecutedTime><ScreenShot Name="N/A">N/A</ScreenShot><Result>PASS</Result></LowLevelInfo></Step><Step Number="9"><LowLevelInfo><StepID>9</StepID><Description>Signpost Clinical Assessment Now is selected and stored in database</Description><StepExecutedTime>1:20:42 AM</StepExecutedTime><ScreenShot Name="N/A">N/A</ScreenShot><Result>PASS</Result></LowLevelInfo></Step><Step Number="10"><LowLevelInfo><StepID>10</StepID><Description>Suggested signpost are stored in database</Description><StepExecutedTime>1:20:42 AM</StepExecutedTime><ScreenShot Name="N/A">N/A</ScreenShot><Result>PASS</Result></LowLevelInfo></Step><Step Number="11"><LowLevelInfo><StepID>11</StepID><Description>Urgency and outcome details for assessment is saved properly in reporting database</Description><StepExecutedTime>1:20:42 AM</StepExecutedTime><ScreenShot Name="N/A">N/A</ScreenShot><Result>PASS</Result></LowLevelInfo></Step><Step Number="12"><LowLevelInfo><StepID>12</StepID><Description>CallLength as PurpleAndRed for assessment is saved properly in reporting database</Description><StepExecutedTime>1:20:42 AM</StepExecutedTime><ScreenShot Name="N/A">N/A</ScreenShot><Result>PASS</Result></LowLevelInfo></Step><Step Number="13"><LowLevelInfo><StepID>13</StepID><Description>QuestionTextType as T thirdperson for assessment is saved properly in reporting database</Description><StepExecutedTime>1:20:42 AM</StepExecutedTime><ScreenShot Name="N/A">N/A</ScreenShot><Result>PASS</Result></LowLevelInfo></Step><TestCaseDescription>Standalone-Validate that CallHandler pass the assessment to clinician for IMM1 warning  by selecting a signpost.</TestCaseDescription><Result>PASS</Result><EndTime>1:20:42 AM</EndTime></TestCase><TestCase StartTime="1:20:42 AM" ModuleName="ODY_11829"><TestCaseName>ODY_11829</TestCaseName><Step Number="1"><LowLevelInfo><StepID>1</StepID><Description>Only one signpost Clinical contact is shown and preselected in the Summary screen</Description><StepExecutedTime>1:21:41 AM</StepExecutedTime><ScreenShot Name="N/A">N/A</ScreenShot><Result>PASS</Result></LowLevelInfo></Step><Step Number="2"><LowLevelInfo><StepID>2</StepID><Description>Default screen is displaying on cliking Pass to clinician button</Description><StepExecutedTime>1:21:55 AM</StepExecutedTime><ScreenShot Name="N/A">N/A</ScreenShot><Result>PASS</Result></LowLevelInfo></Step><Step Number="3"><LowLevelInfo><StepID>3</StepID><Description>Signpost Dental care unit is selected and stored in database</Description><StepExecutedTime>1:21:59 AM</StepExecutedTime><ScreenShot Name="N/A">N/A</ScreenShot><Result>PASS</Result></LowLevelInfo></Step><Step Number="4"><LowLevelInfo><StepID>4</StepID><Description>All suggested signpost are stored in database</Description><StepExecutedTime>1:21:59 AM</StepExecutedTime><ScreenShot Name="N/A">N/A</ScreenShot><Result>PASS</Result></LowLevelInfo></Step><Step Number="5"><LowLevelInfo><StepID>5</StepID><Description>Urgency and outcome details for assessment is saved properly in reporting database</Description><StepExecutedTime>1:21:59 AM</StepExecutedTime><ScreenShot Name="N/A">N/A</ScreenShot><Result>PASS</Result></LowLevelInfo></Step><Step Number="6"><LowLevelInfo><StepID>6</StepID><Description>CallLength as PurpleAndRed for assessment is saved properly in reporting database</Description><StepExecutedTime>1:21:59 AM</StepExecutedTime><ScreenShot Name="N/A">N/A</ScreenShot><Result>PASS</Result></LowLevelInfo></Step><Step Number="7"><LowLevelInfo><StepID>7</StepID><Description>Assessment added to queue on clicking pass to clinician from Call handler user</Description><StepExecutedTime>1:22:21 AM</StepExecutedTime><ScreenShot Name="N/A">N/A</ScreenShot><Result>PASS</Result></LowLevelInfo></Step><Step Number="8"><LowLevelInfo><StepID>8</StepID><Description>Accept patient screen is displaying on clicking pick up button from the assessment in the queue</Description><StepExecutedTime>1:22:24 AM</StepExecutedTime><ScreenShot Name="N/A">N/A</ScreenShot><Result>PASS</Result></LowLevelInfo></Step><Step Number="9"><LowLevelInfo><StepID>9</StepID><Description>Default screen is displaying on cliking on complete button</Description><StepExecutedTime>1:22:49 AM</StepExecutedTime><ScreenShot Name="N/A">N/A</ScreenShot><Result>PASS</Result></LowLevelInfo></Step><Step Number="10"><LowLevelInfo><StepID>10</StepID><Description>Urgency and outcome details for assessment is saved properly in reporting database</Description><StepExecutedTime>1:22:53 AM</StepExecutedTime><ScreenShot Name="N/A">N/A</ScreenShot><Result>PASS</Result></LowLevelInfo></Step><Step Number="11"><LowLevelInfo><StepID>11</StepID><Description>Urgency and outcome details for assessment is saved properly in reporting database</Description><StepExecutedTime>1:22:53 AM</StepExecutedTime><ScreenShot Name="N/A">N/A</ScreenShot><Result>PASS</Result></LowLevelInfo></Step><Step Number="12"><LowLevelInfo><StepID>12</StepID><Description>Signpost details selected by firstcall for assessment is saved properly in reporting database</Description><StepExecutedTime>1:22:53 AM</StepExecutedTime><ScreenShot Name="N/A">N/A</ScreenShot><Result>PASS</Result></LowLevelInfo></Step><Step Number="13"><LowLevelInfo><StepID>13</StepID><Description>Signpost details selected by clinician for assessment is saved properly in reporting database</Description><StepExecutedTime>1:22:53 AM</StepExecutedTime><ScreenShot Name="N/A">N/A</ScreenShot><Result>PASS</Result></LowLevelInfo></Step><TestCaseDescription>Standalone-Validate that Clinician is able to complete assessment passed by CallHandler with ReducedCallLength settings.</TestCaseDescription><Result>PASS</Result><EndTime>1:22:53 AM</EndTime></TestCase><TestCase StartTime="1:22:53 AM" ModuleName="ODY_11846"><TestCaseName>ODY_11846</TestCaseName><Step Number="1"><LowLevelInfo><StepID>1</StepID><Description>Suggested action for IMM1 urgency displayed at bottom of screen</Description><StepExecutedTime>1:23:31 AM</StepExecutedTime><ScreenShot Name="N/A">N/A</ScreenShot><Result>PASS</Result></LowLevelInfo></Step><Step Number="2"><LowLevelInfo><StepID>2</StepID><Description>EMER message displayed on selecting high urgency answer</Description><StepExecutedTime>1:23:35 AM</StepExecutedTime><ScreenShot Name="N/A">N/A</ScreenShot><Result>PASS</Result></LowLevelInfo></Step><Step Number="3"><LowLevelInfo><StepID>3</StepID><Description>Audit for AmbulanceWarning with description as We suggest that an Ambulance is sent for the patient is logged</Description><StepExecutedTime>1:23:35 AM</StepExecutedTime><ScreenShot Name="N/A">N/A</ScreenShot><Result>PASS</Result></LowLevelInfo></Step><Step Number="4"><LowLevelInfo><StepID>4</StepID><Description>Audit for AmbulanceWarning with description as We suggest that an Ambulance is sent for the patient : User Selected - Continue is logged</Description><StepExecutedTime>1:23:37 AM</StepExecutedTime><ScreenShot Name="N/A">N/A</ScreenShot><Result>PASS</Result></LowLevelInfo></Step><Step Number="5"><LowLevelInfo><StepID>5</StepID><Description>Signpost Call Ambulance(999) is selected and stored in database</Description><StepExecutedTime>1:23:50 AM</StepExecutedTime><ScreenShot Name="N/A">N/A</ScreenShot><Result>PASS</Result></LowLevelInfo></Step><Step Number="6"><LowLevelInfo><StepID>6</StepID><Description>Urgency and outcome details for assessment is saved properly in reporting database</Description><StepExecutedTime>1:23:50 AM</StepExecutedTime><ScreenShot Name="N/A">N/A</ScreenShot><Result>PASS</Result></LowLevelInfo></Step><Step Number="7"><LowLevelInfo><StepID>7</StepID><Description>CallLength as PurpleAndRed for assessment is saved properly in reporting database</Description><StepExecutedTime>1:23:51 AM</StepExecutedTime><ScreenShot Name="N/A">N/A</ScreenShot><Result>PASS</Result></LowLevelInfo></Step><Step Number="8"><LowLevelInfo><StepID>8</StepID><Description>QuestionTextType as T thirdperson for assessment is saved properly in reporting database</Description><StepExecutedTime>1:23:51 AM</StepExecutedTime><ScreenShot Name="N/A">N/A</ScreenShot><Result>PASS</Result></LowLevelInfo></Step><TestCaseDescription>Standalone-Validate that CallHandler end the assessment once EMER warning displayed by selecting a signpost.</TestCaseDescription><Result>PASS</Result><EndTime>1:23:51 AM</EndTime></TestCase><TestCase StartTime="1:23:51 AM" ModuleName="ODY_11830"><TestCaseName>ODY_11830</TestCaseName><Step Number="1"><LowLevelInfo><StepID>1</StepID><Description>Aliased signpost Health assessment for all call length is not displaying in summary screen</Description><StepExecutedTime>1:24:44 AM</StepExecutedTime><ScreenShot Name="View">..\Module Results\Snapshot\2_16_1_24_44.png</ScreenShot><Result>FAIL</Result></LowLevelInfo></Step><Step Number="2"><LowLevelInfo><StepID>2</StepID><Description></Description><StepExecutedTime>1:24:56 AM</StepExecutedTime><ScreenShot Name="View">..\Module Results\Snapshot\2_16_1_24_56.png</ScreenShot><Result>FAIL</Result></LowLevelInfo></Step><TestCaseDescription>Standalone-Validate that CallHandler complete assessment with Reduced Call length and aliased signpost text common for all call length.</TestCaseDescription><Result>FAIL</Result><EndTime>1:24:57 AM</EndTime></TestCase><TestCase StartTime="1:26:03 AM" ModuleName="ODY_11847"><TestCaseName>ODY_11847</TestCaseName><Step Number="1"><LowLevelInfo><StepID>1</StepID><Description>Suggested action for IMM2 urgency displayed at bottom of screen</Description><StepExecutedTime>1:27:32 AM</StepExecutedTime><ScreenShot Name="N/A">N/A</ScreenShot><Result>PASS</Result></LowLevelInfo></Step><Step Number="2"><LowLevelInfo><StepID>2</StepID><Description>Default screen is displaying on cliking End Call button</Description><StepExecutedTime>1:27:58 AM</StepExecutedTime><ScreenShot Name="N/A">N/A</ScreenShot><Result>PASS</Result></LowLevelInfo></Step><Step Number="3"><LowLevelInfo><StepID>3</StepID><Description>Urgency and outcome details for assessment is saved properly in reporting database</Description><StepExecutedTime>1:28:02 AM</StepExecutedTime><ScreenShot Name="N/A">N/A</ScreenShot><Result>PASS</Result></LowLevelInfo></Step><TestCaseDescription>Standalone-Validate that CallHandler end the assessment by increasing urgency to EMER with Reduced Call length and Patient Outcome.</TestCaseDescription><Result>PASS</Result><EndTime>1:28:02 AM</EndTime><EndExecutionTime>16/Feb/2023   1:28:02 AM</EndExecutionTime><TotalTimeTaken>00:12:50</TotalTimeTaken></TestCase></Root>
