<?xml-stylesheet type='text/xsl' href='DetailXmlReference/LogReport.xsl'?>
<Root><StartTime>15/Feb/2023   11:09:26 PM</StartTime><Browser>BROWSERNAME - Version: BrowserName</Browser><Module>STANDALONE313CALLHANDLER</Module><TestCase StartTime="11:09:26 PM" ModuleName="ODY_3371"><TestCaseName>ODY_3371</TestCaseName><Step Number="1"><LowLevelInfo><StepID>1</StepID><Description>Transfer to emergency ambulance service popup message displaying on selecting emergency ans in the first screen</Description><StepExecutedTime>11:10:04 PM</StepExecutedTime><ScreenShot Name="N/A">N/A</ScreenShot><Result>PASS</Result></LowLevelInfo></Step><Step Number="2"><LowLevelInfo><StepID>2</StepID><Description>GoBack button is available and enabled in the warning popup</Description><StepExecutedTime>11:10:05 PM</StepExecutedTime><ScreenShot Name="N/A">N/A</ScreenShot><Result>PASS</Result></LowLevelInfo></Step><Step Number="3"><LowLevelInfo><StepID>3</StepID><Description>Continue button is available and enabled in the warning popup</Description><StepExecutedTime>11:10:06 PM</StepExecutedTime><ScreenShot Name="N/A">N/A</ScreenShot><Result>PASS</Result></LowLevelInfo></Step><Step Number="4"><LowLevelInfo><StepID>4</StepID><Description>Title of overlay and advice type as Advice and First Aid advice is displayed under Advice overlay to call handler</Description><StepExecutedTime>11:10:10 PM</StepExecutedTime><ScreenShot Name="N/A">N/A</ScreenShot><Result>PASS</Result></LowLevelInfo></Step><Step Number="5"><LowLevelInfo><StepID>5</StepID><Description>First Aid advice is displayed under Advice overlay to call handler</Description><StepExecutedTime>11:10:11 PM</StepExecutedTime><ScreenShot Name="N/A">N/A</ScreenShot><Result>PASS</Result></LowLevelInfo></Step><Step Number="6"><LowLevelInfo><StepID>6</StepID><Description>AMBULANCE PREPARATION text is displayed under Advice overlay to call handler</Description><StepExecutedTime>11:10:12 PM</StepExecutedTime><ScreenShot Name="N/A">N/A</ScreenShot><Result>PASS</Result></LowLevelInfo></Step><Step Number="7"><LowLevelInfo><StepID>7</StepID><Description>Not Given button is enabled by default in care advice overlay</Description><StepExecutedTime>11:10:13 PM</StepExecutedTime><ScreenShot Name="N/A">N/A</ScreenShot><Result>PASS</Result></LowLevelInfo></Step><Step Number="8"><LowLevelInfo><StepID>8</StepID><Description>Advice Given button is enabled by default in care advice overlay</Description><StepExecutedTime>11:10:14 PM</StepExecutedTime><ScreenShot Name="N/A">N/A</ScreenShot><Result>PASS</Result></LowLevelInfo></Step><Step Number="9"><LowLevelInfo><StepID>9</StepID><Description>Not Given button is disabled after click on it</Description><StepExecutedTime>11:10:16 PM</StepExecutedTime><ScreenShot Name="N/A">N/A</ScreenShot><Result>PASS</Result></LowLevelInfo></Step><Step Number="10"><LowLevelInfo><StepID>10</StepID><Description>Advice Given button is enabled after click on Not Given</Description><StepExecutedTime>11:10:17 PM</StepExecutedTime><ScreenShot Name="N/A">N/A</ScreenShot><Result>PASS</Result></LowLevelInfo></Step><Step Number="11"><LowLevelInfo><StepID>11</StepID><Description>Advice Given button is disabled after click on it</Description><StepExecutedTime>11:10:19 PM</StepExecutedTime><ScreenShot Name="N/A">N/A</ScreenShot><Result>PASS</Result></LowLevelInfo></Step><Step Number="12"><LowLevelInfo><StepID>12</StepID><Description>Not Given button is enabled after click on Advice Given</Description><StepExecutedTime>11:10:21 PM</StepExecutedTime><ScreenShot Name="N/A">N/A</ScreenShot><Result>PASS</Result></LowLevelInfo></Step><Step Number="13"><LowLevelInfo><StepID>13</StepID><Description>First Aid advice is displayed under Advice overlay to call handler</Description><StepExecutedTime>11:10:24 PM</StepExecutedTime><ScreenShot Name="N/A">N/A</ScreenShot><Result>PASS</Result></LowLevelInfo></Step><Step Number="14"><LowLevelInfo><StepID>14</StepID><Description>Advice Given button is enabled by default in care advice overlay</Description><StepExecutedTime>11:10:25 PM</StepExecutedTime><ScreenShot Name="N/A">N/A</ScreenShot><Result>PASS</Result></LowLevelInfo></Step><Step Number="15"><LowLevelInfo><StepID>15</StepID><Description>Not Given button is enabled by default in care advice overlay</Description><StepExecutedTime>11:10:26 PM</StepExecutedTime><ScreenShot Name="N/A">N/A</ScreenShot><Result>PASS</Result></LowLevelInfo></Step><Step Number="16"><LowLevelInfo><StepID>16</StepID><Description>Advice Given button is disabled after click on it</Description><StepExecutedTime>11:10:28 PM</StepExecutedTime><ScreenShot Name="N/A">N/A</ScreenShot><Result>PASS</Result></LowLevelInfo></Step><Step Number="17"><LowLevelInfo><StepID>17</StepID><Description>Not Given button is enabled after click on Advice Given</Description><StepExecutedTime>11:10:29 PM</StepExecutedTime><ScreenShot Name="N/A">N/A</ScreenShot><Result>PASS</Result></LowLevelInfo></Step><Step Number="18"><LowLevelInfo><StepID>18</StepID><Description>Worsening Statement as delivered for the assessment is saved in Database</Description><StepExecutedTime>11:10:39 PM</StepExecutedTime><ScreenShot Name="N/A">N/A</ScreenShot><Result>PASS</Result></LowLevelInfo></Step><TestCaseDescription>Test case for validating the accept/declined advice for Worsening Statement</TestCaseDescription><Result>PASS</Result><EndTime>11:10:39 PM</EndTime></TestCase><TestCase StartTime="11:10:39 PM" ModuleName="ODY_3440"><TestCaseName>ODY_3440</TestCaseName><Step Number="1"><LowLevelInfo><StepID>1</StepID><Description>Search result is not displaying for the name Automation since there is no patient in the name</Description><StepExecutedTime>11:11:03 PM</StepExecutedTime><ScreenShot Name="N/A">N/A</ScreenShot><Result>PASS</Result></LowLevelInfo></Step><Step Number="2"><LowLevelInfo><StepID>2</StepID><Description>Recommended transferring this call to a clinician now message box is displaying</Description><StepExecutedTime>11:11:54 PM</StepExecutedTime><ScreenShot Name="N/A">N/A</ScreenShot><Result>PASS</Result></LowLevelInfo></Step><Step Number="3"><LowLevelInfo><StepID>3</StepID><Description>Default screen is displaying on cliking Pass to clinician button</Description><StepExecutedTime>11:12:07 PM</StepExecutedTime><ScreenShot Name="N/A">N/A</ScreenShot><Result>PASS</Result></LowLevelInfo></Step><Step Number="4"><LowLevelInfo><StepID>4</StepID><Description>Warm transfer to clinician is displaying as urgency of the queued assessment after Passed to clinician</Description><StepExecutedTime>11:12:14 PM</StepExecutedTime><ScreenShot Name="N/A">N/A</ScreenShot><Result>PASS</Result></LowLevelInfo></Step><Step Number="5"><LowLevelInfo><StepID>5</StepID><Description>Arthritis is displaying as PRESENTING COMPLAINT of the queued assessment after Passed to clinician</Description><StepExecutedTime>11:12:16 PM</StepExecutedTime><ScreenShot Name="N/A">N/A</ScreenShot><Result>PASS</Result></LowLevelInfo></Step><Step Number="6"><LowLevelInfo><StepID>6</StepID><Description>Pick Up is disabled for passed assessment to Clinician</Description><StepExecutedTime>11:12:18 PM</StepExecutedTime><ScreenShot Name="N/A">N/A</ScreenShot><Result>PASS</Result></LowLevelInfo></Step><Step Number="7"><LowLevelInfo><StepID>7</StepID><Description>Worsening Statement as not delivered for the assessment is saved in Database</Description><StepExecutedTime>11:12:21 PM</StepExecutedTime><ScreenShot Name="N/A">N/A</ScreenShot><Result>PASS</Result></LowLevelInfo></Step><TestCaseDescription>Test case to validate the patient queue for the selected urgency.</TestCaseDescription><Result>PASS</Result><EndTime>11:12:21 PM</EndTime></TestCase><TestCase StartTime="11:12:21 PM" ModuleName="ODY_3440A"><TestCaseName>ODY_3440A</TestCaseName><Step Number="1"><LowLevelInfo><StepID>1</StepID><Description>Search result is not displaying for the name Automation since there is no patient in the name</Description><StepExecutedTime>11:12:44 PM</StepExecutedTime><ScreenShot Name="N/A">N/A</ScreenShot><Result>PASS</Result></LowLevelInfo></Step><Step Number="2"><LowLevelInfo><StepID>2</StepID><Description>First Aid Advice is displaying in the care advice overlay</Description><StepExecutedTime>11:13:35 PM</StepExecutedTime><ScreenShot Name="N/A">N/A</ScreenShot><Result>PASS</Result></LowLevelInfo></Step><Step Number="3"><LowLevelInfo><StepID>3</StepID><Description>Default screen is displaying on cliking Pass to clinician button</Description><StepExecutedTime>11:13:43 PM</StepExecutedTime><ScreenShot Name="N/A">N/A</ScreenShot><Result>PASS</Result></LowLevelInfo></Step><Step Number="4"><LowLevelInfo><StepID>4</StepID><Description>Warm transfer to clinician is displaying as urgency of the queued assessment after Passed to clinician</Description><StepExecutedTime>11:13:48 PM</StepExecutedTime><ScreenShot Name="N/A">N/A</ScreenShot><Result>PASS</Result></LowLevelInfo></Step><Step Number="5"><LowLevelInfo><StepID>5</StepID><Description>Collapse is displaying as PRESENTING COMPLAINT of the queued assessment after Passed to clinician</Description><StepExecutedTime>11:13:49 PM</StepExecutedTime><ScreenShot Name="N/A">N/A</ScreenShot><Result>PASS</Result></LowLevelInfo></Step><Step Number="6"><LowLevelInfo><StepID>6</StepID><Description>Pick Up is disabled for passed assessment to Clinician</Description><StepExecutedTime>11:13:51 PM</StepExecutedTime><ScreenShot Name="N/A">N/A</ScreenShot><Result>PASS</Result></LowLevelInfo></Step><Step Number="7"><LowLevelInfo><StepID>7</StepID><Description>First Aid Advice as delivered for the assessment is saved in Database</Description><StepExecutedTime>11:13:54 PM</StepExecutedTime><ScreenShot Name="N/A">N/A</ScreenShot><Result>PASS</Result></LowLevelInfo></Step><Step Number="8"><LowLevelInfo><StepID>8</StepID><Description>CHURGENCY is IMM1 for assessment passed by CH</Description><StepExecutedTime>11:13:54 PM</StepExecutedTime><ScreenShot Name="N/A">N/A</ScreenShot><Result>PASS</Result></LowLevelInfo></Step><Step Number="9"><LowLevelInfo><StepID>9</StepID><Description>Session status is Waiting for assessment passed by CH</Description><StepExecutedTime>11:13:54 PM</StepExecutedTime><ScreenShot Name="N/A">N/A</ScreenShot><Result>PASS</Result></LowLevelInfo></Step><TestCaseDescription>Test case to validate the patient queue for the selected urgency from 2nd Assessment screen.</TestCaseDescription><Result>PASS</Result><EndTime>11:13:54 PM</EndTime></TestCase><TestCase StartTime="11:13:54 PM" ModuleName="ODY_3429"><TestCaseName>ODY_3429</TestCaseName><Step Number="1"><LowLevelInfo><StepID>1</StepID><Description>Search result is not displaying for the name Automation since there is no patient in the name</Description><StepExecutedTime>11:14:25 PM</StepExecutedTime><ScreenShot Name="N/A">N/A</ScreenShot><Result>PASS</Result></LowLevelInfo></Step><Step Number="2"><LowLevelInfo><StepID>2</StepID><Description>Clinician appointment in 6 hours is displayed as Action Advised</Description><StepExecutedTime>11:15:36 PM</StepExecutedTime><ScreenShot Name="N/A">N/A</ScreenShot><Result>PASS</Result></LowLevelInfo></Step><Step Number="3"><LowLevelInfo><StepID>3</StepID><Description>Patient Information Leaflets tab is displaying in Summary screen</Description><StepExecutedTime>11:15:38 PM</StepExecutedTime><ScreenShot Name="N/A">N/A</ScreenShot><Result>PASS</Result></LowLevelInfo></Step><Step Number="4"><LowLevelInfo><StepID>4</StepID><Description>Patient Information Leaflets list available under pils tab of Summary screen and summary overlay are matched</Description><StepExecutedTime>11:15:43 PM</StepExecutedTime><ScreenShot Name="N/A">N/A</ScreenShot><Result>PASS</Result></LowLevelInfo></Step><Step Number="5"><LowLevelInfo><StepID>5</StepID><Description>Default screen is displaying on cliking Pass to clinician button</Description><StepExecutedTime>11:16:04 PM</StepExecutedTime><ScreenShot Name="N/A">N/A</ScreenShot><Result>PASS</Result></LowLevelInfo></Step><Step Number="6"><LowLevelInfo><StepID>6</StepID><Description>1 hour clinician appointment is displaying as selected urgency of the queued assessment after Passed to clinician</Description><StepExecutedTime>11:16:09 PM</StepExecutedTime><ScreenShot Name="N/A">N/A</ScreenShot><Result>PASS</Result></LowLevelInfo></Step><Step Number="7"><LowLevelInfo><StepID>7</StepID><Description>Panic Attack is displaying as PRESENTING COMPLAINT of the queued assessment after Passed to clinician</Description><StepExecutedTime>11:16:11 PM</StepExecutedTime><ScreenShot Name="N/A">N/A</ScreenShot><Result>PASS</Result></LowLevelInfo></Step><Step Number="8"><LowLevelInfo><StepID>8</StepID><Description>Pick Up is disabled for passed assessment to Clinician</Description><StepExecutedTime>11:16:12 PM</StepExecutedTime><ScreenShot Name="N/A">N/A</ScreenShot><Result>PASS</Result></LowLevelInfo></Step><Step Number="9"><LowLevelInfo><StepID>9</StepID><Description>First Aid Advice as delivered for the assessment is saved in Database</Description><StepExecutedTime>11:16:15 PM</StepExecutedTime><ScreenShot Name="N/A">N/A</ScreenShot><Result>PASS</Result></LowLevelInfo></Step><Step Number="10"><LowLevelInfo><StepID>10</StepID><Description>Worsening Statement as delivered for the assessment is saved in Database</Description><StepExecutedTime>11:16:15 PM</StepExecutedTime><ScreenShot Name="N/A">N/A</ScreenShot><Result>PASS</Result></LowLevelInfo></Step><TestCaseDescription>Test case to validate the patient queue for the selected urgency in Summary screen for First Call</TestCaseDescription><Result>PASS</Result><EndTime>11:16:15 PM</EndTime></TestCase><TestCase StartTime="11:16:15 PM" ModuleName="ODY_3429A"><TestCaseName>ODY_3429A</TestCaseName><Step Number="1"><LowLevelInfo><StepID>1</StepID><Description>Search result is not displaying for the name Automation since there is no patient in the name</Description><StepExecutedTime>11:16:45 PM</StepExecutedTime><ScreenShot Name="N/A">N/A</ScreenShot><Result>PASS</Result></LowLevelInfo></Step><Step Number="2"><LowLevelInfo><StepID>2</StepID><Description>Cold Transfer to Clinician 2 is displayed as Action Advised</Description><StepExecutedTime>11:18:26 PM</StepExecutedTime><ScreenShot Name="N/A">N/A</ScreenShot><Result>PASS</Result></LowLevelInfo></Step><Step Number="3"><LowLevelInfo><StepID>3</StepID><Description>Default screen is displaying on cliking Pass to clinician button</Description><StepExecutedTime>11:18:44 PM</StepExecutedTime><ScreenShot Name="N/A">N/A</ScreenShot><Result>PASS</Result></LowLevelInfo></Step><Step Number="4"><LowLevelInfo><StepID>4</StepID><Description>Cold transfer to clinician priority 1 is displaying as selected urgency of the queued assessment after Passed to clinician</Description><StepExecutedTime>11:18:49 PM</StepExecutedTime><ScreenShot Name="N/A">N/A</ScreenShot><Result>PASS</Result></LowLevelInfo></Step><Step Number="5"><LowLevelInfo><StepID>5</StepID><Description>Panic Attack is displaying as PRESENTING COMPLAINT of the queued assessment after Passed to clinician</Description><StepExecutedTime>11:18:51 PM</StepExecutedTime><ScreenShot Name="N/A">N/A</ScreenShot><Result>PASS</Result></LowLevelInfo></Step><Step Number="6"><LowLevelInfo><StepID>6</StepID><Description>Pick Up is disabled for passed assessment to Clinician</Description><StepExecutedTime>11:18:52 PM</StepExecutedTime><ScreenShot Name="N/A">N/A</ScreenShot><Result>PASS</Result></LowLevelInfo></Step><Step Number="7"><LowLevelInfo><StepID>7</StepID><Description>Worsening Statement as not delivered for the assessment is saved in Database</Description><StepExecutedTime>11:18:56 PM</StepExecutedTime><ScreenShot Name="N/A">N/A</ScreenShot><Result>PASS</Result></LowLevelInfo></Step><TestCaseDescription>Test case to validate the patient queue for the user selected new urgency in Summary screen.</TestCaseDescription><Result>PASS</Result><EndTime>11:18:56 PM</EndTime></TestCase><TestCase StartTime="11:18:56 PM" ModuleName="ODY_3322"><TestCaseName>ODY_3322</TestCaseName><Step Number="1"><LowLevelInfo><StepID>1</StepID><Description>CallHandlerAdvice is displayed as Action Advised</Description><StepExecutedTime>11:20:24 PM</StepExecutedTime><ScreenShot Name="N/A">N/A</ScreenShot><Result>PASS</Result></LowLevelInfo></Step><Step Number="2"><LowLevelInfo><StepID>2</StepID><Description>Worsening Statement NONE is displaying in the care advice overlay</Description><StepExecutedTime>11:20:35 PM</StepExecutedTime><ScreenShot Name="N/A">N/A</ScreenShot><Result>PASS</Result></LowLevelInfo></Step><Step Number="3"><LowLevelInfo><StepID>3</StepID><Description>Worsening Statement URG1 is displaying in the care advice overlay</Description><StepExecutedTime>11:20:54 PM</StepExecutedTime><ScreenShot Name="N/A">N/A</ScreenShot><Result>PASS</Result></LowLevelInfo></Step><Step Number="4"><LowLevelInfo><StepID>4</StepID><Description>Default screen is displaying on clicking Complete button in the warning pop up</Description><StepExecutedTime>11:21:02 PM</StepExecutedTime><ScreenShot Name="N/A">N/A</ScreenShot><Result>PASS</Result></LowLevelInfo></Step><TestCaseDescription>Test case for validating the assessment where worsening statement  comes from clinical content</TestCaseDescription><Result>PASS</Result><EndTime>11:21:06 PM</EndTime></TestCase><TestCase StartTime="11:21:06 PM" ModuleName="ODY_3350"><TestCaseName>ODY_3350</TestCaseName><Step Number="1"><LowLevelInfo><StepID>1</StepID><Description>Recommended transferring this call to a clinician now message box is displaying</Description><StepExecutedTime>11:22:12 PM</StepExecutedTime><ScreenShot Name="N/A">N/A</ScreenShot><Result>PASS</Result></LowLevelInfo></Step><Step Number="2"><LowLevelInfo><StepID>2</StepID><Description>Continue button is available and enabled</Description><StepExecutedTime>11:22:13 PM</StepExecutedTime><ScreenShot Name="N/A">N/A</ScreenShot><Result>PASS</Result></LowLevelInfo></Step><Step Number="3"><LowLevelInfo><StepID>3</StepID><Description>Go Back button is available and enabled</Description><StepExecutedTime>11:22:14 PM</StepExecutedTime><ScreenShot Name="N/A">N/A</ScreenShot><Result>PASS</Result></LowLevelInfo></Step><Step Number="4"><LowLevelInfo><StepID>4</StepID><Description>20 minute clinician call back is displayed as Action Advised</Description><StepExecutedTime>11:22:41 PM</StepExecutedTime><ScreenShot Name="N/A">N/A</ScreenShot><Result>PASS</Result></LowLevelInfo></Step><Step Number="5"><LowLevelInfo><StepID>5</StepID><Description>All the PILs have correct url under Patient Information Leaflets tab in Summary screen</Description><StepExecutedTime>11:22:48 PM</StepExecutedTime><ScreenShot Name="N/A">N/A</ScreenShot><Result>PASS</Result></LowLevelInfo></Step><Step Number="6"><LowLevelInfo><StepID>6</StepID><Description>Test Automation patient name added to queue.</Description><StepExecutedTime>11:23:02 PM</StepExecutedTime><ScreenShot Name="N/A">N/A</ScreenShot><Result>PASS</Result></LowLevelInfo></Step><TestCaseDescription>Test case for validate to transfer assessment to clinician the  Summary Screen in standalone application.</TestCaseDescription><Result>PASS</Result><EndTime>11:23:05 PM</EndTime></TestCase><TestCase StartTime="11:23:05 PM" ModuleName="ODY_3458"><TestCaseName>ODY_3458</TestCaseName><Step Number="1"><LowLevelInfo><StepID>1</StepID><Description>Recommended an Ambulance is Dispatched as soon as possible message box is displaying</Description><StepExecutedTime>11:25:09 PM</StepExecutedTime><ScreenShot Name="N/A">N/A</ScreenShot><Result>PASS</Result></LowLevelInfo></Step><Step Number="2"><LowLevelInfo><StepID>2</StepID><Description>First Aid advice is displayed under Advice overlay to call handler</Description><StepExecutedTime>11:25:12 PM</StepExecutedTime><ScreenShot Name="N/A">N/A</ScreenShot><Result>PASS</Result></LowLevelInfo></Step><Step Number="3"><LowLevelInfo><StepID>3</StepID><Description>AMBULANCE PREPARATION text is displayed under Advice overlay to call handler</Description><StepExecutedTime>11:25:13 PM</StepExecutedTime><ScreenShot Name="N/A">N/A</ScreenShot><Result>PASS</Result></LowLevelInfo></Step><Step Number="4"><LowLevelInfo><StepID>4</StepID><Description>111 message popup is displayed on click of Continue button</Description><StepExecutedTime>11:25:25 PM</StepExecutedTime><ScreenShot Name="N/A">N/A</ScreenShot><Result>PASS</Result></LowLevelInfo></Step><Step Number="5"><LowLevelInfo><StepID>5</StepID><Description>111 message added for Emergency is displayed as assessment urgency is Now</Description><StepExecutedTime>11:25:28 PM</StepExecutedTime><ScreenShot Name="N/A">N/A</ScreenShot><Result>PASS</Result></LowLevelInfo></Step><Step Number="6"><LowLevelInfo><StepID>6</StepID><Description>Default screen is displaying on clicking Pass to Clinician button in the 111 pop up</Description><StepExecutedTime>11:25:32 PM</StepExecutedTime><ScreenShot Name="N/A">N/A</ScreenShot><Result>PASS</Result></LowLevelInfo></Step><TestCaseDescription>Test case to validate the end call assessment with 111 configuration from 2nd assessment screen.</TestCaseDescription><Result>PASS</Result><EndTime>11:25:36 PM</EndTime></TestCase><TestCase StartTime="11:25:36 PM" ModuleName="ODY_3457"><TestCaseName>ODY_3457</TestCaseName><Step Number="1"><LowLevelInfo><StepID>1</StepID><Description>Call an emergency ambulance - LIFE THREATENING. message box is displaying</Description><StepExecutedTime>11:28:13 PM</StepExecutedTime><ScreenShot Name="N/A">N/A</ScreenShot><Result>PASS</Result></LowLevelInfo></Step><Step Number="2"><LowLevelInfo><StepID>2</StepID><Description>111 message added for Emergency is displayed as assessment urgency is Now</Description><StepExecutedTime>11:28:27 PM</StepExecutedTime><ScreenShot Name="N/A">N/A</ScreenShot><Result>PASS</Result></LowLevelInfo></Step><Step Number="3"><LowLevelInfo><StepID>3</StepID><Description>111 message added for Emergency is displayed as assessment urgency is Now</Description><StepExecutedTime>11:28:30 PM</StepExecutedTime><ScreenShot Name="N/A">N/A</ScreenShot><Result>PASS</Result></LowLevelInfo></Step><Step Number="4"><LowLevelInfo><StepID>4</StepID><Description>Default screen is displaying on clicking Pass to Clinician button in the 111 pop up</Description><StepExecutedTime>11:28:35 PM</StepExecutedTime><ScreenShot Name="N/A">N/A</ScreenShot><Result>PASS</Result></LowLevelInfo></Step><TestCaseDescription>Test case to validate that only those 111 messages with Active status is displayed while working on an assessment</TestCaseDescription><Result>PASS</Result><EndTime>11:28:39 PM</EndTime></TestCase><TestCase StartTime="11:28:39 PM" ModuleName="ODY_3459"><TestCaseName>ODY_3459</TestCaseName><Step Number="1"><LowLevelInfo><StepID>1</StepID><Description>Worsening Statement ROUT is displaying under Call Back Advice tab</Description><StepExecutedTime>11:31:06 PM</StepExecutedTime><ScreenShot Name="N/A">N/A</ScreenShot><Result>PASS</Result></LowLevelInfo></Step><Step Number="2"><LowLevelInfo><StepID>2</StepID><Description>111 message popup is displayed on click of Continue button</Description><StepExecutedTime>11:31:11 PM</StepExecutedTime><ScreenShot Name="N/A">N/A</ScreenShot><Result>PASS</Result></LowLevelInfo></Step><Step Number="3"><LowLevelInfo><StepID>3</StepID><Description>111 message Test 111 message for Routine in inactive status is not displayed</Description><StepExecutedTime>11:31:13 PM</StepExecutedTime><ScreenShot Name="N/A">N/A</ScreenShot><Result>PASS</Result></LowLevelInfo></Step><Step Number="4"><LowLevelInfo><StepID>4</StepID><Description>111 message added for Routine and SelfCare is displayed as assessment urgency is Routine</Description><StepExecutedTime>11:31:15 PM</StepExecutedTime><ScreenShot Name="N/A">N/A</ScreenShot><Result>PASS</Result></LowLevelInfo></Step><Step Number="5"><LowLevelInfo><StepID>5</StepID><Description>111 message added for Routine is displayed as assessment urgency is Routine</Description><StepExecutedTime>11:31:17 PM</StepExecutedTime><ScreenShot Name="N/A">N/A</ScreenShot><Result>PASS</Result></LowLevelInfo></Step><Step Number="6"><LowLevelInfo><StepID>6</StepID><Description>Complete button is available and enabled in the warning popup</Description><StepExecutedTime>11:31:19 PM</StepExecutedTime><ScreenShot Name="N/A">N/A</ScreenShot><Result>PASS</Result></LowLevelInfo></Step><Step Number="7"><LowLevelInfo><StepID>7</StepID><Description>Default screen is displaying on clicking Complete button in the warning pop up</Description><StepExecutedTime>11:31:24 PM</StepExecutedTime><ScreenShot Name="N/A">N/A</ScreenShot><Result>PASS</Result></LowLevelInfo></Step><Step Number="8"><LowLevelInfo><StepID>8</StepID><Description>Iteration Type is Lay for assessment completed by Call Handler</Description><StepExecutedTime>11:31:24 PM</StepExecutedTime><ScreenShot Name="N/A">N/A</ScreenShot><Result>PASS</Result></LowLevelInfo></Step><Step Number="9"><LowLevelInfo><StepID>9</StepID><Description>Session status is Closed for assessment completed by Call Handler</Description><StepExecutedTime>11:31:24 PM</StepExecutedTime><ScreenShot Name="N/A">N/A</ScreenShot><Result>PASS</Result></LowLevelInfo></Step><TestCaseDescription>Test case to validate the complete button with 111 configuration from summary screen</TestCaseDescription><Result>PASS</Result><EndTime>11:31:28 PM</EndTime></TestCase><TestCase StartTime="11:31:28 PM" ModuleName="ODY_3450"><TestCaseName>ODY_3450</TestCaseName><Step Number="1"><LowLevelInfo><StepID>1</StepID><Description>Worsening Statement NONE is displaying in the care advice overlay</Description><StepExecutedTime>11:32:55 PM</StepExecutedTime><ScreenShot Name="N/A">N/A</ScreenShot><Result>PASS</Result></LowLevelInfo></Step><Step Number="2"><LowLevelInfo><StepID>2</StepID><Description>Not Given button is enabled by default in care advice overlay</Description><StepExecutedTime>11:32:57 PM</StepExecutedTime><ScreenShot Name="N/A">N/A</ScreenShot><Result>PASS</Result></LowLevelInfo></Step><Step Number="3"><LowLevelInfo><StepID>3</StepID><Description>Advice Given button is enabled by default in care advice overlay</Description><StepExecutedTime>11:32:59 PM</StepExecutedTime><ScreenShot Name="N/A">N/A</ScreenShot><Result>PASS</Result></LowLevelInfo></Step><Step Number="4"><LowLevelInfo><StepID>4</StepID><Description>Advice Given button is enabled after click on Not Given</Description><StepExecutedTime>11:33:04 PM</StepExecutedTime><ScreenShot Name="N/A">N/A</ScreenShot><Result>PASS</Result></LowLevelInfo></Step><Step Number="5"><LowLevelInfo><StepID>5</StepID><Description>Not Given button is enabled after click on Advice Given</Description><StepExecutedTime>11:33:09 PM</StepExecutedTime><ScreenShot Name="N/A">N/A</ScreenShot><Result>PASS</Result></LowLevelInfo></Step><Step Number="6"><LowLevelInfo><StepID>6</StepID><Description>Complete button is available and enabled in the warning popup</Description><StepExecutedTime>11:33:18 PM</StepExecutedTime><ScreenShot Name="N/A">N/A</ScreenShot><Result>PASS</Result></LowLevelInfo></Step><TestCaseDescription>Test case to validate the complete button</TestCaseDescription><Result>PASS</Result><EndTime>11:33:26 PM</EndTime></TestCase><TestCase StartTime="11:33:26 PM" ModuleName="ODY_3346"><TestCaseName>ODY_3346</TestCaseName><Step Number="1"><LowLevelInfo><StepID>1</StepID><Description>Summary screen is displaying on selecting all ans and clicked on continue button in assessment screen</Description><StepExecutedTime>11:34:36 PM</StepExecutedTime><ScreenShot Name="N/A">N/A</ScreenShot><Result>PASS</Result></LowLevelInfo></Step><Step Number="2"><LowLevelInfo><StepID>2</StepID><Description>Worsening Statement as delivered for the assessment is saved in Database</Description><StepExecutedTime>11:34:57 PM</StepExecutedTime><ScreenShot Name="N/A">N/A</ScreenShot><Result>PASS</Result></LowLevelInfo></Step><Step Number="3"><LowLevelInfo><StepID>3</StepID><Description>Worsening Advice as delivered for the assessment is saved in Database</Description><StepExecutedTime>11:34:57 PM</StepExecutedTime><ScreenShot Name="N/A">N/A</ScreenShot><Result>PASS</Result></LowLevelInfo></Step><Step Number="4"><LowLevelInfo><StepID>4</StepID><Description>Care Advice as delivered for the assessment is saved in Database</Description><StepExecutedTime>11:34:58 PM</StepExecutedTime><ScreenShot Name="N/A">N/A</ScreenShot><Result>PASS</Result></LowLevelInfo></Step><TestCaseDescription>Test case for validating the accept/declined advice</TestCaseDescription><Result>PASS</Result><EndTime>11:34:58 PM</EndTime></TestCase><TestCase StartTime="11:34:58 PM" ModuleName="ODY_3345"><TestCaseName>ODY_3345</TestCaseName><Step Number="1"><LowLevelInfo><StepID>1</StepID><Description>Summary screen is displaying on selecting all ans and clicked on continue button in assessment screen</Description><StepExecutedTime>11:36:13 PM</StepExecutedTime><ScreenShot Name="N/A">N/A</ScreenShot><Result>PASS</Result></LowLevelInfo></Step><Step Number="2"><LowLevelInfo><StepID>2</StepID><Description>ADVICE SUMMARY is displaying under Care Advice tab in Summary screen</Description><StepExecutedTime>11:36:18 PM</StepExecutedTime><ScreenShot Name="N/A">N/A</ScreenShot><Result>PASS</Result></LowLevelInfo></Step><Step Number="3"><LowLevelInfo><StepID>3</StepID><Description>MAKE CONTACT AGAIN IF is displaying under Worsening Advice tab in Summary screen</Description><StepExecutedTime>11:36:23 PM</StepExecutedTime><ScreenShot Name="N/A">N/A</ScreenShot><Result>PASS</Result></LowLevelInfo></Step><Step Number="4"><LowLevelInfo><StepID>4</StepID><Description>Worsening Statement NONE is displaying under Call Back Advice tab in Summary screen</Description><StepExecutedTime>11:36:29 PM</StepExecutedTime><ScreenShot Name="N/A">N/A</ScreenShot><Result>PASS</Result></LowLevelInfo></Step><Step Number="5"><LowLevelInfo><StepID>5</StepID><Description>Worsening Statement as delivered for the assessment is saved in Database</Description><StepExecutedTime>11:36:38 PM</StepExecutedTime><ScreenShot Name="N/A">N/A</ScreenShot><Result>PASS</Result></LowLevelInfo></Step><Step Number="6"><LowLevelInfo><StepID>6</StepID><Description>Worsening Advice as delivered for the assessment is saved in Database</Description><StepExecutedTime>11:36:38 PM</StepExecutedTime><ScreenShot Name="N/A">N/A</ScreenShot><Result>PASS</Result></LowLevelInfo></Step><Step Number="7"><LowLevelInfo><StepID>7</StepID><Description>Care Advice as delivered for the assessment is saved in Database</Description><StepExecutedTime>11:36:38 PM</StepExecutedTime><ScreenShot Name="N/A">N/A</ScreenShot><Result>PASS</Result></LowLevelInfo></Step><TestCaseDescription>Test case for validating the accept/declined advice for care advice</TestCaseDescription><Result>PASS</Result><EndTime>11:36:38 PM</EndTime></TestCase><TestCase StartTime="11:36:38 PM" ModuleName="ODY_3344"><TestCaseName>ODY_3344</TestCaseName><Step Number="1"><LowLevelInfo><StepID>1</StepID><Description>Popup is displaying with the message  Recommend transferring this call to a clinician now  on Selecting critical answer</Description><StepExecutedTime>11:37:22 PM</StepExecutedTime><ScreenShot Name="N/A">N/A</ScreenShot><Result>PASS</Result></LowLevelInfo></Step><Step Number="2"><LowLevelInfo><StepID>2</StepID><Description>FirstAidAdvice is displaying in the care advice overlay</Description><StepExecutedTime>11:37:24 PM</StepExecutedTime><ScreenShot Name="N/A">N/A</ScreenShot><Result>PASS</Result></LowLevelInfo></Step><Step Number="3"><LowLevelInfo><StepID>3</StepID><Description>First Aid Advice as delivered for the assessment is saved in Database</Description><StepExecutedTime>11:37:35 PM</StepExecutedTime><ScreenShot Name="N/A">N/A</ScreenShot><Result>PASS</Result></LowLevelInfo></Step><TestCaseDescription>Test case for validating the accept/declined advice button when assessment pass to clinician</TestCaseDescription><Result>PASS</Result><EndTime>11:37:35 PM</EndTime></TestCase><TestCase StartTime="11:37:35 PM" ModuleName="ODY_3456"><TestCaseName>ODY_3456</TestCaseName><Step Number="1"><LowLevelInfo><StepID>1</StepID><Description>Email Advice btn is not displaying in Summary screen to send care advice through email after it is unchecked in Admin</Description><StepExecutedTime>11:38:47 PM</StepExecutedTime><ScreenShot Name="N/A">N/A</ScreenShot><Result>PASS</Result></LowLevelInfo></Step><Step Number="2"><LowLevelInfo><StepID>2</StepID><Description>Continue button is available and enabled</Description><StepExecutedTime>11:38:49 PM</StepExecutedTime><ScreenShot Name="N/A">N/A</ScreenShot><Result>PASS</Result></LowLevelInfo></Step><Step Number="3"><LowLevelInfo><StepID>3</StepID><Description>Recommended an Ambulance is Dispatched as soon as possible message box is displaying on selecting ans with purple color</Description><StepExecutedTime>11:38:54 PM</StepExecutedTime><ScreenShot Name="N/A">N/A</ScreenShot><Result>PASS</Result></LowLevelInfo></Step><Step Number="4"><LowLevelInfo><StepID>4</StepID><Description>Go Back button is available and enabled</Description><StepExecutedTime>11:38:55 PM</StepExecutedTime><ScreenShot Name="N/A">N/A</ScreenShot><Result>PASS</Result></LowLevelInfo></Step><Step Number="5"><LowLevelInfo><StepID>5</StepID><Description>Continue button is available and enabled</Description><StepExecutedTime>11:38:56 PM</StepExecutedTime><ScreenShot Name="N/A">N/A</ScreenShot><Result>PASS</Result></LowLevelInfo></Step><Step Number="6"><LowLevelInfo><StepID>6</StepID><Description>Action Required: Immediate ambulance dispatch is displaying</Description><StepExecutedTime>11:38:59 PM</StepExecutedTime><ScreenShot Name="N/A">N/A</ScreenShot><Result>PASS</Result></LowLevelInfo></Step><Step Number="7"><LowLevelInfo><StepID>7</StepID><Description>Continue button is not available or not enabled</Description><StepExecutedTime>11:39:01 PM</StepExecutedTime><ScreenShot Name="N/A">N/A</ScreenShot><Result>PASS</Result></LowLevelInfo></Step><TestCaseDescription>Test case to validate the Continue button is hidden after all the questions are answered by call handler.</TestCaseDescription><Result>PASS</Result><EndTime>11:39:04 PM</EndTime></TestCase><TestCase StartTime="11:39:04 PM" ModuleName="ODY_3452"><TestCaseName>ODY_3452</TestCaseName><Step Number="1"><LowLevelInfo><StepID>1</StepID><Description>Recommended an Ambulance is Dispatched as soon as possible message box is displaying on selecting ans with purple color</Description><StepExecutedTime>11:40:20 PM</StepExecutedTime><ScreenShot Name="N/A">N/A</ScreenShot><Result>PASS</Result></LowLevelInfo></Step><Step Number="2"><LowLevelInfo><StepID>2</StepID><Description>GoBack button is available and enabled in the warning popup</Description><StepExecutedTime>11:40:21 PM</StepExecutedTime><ScreenShot Name="N/A">N/A</ScreenShot><Result>PASS</Result></LowLevelInfo></Step><Step Number="3"><LowLevelInfo><StepID>3</StepID><Description>Continue button is available and enabled in the warning popup</Description><StepExecutedTime>11:40:21 PM</StepExecutedTime><ScreenShot Name="N/A">N/A</ScreenShot><Result>PASS</Result></LowLevelInfo></Step><Step Number="4"><LowLevelInfo><StepID>4</StepID><Description>FirstAidAdvice is displaying in the care advice overlay</Description><StepExecutedTime>11:40:24 PM</StepExecutedTime><ScreenShot Name="N/A">N/A</ScreenShot><Result>PASS</Result></LowLevelInfo></Step><Step Number="5"><LowLevelInfo><StepID>5</StepID><Description>FirstAidAdvice as not delivered for the assessment is saved in Database</Description><StepExecutedTime>11:40:36 PM</StepExecutedTime><ScreenShot Name="N/A">N/A</ScreenShot><Result>PASS</Result></LowLevelInfo></Step><Step Number="6"><LowLevelInfo><StepID>6</StepID><Description>CallHandlerSelectedUrgency is EMER for assessment transferred  to ambulance services by Call Handler</Description><StepExecutedTime>11:40:36 PM</StepExecutedTime><ScreenShot Name="N/A">N/A</ScreenShot><Result>PASS</Result></LowLevelInfo></Step><TestCaseDescription>Test case to validate the complete button when patient click End call in the 2nd screen</TestCaseDescription><Result>PASS</Result><EndTime>11:40:36 PM</EndTime></TestCase><TestCase StartTime="11:40:36 PM" ModuleName="ODY_2096"><TestCaseName>ODY_2096</TestCaseName><Step Number="1"><LowLevelInfo><StepID>1</StepID><Description>Relationship type is selected sucessfully</Description><StepExecutedTime>11:41:47 PM</StepExecutedTime><ScreenShot Name="N/A">N/A</ScreenShot><Result>PASS</Result></LowLevelInfo></Step><Step Number="2"><LowLevelInfo><StepID>2</StepID><Description>Label  Caller [Not Given] (Father) is displayed over Caller Relationship section</Description><StepExecutedTime>11:41:51 PM</StepExecutedTime><ScreenShot Name="N/A">N/A</ScreenShot><Result>PASS</Result></LowLevelInfo></Step><Step Number="3"><LowLevelInfo><StepID>3</StepID><Description>Relationship type is selected sucessfully</Description><StepExecutedTime>11:41:55 PM</StepExecutedTime><ScreenShot Name="N/A">N/A</ScreenShot><Result>PASS</Result></LowLevelInfo></Step><Step Number="4"><LowLevelInfo><StepID>4</StepID><Description>Label  Caller [Not Given] (Mother) is displayed over Caller Relationship section</Description><StepExecutedTime>11:41:57 PM</StepExecutedTime><ScreenShot Name="N/A">N/A</ScreenShot><Result>PASS</Result></LowLevelInfo></Step><Step Number="5"><LowLevelInfo><StepID>5</StepID><Description>Relationship type is selected sucessfully</Description><StepExecutedTime>11:42:01 PM</StepExecutedTime><ScreenShot Name="N/A">N/A</ScreenShot><Result>PASS</Result></LowLevelInfo></Step><Step Number="6"><LowLevelInfo><StepID>6</StepID><Description>Relationship type is selected sucessfully</Description><StepExecutedTime>11:42:07 PM</StepExecutedTime><ScreenShot Name="N/A">N/A</ScreenShot><Result>PASS</Result></LowLevelInfo></Step><Step Number="7"><LowLevelInfo><StepID>7</StepID><Description>Summary screen is displaying on selecting all ans and clicked on continue button in assessment screen</Description><StepExecutedTime>11:42:55 PM</StepExecutedTime><ScreenShot Name="N/A">N/A</ScreenShot><Result>PASS</Result></LowLevelInfo></Step><Step Number="8"><LowLevelInfo><StepID>8</StepID><Description>Email Advice Overlay is displayed on click of Email Advice button in the Summary scrreen</Description><StepExecutedTime>11:42:57 PM</StepExecutedTime><ScreenShot Name="N/A">N/A</ScreenShot><Result>PASS</Result></LowLevelInfo></Step><Step Number="9"><LowLevelInfo><StepID>9</StepID><Description>Send Email button is enabled after providing all mandatory details in Email Advice Overlay</Description><StepExecutedTime>11:43:05 PM</StepExecutedTime><ScreenShot Name="N/A">N/A</ScreenShot><Result>PASS</Result></LowLevelInfo></Step><Step Number="10"><LowLevelInfo><StepID>10</StepID><Description>Send Email button is disabled after clearing email address textbox in Email Advice Overlay</Description><StepExecutedTime>11:43:10 PM</StepExecutedTime><ScreenShot Name="N/A">N/A</ScreenShot><Result>PASS</Result></LowLevelInfo></Step><Step Number="11"><LowLevelInfo><StepID>11</StepID><Description>Send Email button is enabled again after providing all mandatory details in Email Advice Overlay</Description><StepExecutedTime>11:43:14 PM</StepExecutedTime><ScreenShot Name="N/A">N/A</ScreenShot><Result>PASS</Result></LowLevelInfo></Step><Step Number="12"><LowLevelInfo><StepID>12</StepID><Description>Email Advice Overlay is closed on click of Send  Email button in the Summary scrreen</Description><StepExecutedTime>11:43:19 PM</StepExecutedTime><ScreenShot Name="N/A">N/A</ScreenShot><Result>PASS</Result></LowLevelInfo></Step><Step Number="13"><LowLevelInfo><StepID>13</StepID><Description>Audit is logged in database with all the details for care advice mail being sent</Description><StepExecutedTime>11:43:34 PM</StepExecutedTime><ScreenShot Name="N/A">N/A</ScreenShot><Result>PASS</Result></LowLevelInfo></Step><TestCaseDescription>Test case to verify if Patient relationship is added in Admin and is reflected in all the roles.</TestCaseDescription><Result>PASS</Result><EndTime>11:43:38 PM</EndTime></TestCase><TestCase StartTime="11:43:38 PM" ModuleName="ODY_5445"><TestCaseName>ODY_5445</TestCaseName><Step Number="1"><LowLevelInfo><StepID>1</StepID><Description>7.410 old content version is available and selected</Description><StepExecutedTime>11:44:03 PM</StepExecutedTime><ScreenShot Name="N/A">N/A</ScreenShot><Result>PASS</Result></LowLevelInfo></Step><Step Number="2"><LowLevelInfo><StepID>2</StepID><Description>Default screen displaying when login is successful</Description><StepExecutedTime>11:44:23 PM</StepExecutedTime><ScreenShot Name="N/A">N/A</ScreenShot><Result>PASS</Result></LowLevelInfo></Step><Step Number="3"><LowLevelInfo><StepID>3</StepID><Description>Application version is matching in Complaint Search screen</Description><StepExecutedTime>11:44:24 PM</StepExecutedTime><ScreenShot Name="N/A">N/A</ScreenShot><Result>PASS</Result></LowLevelInfo></Step><Step Number="4"><LowLevelInfo><StepID>4</StepID><Description>ClinicalContentVersion 7.410 is displaying in Default screen</Description><StepExecutedTime>11:44:25 PM</StepExecutedTime><ScreenShot Name="N/A">N/A</ScreenShot><Result>PASS</Result></LowLevelInfo></Step><Step Number="5"><LowLevelInfo><StepID>5</StepID><Description>Search result is not displaying for the name Automation since there is no patient in the name</Description><StepExecutedTime>11:44:31 PM</StepExecutedTime><ScreenShot Name="N/A">N/A</ScreenShot><Result>PASS</Result></LowLevelInfo></Step><Step Number="6"><LowLevelInfo><StepID>6</StepID><Description>ClinicalContentVersion 7.410 is displaying in FirstCall Assessment screen</Description><StepExecutedTime>11:45:04 PM</StepExecutedTime><ScreenShot Name="N/A">N/A</ScreenShot><Result>PASS</Result></LowLevelInfo></Step><Step Number="7"><LowLevelInfo><StepID>7</StepID><Description>Default screen is displaying when assessment passed to clinician</Description><StepExecutedTime>11:45:25 PM</StepExecutedTime><ScreenShot Name="N/A">N/A</ScreenShot><Result>PASS</Result></LowLevelInfo></Step><Step Number="8"><LowLevelInfo><StepID>8</StepID><Description>7.4602 latest content version is available and selected</Description><StepExecutedTime>11:45:49 PM</StepExecutedTime><ScreenShot Name="N/A">N/A</ScreenShot><Result>PASS</Result></LowLevelInfo></Step><Step Number="9"><LowLevelInfo><StepID>9</StepID><Description>Able to login with the clinician user has been created</Description><StepExecutedTime>11:46:09 PM</StepExecutedTime><ScreenShot Name="N/A">N/A</ScreenShot><Result>PASS</Result></LowLevelInfo></Step><Step Number="10"><LowLevelInfo><StepID>10</StepID><Description>ClinicalContentVersion is matching in Default screen</Description><StepExecutedTime>11:46:10 PM</StepExecutedTime><ScreenShot Name="N/A">N/A</ScreenShot><Result>PASS</Result></LowLevelInfo></Step><Step Number="11"><LowLevelInfo><StepID>11</StepID><Description>ClinicalContentVersion is matching in Assessment screen</Description><StepExecutedTime>11:46:27 PM</StepExecutedTime><ScreenShot Name="N/A">N/A</ScreenShot><Result>PASS</Result></LowLevelInfo></Step><Step Number="12"><LowLevelInfo><StepID>12</StepID><Description>Triage Screen is displaying on clicking of continue button</Description><StepExecutedTime>11:46:45 PM</StepExecutedTime><ScreenShot Name="N/A">N/A</ScreenShot><Result>PASS</Result></LowLevelInfo></Step><Step Number="13"><LowLevelInfo><StepID>13</StepID><Description>Life Event question and Relationship problem answers under Suicidal protocol are displaying in triage screen</Description><StepExecutedTime>11:46:46 PM</StepExecutedTime><ScreenShot Name="N/A">N/A</ScreenShot><Result>PASS</Result></LowLevelInfo></Step><Step Number="14"><LowLevelInfo><StepID>14</StepID><Description>Substance Abuse question and Drugs answers under Suicidal protocol are displaying in triage screen</Description><StepExecutedTime>11:46:47 PM</StepExecutedTime><ScreenShot Name="N/A">N/A</ScreenShot><Result>PASS</Result></LowLevelInfo></Step><Step Number="15"><LowLevelInfo><StepID>15</StepID><Description>Summary screen is displayed on click of Continue to summary screen</Description><StepExecutedTime>11:46:50 PM</StepExecutedTime><ScreenShot Name="N/A">N/A</ScreenShot><Result>PASS</Result></LowLevelInfo></Step><Step Number="16"><LowLevelInfo><StepID>16</StepID><Description>First screen is loading after completing an assessment</Description><StepExecutedTime>11:46:56 PM</StepExecutedTime><ScreenShot Name="N/A">N/A</ScreenShot><Result>PASS</Result></LowLevelInfo></Step><TestCaseDescription>Validate that clinician is able to complete assessment passed by call handler created using different content version.</TestCaseDescription><Result>PASS</Result><EndTime>11:46:59 PM</EndTime></TestCase><TestCase StartTime="11:46:59 PM" ModuleName="ODY_6492"><TestCaseName>ODY_6492</TestCaseName><Step Number="1"><LowLevelInfo><StepID>1</StepID><Description>Email Advice btn is displaying  and enabled to send care advice through email</Description><StepExecutedTime>11:48:21 PM</StepExecutedTime><ScreenShot Name="N/A">N/A</ScreenShot><Result>PASS</Result></LowLevelInfo></Step><Step Number="2"><LowLevelInfo><StepID>2</StepID><Description>Email Advice Overlay is displayed on click of Email Advice button in the Summary scrreen</Description><StepExecutedTime>11:48:23 PM</StepExecutedTime><ScreenShot Name="N/A">N/A</ScreenShot><Result>PASS</Result></LowLevelInfo></Step><Step Number="3"><LowLevelInfo><StepID>3</StepID><Description>Confirmation label I have confirmed the email address with the caller is displayed in Email Advice Overlay</Description><StepExecutedTime>11:48:25 PM</StepExecutedTime><ScreenShot Name="N/A">N/A</ScreenShot><Result>PASS</Result></LowLevelInfo></Step><Step Number="4"><LowLevelInfo><StepID>4</StepID><Description>Label Care Advice to Include is displayed in Email Advice Overlay</Description><StepExecutedTime>11:48:27 PM</StepExecutedTime><ScreenShot Name="N/A">N/A</ScreenShot><Result>PASS</Result></LowLevelInfo></Step><Step Number="5"><LowLevelInfo><StepID>5</StepID><Description>Label Patient Information Leaflets to Include is displayed in Email Advice Overlay</Description><StepExecutedTime>11:48:29 PM</StepExecutedTime><ScreenShot Name="N/A">N/A</ScreenShot><Result>PASS</Result></LowLevelInfo></Step><Step Number="6"><LowLevelInfo><StepID>6</StepID><Description>By default Send Email button will be disabled in Email Advice Overlay</Description><StepExecutedTime>11:48:31 PM</StepExecutedTime><ScreenShot Name="N/A">N/A</ScreenShot><Result>PASS</Result></LowLevelInfo></Step><Step Number="7"><LowLevelInfo><StepID>7</StepID><Description>By default Return to call button will be enabled in Email Advice Overlay</Description><StepExecutedTime>11:48:32 PM</StepExecutedTime><ScreenShot Name="N/A">N/A</ScreenShot><Result>PASS</Result></LowLevelInfo></Step><Step Number="8"><LowLevelInfo><StepID>8</StepID><Description>Unwell is displayed as protocol to be selected in Email Advice Overlay</Description><StepExecutedTime>11:48:35 PM</StepExecutedTime><ScreenShot Name="N/A">N/A</ScreenShot><Result>PASS</Result></LowLevelInfo></Step><Step Number="9"><LowLevelInfo><StepID>9</StepID><Description>Thirst is displayed as protocol to be selected in Email Advice Overlay</Description><StepExecutedTime>11:48:37 PM</StepExecutedTime><ScreenShot Name="N/A">N/A</ScreenShot><Result>PASS</Result></LowLevelInfo></Step><Step Number="10"><LowLevelInfo><StepID>10</StepID><Description>Email Advice Overlay is closed on click of Return to call button in the overlay</Description><StepExecutedTime>11:48:40 PM</StepExecutedTime><ScreenShot Name="N/A">N/A</ScreenShot><Result>PASS</Result></LowLevelInfo></Step><Step Number="11"><LowLevelInfo><StepID>11</StepID><Description>Email Advice Overlay is displayed on click of Email Advice button in the Summary scrreen</Description><StepExecutedTime>11:48:42 PM</StepExecutedTime><ScreenShot Name="N/A">N/A</ScreenShot><Result>PASS</Result></LowLevelInfo></Step><Step Number="12"><LowLevelInfo><StepID>12</StepID><Description>Send Email button remain disabled without providing all mandatory details in Email Advice Overlay</Description><StepExecutedTime>11:48:49 PM</StepExecutedTime><ScreenShot Name="N/A">N/A</ScreenShot><Result>PASS</Result></LowLevelInfo></Step><Step Number="13"><LowLevelInfo><StepID>13</StepID><Description>Send Email button remain disabled without providing valid email in Email Advice Overlay</Description><StepExecutedTime>11:48:52 PM</StepExecutedTime><ScreenShot Name="N/A">N/A</ScreenShot><Result>PASS</Result></LowLevelInfo></Step><Step Number="14"><LowLevelInfo><StepID>14</StepID><Description>Send Email button is enabled after providing all mandatory details in Email Advice Overlay</Description><StepExecutedTime>11:48:55 PM</StepExecutedTime><ScreenShot Name="N/A">N/A</ScreenShot><Result>PASS</Result></LowLevelInfo></Step><Step Number="15"><LowLevelInfo><StepID>15</StepID><Description>Email Advice Overlay is closed on click of Send  Email button in the Summary scrreen</Description><StepExecutedTime>11:49:00 PM</StepExecutedTime><ScreenShot Name="N/A">N/A</ScreenShot><Result>PASS</Result></LowLevelInfo></Step><Step Number="16"><LowLevelInfo><StepID>16</StepID><Description>Audit is logged in database with all the details for care advice mail being sent</Description><StepExecutedTime>11:49:08 PM</StepExecutedTime><ScreenShot Name="N/A">N/A</ScreenShot><Result>PASS</Result></LowLevelInfo></Step><TestCaseDescription>Testcase to validate Care Advice email available in Summary screen for Call Handler</TestCaseDescription><Result>PASS</Result><EndTime>11:49:20 PM</EndTime></TestCase><TestCase StartTime="11:49:20 PM" ModuleName="ODY_6774"><TestCaseName>ODY_6774</TestCaseName><Step Number="1"><LowLevelInfo><StepID>1</StepID><Description>ADVICE SUMMARY is displaying under the Care Advice tab for Weight Loss protocol</Description><StepExecutedTime>11:51:32 PM</StepExecutedTime><ScreenShot Name="N/A">N/A</ScreenShot><Result>PASS</Result></LowLevelInfo></Step><Step Number="2"><LowLevelInfo><StepID>2</StepID><Description>Not Given button is enabled by default under the Care Advice tab</Description><StepExecutedTime>11:51:35 PM</StepExecutedTime><ScreenShot Name="N/A">N/A</ScreenShot><Result>PASS</Result></LowLevelInfo></Step><Step Number="3"><LowLevelInfo><StepID>3</StepID><Description>Advice Given button is enabled by default under the Care Advice tab</Description><StepExecutedTime>11:51:37 PM</StepExecutedTime><ScreenShot Name="N/A">N/A</ScreenShot><Result>PASS</Result></LowLevelInfo></Step><Step Number="4"><LowLevelInfo><StepID>4</StepID><Description>Advice Given button remains enabled after click on Not Given</Description><StepExecutedTime>11:51:42 PM</StepExecutedTime><ScreenShot Name="N/A">N/A</ScreenShot><Result>PASS</Result></LowLevelInfo></Step><Step Number="5"><LowLevelInfo><StepID>5</StepID><Description>Worsening Statement NONE is displaying under the Call Back Advice tab for Weight Loss protocol</Description><StepExecutedTime>11:51:44 PM</StepExecutedTime><ScreenShot Name="N/A">N/A</ScreenShot><Result>PASS</Result></LowLevelInfo></Step><Step Number="6"><LowLevelInfo><StepID>6</StepID><Description>Not Given button is enabled by default under the Call Back Advice tab</Description><StepExecutedTime>11:51:47 PM</StepExecutedTime><ScreenShot Name="N/A">N/A</ScreenShot><Result>PASS</Result></LowLevelInfo></Step><Step Number="7"><LowLevelInfo><StepID>7</StepID><Description>Advice Given button is enabled by default under the Call Back Advice tab</Description><StepExecutedTime>11:51:49 PM</StepExecutedTime><ScreenShot Name="N/A">N/A</ScreenShot><Result>PASS</Result></LowLevelInfo></Step><Step Number="8"><LowLevelInfo><StepID>8</StepID><Description>Advice Given button remains enabled after click on Not Given</Description><StepExecutedTime>11:51:54 PM</StepExecutedTime><ScreenShot Name="N/A">N/A</ScreenShot><Result>PASS</Result></LowLevelInfo></Step><Step Number="9"><LowLevelInfo><StepID>9</StepID><Description>Not Given button is enabled by default under the Worsening Advice tab</Description><StepExecutedTime>11:51:57 PM</StepExecutedTime><ScreenShot Name="N/A">N/A</ScreenShot><Result>PASS</Result></LowLevelInfo></Step><Step Number="10"><LowLevelInfo><StepID>10</StepID><Description>Advice Given button is enabled by default under the Worsening Advice tab</Description><StepExecutedTime>11:51:59 PM</StepExecutedTime><ScreenShot Name="N/A">N/A</ScreenShot><Result>PASS</Result></LowLevelInfo></Step><Step Number="11"><LowLevelInfo><StepID>11</StepID><Description>Advice Given button remains enabled after click on Not Given</Description><StepExecutedTime>11:52:04 PM</StepExecutedTime><ScreenShot Name="N/A">N/A</ScreenShot><Result>PASS</Result></LowLevelInfo></Step><Step Number="12"><LowLevelInfo><StepID>12</StepID><Description>Complete button remains disabled after providing response for additional protocol Weight Loss</Description><StepExecutedTime>11:52:06 PM</StepExecutedTime><ScreenShot Name="N/A">N/A</ScreenShot><Result>PASS</Result></LowLevelInfo></Step><Step Number="13"><LowLevelInfo><StepID>13</StepID><Description>Complete button is enabled after disabled after providing response for presenting complaint Cough</Description><StepExecutedTime>11:52:18 PM</StepExecutedTime><ScreenShot Name="N/A">N/A</ScreenShot><Result>PASS</Result></LowLevelInfo></Step><Step Number="14"><LowLevelInfo><StepID>14</StepID><Description>Not Given button is enabled by default under the Care Advice tab for Appetite Problem</Description><StepExecutedTime>11:52:22 PM</StepExecutedTime><ScreenShot Name="N/A">N/A</ScreenShot><Result>PASS</Result></LowLevelInfo></Step><Step Number="15"><LowLevelInfo><StepID>15</StepID><Description>Advice Given button is enabled by default under the Care Advice tab for Appetite Problem</Description><StepExecutedTime>11:52:24 PM</StepExecutedTime><ScreenShot Name="N/A">N/A</ScreenShot><Result>PASS</Result></LowLevelInfo></Step><Step Number="16"><LowLevelInfo><StepID>16</StepID><Description>Advice Given button remains enabled after click on Not Given</Description><StepExecutedTime>11:52:29 PM</StepExecutedTime><ScreenShot Name="N/A">N/A</ScreenShot><Result>PASS</Result></LowLevelInfo></Step><Step Number="17"><LowLevelInfo><StepID>17</StepID><Description>MAKE CONTACT AGAIN IF is displaying under the Worsening Advice tab for Weight Loss protocol</Description><StepExecutedTime>11:52:32 PM</StepExecutedTime><ScreenShot Name="N/A">N/A</ScreenShot><Result>PASS</Result></LowLevelInfo></Step><Step Number="18"><LowLevelInfo><StepID>18</StepID><Description>Not Given button is enabled by default under the Call Back Advice tab for Appetite Problem</Description><StepExecutedTime>11:52:34 PM</StepExecutedTime><ScreenShot Name="N/A">N/A</ScreenShot><Result>PASS</Result></LowLevelInfo></Step><Step Number="19"><LowLevelInfo><StepID>19</StepID><Description>Advice Given button is enabled by default under the Call Back Advice tab for Appetite Problem</Description><StepExecutedTime>11:52:37 PM</StepExecutedTime><ScreenShot Name="N/A">N/A</ScreenShot><Result>PASS</Result></LowLevelInfo></Step><Step Number="20"><LowLevelInfo><StepID>20</StepID><Description>Advice Given button remains enabled after click on Not Given</Description><StepExecutedTime>11:52:41 PM</StepExecutedTime><ScreenShot Name="N/A">N/A</ScreenShot><Result>PASS</Result></LowLevelInfo></Step><TestCaseDescription>Test case to validate the advice given/ not given for other complaints while coompleting assessment.</TestCaseDescription><Result>PASS</Result><EndTime>11:52:51 PM</EndTime></TestCase><TestCase StartTime="11:52:51 PM" ModuleName="ODY_6797"><TestCaseName>ODY_6797</TestCaseName><Step Number="1"><LowLevelInfo><StepID>1</StepID><Description>Pass to Clinician button is disabled by default without selecting response to Advice</Description><StepExecutedTime>11:54:32 PM</StepExecutedTime><ScreenShot Name="N/A">N/A</ScreenShot><Result>PASS</Result></LowLevelInfo></Step><Step Number="2"><LowLevelInfo><StepID>2</StepID><Description>Worsening Statement MODE is displaying under the Call Back Advice tab for Thirst protocol</Description><StepExecutedTime>11:54:37 PM</StepExecutedTime><ScreenShot Name="N/A">N/A</ScreenShot><Result>PASS</Result></LowLevelInfo></Step><Step Number="3"><LowLevelInfo><StepID>3</StepID><Description>Not Given button is enabled by default under the Call Back Advice tab</Description><StepExecutedTime>11:54:39 PM</StepExecutedTime><ScreenShot Name="N/A">N/A</ScreenShot><Result>PASS</Result></LowLevelInfo></Step><Step Number="4"><LowLevelInfo><StepID>4</StepID><Description>Advice Given button is enabled by default under the Call Back Advice tab</Description><StepExecutedTime>11:54:41 PM</StepExecutedTime><ScreenShot Name="N/A">N/A</ScreenShot><Result>PASS</Result></LowLevelInfo></Step><Step Number="5"><LowLevelInfo><StepID>5</StepID><Description>Not Given button remains enabled after click on Not Given</Description><StepExecutedTime>11:54:46 PM</StepExecutedTime><ScreenShot Name="N/A">N/A</ScreenShot><Result>PASS</Result></LowLevelInfo></Step><Step Number="6"><LowLevelInfo><StepID>6</StepID><Description>Worsening Statement MODE is displaying under the Call Back Advice tab for Thirst protocol</Description><StepExecutedTime>11:54:48 PM</StepExecutedTime><ScreenShot Name="N/A">N/A</ScreenShot><Result>PASS</Result></LowLevelInfo></Step><Step Number="7"><LowLevelInfo><StepID>7</StepID><Description>Not Given button is enabled by default under the Call Back Advice tab</Description><StepExecutedTime>11:54:51 PM</StepExecutedTime><ScreenShot Name="N/A">N/A</ScreenShot><Result>PASS</Result></LowLevelInfo></Step><Step Number="8"><LowLevelInfo><StepID>8</StepID><Description>Advice Given button is enabled by default under the Call Back Advice tab</Description><StepExecutedTime>11:54:53 PM</StepExecutedTime><ScreenShot Name="N/A">N/A</ScreenShot><Result>PASS</Result></LowLevelInfo></Step><Step Number="9"><LowLevelInfo><StepID>9</StepID><Description>Not Given button remains enabled after click on Not Given</Description><StepExecutedTime>11:54:58 PM</StepExecutedTime><ScreenShot Name="N/A">N/A</ScreenShot><Result>PASS</Result></LowLevelInfo></Step><Step Number="10"><LowLevelInfo><StepID>10</StepID><Description>Pass to Clinician button remains disabled after providing response for additional protocol Thirst</Description><StepExecutedTime>11:54:59 PM</StepExecutedTime><ScreenShot Name="N/A">N/A</ScreenShot><Result>PASS</Result></LowLevelInfo></Step><Step Number="11"><LowLevelInfo><StepID>11</StepID><Description>Pass to Clinician button is enabled after providing response for presenting complaint Unwell</Description><StepExecutedTime>11:55:11 PM</StepExecutedTime><ScreenShot Name="N/A">N/A</ScreenShot><Result>PASS</Result></LowLevelInfo></Step><Step Number="12"><LowLevelInfo><StepID>12</StepID><Description>Pass to Clinician button is disabled again after review assessment</Description><StepExecutedTime>11:55:22 PM</StepExecutedTime><ScreenShot Name="N/A">N/A</ScreenShot><Result>PASS</Result></LowLevelInfo></Step><Step Number="13"><LowLevelInfo><StepID>13</StepID><Description>Pass to Clinician button is enabled after providing response for presenting complaint Unwell</Description><StepExecutedTime>11:55:32 PM</StepExecutedTime><ScreenShot Name="N/A">N/A</ScreenShot><Result>PASS</Result></LowLevelInfo></Step><Step Number="14"><LowLevelInfo><StepID>14</StepID><Description>Worsening Statement MODE is displaying under the Call Back Advice tab for Thirst protocol</Description><StepExecutedTime>11:55:36 PM</StepExecutedTime><ScreenShot Name="N/A">N/A</ScreenShot><Result>PASS</Result></LowLevelInfo></Step><Step Number="15"><LowLevelInfo><StepID>15</StepID><Description>Not Given button is reset and enabled by default under the Call Back Advice tab</Description><StepExecutedTime>11:55:38 PM</StepExecutedTime><ScreenShot Name="N/A">N/A</ScreenShot><Result>PASS</Result></LowLevelInfo></Step><Step Number="16"><LowLevelInfo><StepID>16</StepID><Description>Advice Given button is reset and enabled by default under the Call Back Advice tab</Description><StepExecutedTime>11:55:41 PM</StepExecutedTime><ScreenShot Name="N/A">N/A</ScreenShot><Result>PASS</Result></LowLevelInfo></Step><Step Number="17"><LowLevelInfo><StepID>17</StepID><Description>Advice Given button remains enabled after click on Not Given</Description><StepExecutedTime>11:55:45 PM</StepExecutedTime><ScreenShot Name="N/A">N/A</ScreenShot><Result>PASS</Result></LowLevelInfo></Step><TestCaseDescription>Test case to validate the advice given/ not given for other complaints and Pass to Clinician</TestCaseDescription><Result>PASS</Result><EndTime>11:55:54 PM</EndTime></TestCase><TestCase StartTime="11:55:54 PM" ModuleName="ODY_10538"><TestCaseName>ODY_10538</TestCaseName><Step Number="1"><LowLevelInfo><StepID>1</StepID><Description>Question with answer in purple colour is displayed in purple and at the top of other questions</Description><StepExecutedTime>11:56:29 PM</StepExecutedTime><ScreenShot Name="N/A">N/A</ScreenShot><Result>PASS</Result></LowLevelInfo></Step><Step Number="2"><LowLevelInfo><StepID>2</StepID><Description>Action Required 20 minute clinician call back is displaying at the bottom of the screen</Description><StepExecutedTime>11:56:34 PM</StepExecutedTime><ScreenShot Name="N/A">N/A</ScreenShot><Result>PASS</Result></LowLevelInfo></Step><Step Number="3"><LowLevelInfo><StepID>3</StepID><Description>Recommended transferring this call to a clinician now message box is displaying</Description><StepExecutedTime>11:56:39 PM</StepExecutedTime><ScreenShot Name="N/A">N/A</ScreenShot><Result>PASS</Result></LowLevelInfo></Step><Step Number="4"><LowLevelInfo><StepID>4</StepID><Description>Continue button is available and enabled</Description><StepExecutedTime>11:56:40 PM</StepExecutedTime><ScreenShot Name="N/A">N/A</ScreenShot><Result>PASS</Result></LowLevelInfo></Step><Step Number="5"><LowLevelInfo><StepID>5</StepID><Description>Go Back button is available and enabled</Description><StepExecutedTime>11:56:41 PM</StepExecutedTime><ScreenShot Name="N/A">N/A</ScreenShot><Result>PASS</Result></LowLevelInfo></Step><Step Number="6"><LowLevelInfo><StepID>6</StepID><Description>Default screen is displaying on cliking Pass to clinician button</Description><StepExecutedTime>11:56:59 PM</StepExecutedTime><ScreenShot Name="N/A">N/A</ScreenShot><Result>PASS</Result></LowLevelInfo></Step><Step Number="7"><LowLevelInfo><StepID>7</StepID><Description>Patient has been added in the queue since assessment is paused in the Assessment screen</Description><StepExecutedTime>11:57:09 PM</StepExecutedTime><ScreenShot Name="N/A">N/A</ScreenShot><Result>PASS</Result></LowLevelInfo></Step><Step Number="8"><LowLevelInfo><StepID>8</StepID><Description>URGENCY is displaying as 20 minute clinician call back for assessment added to queue</Description><StepExecutedTime>11:57:11 PM</StepExecutedTime><ScreenShot Name="N/A">N/A</ScreenShot><Result>PASS</Result></LowLevelInfo></Step><TestCaseDescription>Validate that IMM1 message is not displayed till all EMER questions are answered in 1st screen.</TestCaseDescription><Result>PASS</Result><EndTime>11:57:15 PM</EndTime></TestCase><TestCase StartTime="11:57:15 PM" ModuleName="ODY_10556"><TestCaseName>ODY_10556</TestCaseName><Step Number="1"><LowLevelInfo><StepID>1</StepID><Description>Question with answer in purple colour is displayed in purple and at the top of other questions</Description><StepExecutedTime>11:57:50 PM</StepExecutedTime><ScreenShot Name="N/A">N/A</ScreenShot><Result>PASS</Result></LowLevelInfo></Step><Step Number="2"><LowLevelInfo><StepID>2</StepID><Description>Action Required 20 minute clinician call back is displaying at the bottom of the screen</Description><StepExecutedTime>11:57:55 PM</StepExecutedTime><ScreenShot Name="N/A">N/A</ScreenShot><Result>PASS</Result></LowLevelInfo></Step><Step Number="3"><LowLevelInfo><StepID>3</StepID><Description>All Question with answer in purple colour is displayed in purple and at the top of other questions for multiple question set</Description><StepExecutedTime>11:57:57 PM</StepExecutedTime><ScreenShot Name="N/A">N/A</ScreenShot><Result>PASS</Result></LowLevelInfo></Step><Step Number="4"><LowLevelInfo><StepID>4</StepID><Description>Recommended transferring this call to a clinician now message box is displaying</Description><StepExecutedTime>11:58:07 PM</StepExecutedTime><ScreenShot Name="N/A">N/A</ScreenShot><Result>PASS</Result></LowLevelInfo></Step><Step Number="5"><LowLevelInfo><StepID>5</StepID><Description>Continue button is available and enabled</Description><StepExecutedTime>11:58:07 PM</StepExecutedTime><ScreenShot Name="N/A">N/A</ScreenShot><Result>PASS</Result></LowLevelInfo></Step><Step Number="6"><LowLevelInfo><StepID>6</StepID><Description>Go Back button is available and enabled</Description><StepExecutedTime>11:58:08 PM</StepExecutedTime><ScreenShot Name="N/A">N/A</ScreenShot><Result>PASS</Result></LowLevelInfo></Step><Step Number="7"><LowLevelInfo><StepID>7</StepID><Description>Warm Transfer to clinician  Action required is displaying</Description><StepExecutedTime>11:58:11 PM</StepExecutedTime><ScreenShot Name="N/A">N/A</ScreenShot><Result>PASS</Result></LowLevelInfo></Step><Step Number="8"><LowLevelInfo><StepID>8</StepID><Description>Default screen is displaying on cliking Pass to clinician button</Description><StepExecutedTime>11:58:37 PM</StepExecutedTime><ScreenShot Name="N/A">N/A</ScreenShot><Result>PASS</Result></LowLevelInfo></Step><Step Number="9"><LowLevelInfo><StepID>9</StepID><Description>Patient has been added in the queue since assessment is paused in the Assessment screen</Description><StepExecutedTime>11:58:42 PM</StepExecutedTime><ScreenShot Name="N/A">N/A</ScreenShot><Result>PASS</Result></LowLevelInfo></Step><Step Number="10"><LowLevelInfo><StepID>10</StepID><Description>URGENCY is displaying as 20 minute clinician call back for assessment added to queue</Description><StepExecutedTime>11:58:44 PM</StepExecutedTime><ScreenShot Name="N/A">N/A</ScreenShot><Result>PASS</Result></LowLevelInfo></Step><TestCaseDescription>Validate that IMM1 mssg is not displayed till all EMER questions are answered in 1st screen with multiple Ques Set.</TestCaseDescription><Result>PASS</Result><EndTime>11:58:48 PM</EndTime></TestCase><TestCase StartTime="11:58:48 PM" ModuleName="ODY_10555"><TestCaseName>ODY_10555</TestCaseName><Step Number="1"><LowLevelInfo><StepID>1</StepID><Description>Question with answer in purple colour is displayed in purple and at the top of other questions</Description><StepExecutedTime>11:59:32 PM</StepExecutedTime><ScreenShot Name="N/A">N/A</ScreenShot><Result>PASS</Result></LowLevelInfo></Step><Step Number="2"><LowLevelInfo><StepID>2</StepID><Description>Upon additional ques set opens Question with answer in purple colour is displayed in purple and at the top of other questions</Description><StepExecutedTime>11:59:37 PM</StepExecutedTime><ScreenShot Name="N/A">N/A</ScreenShot><Result>PASS</Result></LowLevelInfo></Step><Step Number="3"><LowLevelInfo><StepID>3</StepID><Description>Recommended transferring this call to a clinician now message box is displaying</Description><StepExecutedTime>11:59:45 PM</StepExecutedTime><ScreenShot Name="N/A">N/A</ScreenShot><Result>PASS</Result></LowLevelInfo></Step><Step Number="4"><LowLevelInfo><StepID>4</StepID><Description>Action Required 20 minute clinician call back is displaying at the bottom of the screen</Description><StepExecutedTime>11:59:48 PM</StepExecutedTime><ScreenShot Name="N/A">N/A</ScreenShot><Result>PASS</Result></LowLevelInfo></Step><Step Number="5"><LowLevelInfo><StepID>5</StepID><Description>URGENCY is displaying to clinician as 20 minute clinician call back for assessment added to queue</Description><StepExecutedTime>12:00:36 AM</StepExecutedTime><ScreenShot Name="N/A">N/A</ScreenShot><Result>PASS</Result></LowLevelInfo></Step><Step Number="6"><LowLevelInfo><StepID>6</StepID><Description>Stops and starts displaying as ans for Nature of breathing? in the triage screen</Description><StepExecutedTime>12:00:57 AM</StepExecutedTime><ScreenShot Name="N/A">N/A</ScreenShot><Result>PASS</Result></LowLevelInfo></Step><Step Number="7"><LowLevelInfo><StepID>7</StepID><Description>Yes displaying as ans for Dry mouth/tongue in the triage screen</Description><StepExecutedTime>12:00:58 AM</StepExecutedTime><ScreenShot Name="N/A">N/A</ScreenShot><Result>PASS</Result></LowLevelInfo></Step><Step Number="8"><LowLevelInfo><StepID>8</StepID><Description>Severe shivering displaying as ans for Other Symptoms in the triage screen</Description><StepExecutedTime>12:00:59 AM</StepExecutedTime><ScreenShot Name="N/A">N/A</ScreenShot><Result>PASS</Result></LowLevelInfo></Step><Step Number="9"><LowLevelInfo><StepID>9</StepID><Description>Unsettled displaying as ans for Current State in the triage screen</Description><StepExecutedTime>12:01:00 AM</StepExecutedTime><ScreenShot Name="N/A">N/A</ScreenShot><Result>PASS</Result></LowLevelInfo></Step><Step Number="10"><LowLevelInfo><StepID>10</StepID><Description>The queue is empty message is displaying at the top of the patient queue after assessment is completed</Description><StepExecutedTime>12:01:14 AM</StepExecutedTime><ScreenShot Name="N/A">N/A</ScreenShot><Result>PASS</Result></LowLevelInfo></Step><TestCaseDescription>Validate that IMM1 mssg is displayed on answering last PQ which increase urgency in 1st screen with multiple Ques Set.</TestCaseDescription><Result>PASS</Result><EndTime>12:01:18 AM</EndTime></TestCase><TestCase StartTime="12:01:18 AM" ModuleName="ODY_11019"><TestCaseName>ODY_11019</TestCaseName><Step Number="1"><LowLevelInfo><StepID>1</StepID><Description>By default question is displaying in 1st person text</Description><StepExecutedTime>12:02:01 AM</StepExecutedTime><ScreenShot Name="N/A">N/A</ScreenShot><Result>PASS</Result></LowLevelInfo></Step><Step Number="2"><LowLevelInfo><StepID>2</StepID><Description>Questions of additional question set are displaying in 1st person text</Description><StepExecutedTime>12:02:06 AM</StepExecutedTime><ScreenShot Name="N/A">N/A</ScreenShot><Result>PASS</Result></LowLevelInfo></Step><Step Number="3"><LowLevelInfo><StepID>3</StepID><Description>Question is displaying in 3rd person text after questiontexttype checkbox unchecked in complaint screen</Description><StepExecutedTime>12:02:32 AM</StepExecutedTime><ScreenShot Name="N/A">N/A</ScreenShot><Result>PASS</Result></LowLevelInfo></Step><Step Number="4"><LowLevelInfo><StepID>4</StepID><Description>Questions of additional question set are displaying in 3rd person text</Description><StepExecutedTime>12:02:37 AM</StepExecutedTime><ScreenShot Name="N/A">N/A</ScreenShot><Result>PASS</Result></LowLevelInfo></Step><Step Number="5"><LowLevelInfo><StepID>5</StepID><Description>Question is displaying in 3rd person text as questiontexttype remain unchecked in complaint screen</Description><StepExecutedTime>12:02:51 AM</StepExecutedTime><ScreenShot Name="N/A">N/A</ScreenShot><Result>PASS</Result></LowLevelInfo></Step><Step Number="6"><LowLevelInfo><StepID>6</StepID><Description>Questions of additional question set are displaying in 3rd person text</Description><StepExecutedTime>12:02:57 AM</StepExecutedTime><ScreenShot Name="N/A">N/A</ScreenShot><Result>PASS</Result></LowLevelInfo></Step><Step Number="7"><LowLevelInfo><StepID>7</StepID><Description>Default screen is displaying when clicking on Pass to clinician button</Description><StepExecutedTime>12:03:15 AM</StepExecutedTime><ScreenShot Name="N/A">N/A</ScreenShot><Result>PASS</Result></LowLevelInfo></Step><Step Number="8"><LowLevelInfo><StepID>8</StepID><Description>Assessment has been added to the queue on clicking Pass to Clinician button and Pick up button is disabed</Description><StepExecutedTime>12:03:19 AM</StepExecutedTime><ScreenShot Name="N/A">N/A</ScreenShot><Result>PASS</Result></LowLevelInfo></Step><TestCaseDescription>To check functionality of toggle 1st and 3rd Person question text type for Firstcall user.</TestCaseDescription><Result>PASS</Result><EndTime>12:03:23 AM</EndTime><EndExecutionTime>16/Feb/2023   12:03:23 AM</EndExecutionTime><TotalTimeTaken>00:54:00</TotalTimeTaken></TestCase></Root>
