<?xml-stylesheet type='text/xsl' href='DetailXmlReference/LogReport.xsl'?>
<Root><StartTime>16/Feb/2023   12:13:33 AM</StartTime><Browser>BROWSERNAME - Version: BrowserName</Browser><Module>REPORTINGDBPATOUTCOME</Module><TestCase StartTime="12:13:34 AM" ModuleName="ODY_10368"><TestCaseName>ODY_10368</TestCaseName><Step Number="1"><LowLevelInfo><StepID>1</StepID><Description>No match found message is displaying for the patient searched before saving the patient detail</Description><StepExecutedTime>12:14:56 AM</StepExecutedTime><ScreenShot Name="N/A">N/A</ScreenShot><Result>PASS</Result></LowLevelInfo></Step><Step Number="2"><LowLevelInfo><StepID>2</StepID><Description>Demographic screen is displaying</Description><StepExecutedTime>12:15:02 AM</StepExecutedTime><ScreenShot Name="N/A">N/A</ScreenShot><Result>PASS</Result></LowLevelInfo></Step><Step Number="3"><LowLevelInfo><StepID>3</StepID><Description>Variance popup box is not displaying with the water mark on changing the urgency and clicking on Continue summary screen button</Description><StepExecutedTime>12:15:59 AM</StepExecutedTime><ScreenShot Name="N/A">N/A</ScreenShot><Result>PASS</Result></LowLevelInfo></Step><Step Number="4"><LowLevelInfo><StepID>4</StepID><Description>Details for question Sensation is saved properly in reporting database for the assessment</Description><StepExecutedTime>12:16:14 AM</StepExecutedTime><ScreenShot Name="N/A">N/A</ScreenShot><Result>PASS</Result></LowLevelInfo></Step><Step Number="5"><LowLevelInfo><StepID>5</StepID><Description>Conent Details for assessment is saved properly in reporting database</Description><StepExecutedTime>12:16:14 AM</StepExecutedTime><ScreenShot Name="N/A">N/A</ScreenShot><Result>PASS</Result></LowLevelInfo></Step><Step Number="6"><LowLevelInfo><StepID>6</StepID><Description>Patient Details is saved properly in reporting database for the assessment</Description><StepExecutedTime>12:16:14 AM</StepExecutedTime><ScreenShot Name="N/A">N/A</ScreenShot><Result>PASS</Result></LowLevelInfo></Step><Step Number="7"><LowLevelInfo><StepID>7</StepID><Description>Contact Details is saved properly in reporting database for the assessment</Description><StepExecutedTime>12:16:14 AM</StepExecutedTime><ScreenShot Name="N/A">N/A</ScreenShot><Result>PASS</Result></LowLevelInfo></Step><Step Number="8"><LowLevelInfo><StepID>8</StepID><Description>Urgency and outcome details for assessment is saved properly in reporting database</Description><StepExecutedTime>12:16:15 AM</StepExecutedTime><ScreenShot Name="N/A">N/A</ScreenShot><Result>PASS</Result></LowLevelInfo></Step><Step Number="9"><LowLevelInfo><StepID>9</StepID><Description>QuestionTextType as C clinical for assessment is saved properly in reporting database</Description><StepExecutedTime>12:16:15 AM</StepExecutedTime><ScreenShot Name="N/A">N/A</ScreenShot><Result>PASS</Result></LowLevelInfo></Step><TestCaseDescription>StandaloneClinician - Validate that all the details of completed assessment is saved in Reporting Database</TestCaseDescription><Result>PASS</Result><EndTime>12:16:15 AM</EndTime></TestCase><TestCase StartTime="12:16:15 AM" ModuleName="ODY_10369"><TestCaseName>ODY_10369</TestCaseName><Step Number="1"><LowLevelInfo><StepID>1</StepID><Description>Close assessment layout is displaying on clicking the close assessment link on assessment screen</Description><StepExecutedTime>12:17:04 AM</StepExecutedTime><ScreenShot Name="N/A">N/A</ScreenShot><Result>PASS</Result></LowLevelInfo></Step><Step Number="2"><LowLevelInfo><StepID>2</StepID><Description>Hoax option in available in Reason for close assessment Combobox</Description><StepExecutedTime>12:17:05 AM</StepExecutedTime><ScreenShot Name="N/A">N/A</ScreenShot><Result>PASS</Result></LowLevelInfo></Step><Step Number="3"><LowLevelInfo><StepID>3</StepID><Description>Summary screen is displaying on clicking Close assessment Button</Description><StepExecutedTime>12:17:08 AM</StepExecutedTime><ScreenShot Name="N/A">N/A</ScreenShot><Result>PASS</Result></LowLevelInfo></Step><Step Number="4"><LowLevelInfo><StepID>4</StepID><Description>Closed: Hoxed is displaying in the patient OutCome</Description><StepExecutedTime>12:17:09 AM</StepExecutedTime><ScreenShot Name="N/A">N/A</ScreenShot><Result>PASS</Result></LowLevelInfo></Step><Step Number="5"><LowLevelInfo><StepID>5</StepID><Description>Default screen is displaying on clicking Complete button in Summary screen</Description><StepExecutedTime>12:17:13 AM</StepExecutedTime><ScreenShot Name="N/A">N/A</ScreenShot><Result>PASS</Result></LowLevelInfo></Step><Step Number="6"><LowLevelInfo><StepID>6</StepID><Description>Details for question Swelling is saved properly in reporting database for the assessment</Description><StepExecutedTime>12:17:17 AM</StepExecutedTime><ScreenShot Name="N/A">N/A</ScreenShot><Result>PASS</Result></LowLevelInfo></Step><Step Number="7"><LowLevelInfo><StepID>7</StepID><Description>Conent Details for assessment is saved properly in reporting database</Description><StepExecutedTime>12:17:17 AM</StepExecutedTime><ScreenShot Name="N/A">N/A</ScreenShot><Result>PASS</Result></LowLevelInfo></Step><Step Number="8"><LowLevelInfo><StepID>8</StepID><Description>Patient Details is saved properly in reporting database for the assessment</Description><StepExecutedTime>12:17:17 AM</StepExecutedTime><ScreenShot Name="N/A">N/A</ScreenShot><Result>PASS</Result></LowLevelInfo></Step><Step Number="9"><LowLevelInfo><StepID>9</StepID><Description>Contact Details is saved properly in reporting database for the assessment</Description><StepExecutedTime>12:17:17 AM</StepExecutedTime><ScreenShot Name="N/A">N/A</ScreenShot><Result>PASS</Result></LowLevelInfo></Step><Step Number="10"><LowLevelInfo><StepID>10</StepID><Description>Urgency and outcome details for assessment is saved properly in reporting database</Description><StepExecutedTime>12:17:17 AM</StepExecutedTime><ScreenShot Name="N/A">N/A</ScreenShot><Result>PASS</Result></LowLevelInfo></Step><TestCaseDescription>StandaloneClinician - Validate that all the details of closed assessment is saved in Reporting Database</TestCaseDescription><Result>PASS</Result><EndTime>12:17:17 AM</EndTime></TestCase><TestCase StartTime="12:17:17 AM" ModuleName="ODY_10375"><TestCaseName>ODY_10375</TestCaseName><Step Number="1"><LowLevelInfo><StepID>1</StepID><Description>No match found message is displaying for the patient searched before saving the patient detail</Description><StepExecutedTime>12:17:49 AM</StepExecutedTime><ScreenShot Name="N/A">N/A</ScreenShot><Result>PASS</Result></LowLevelInfo></Step><Step Number="2"><LowLevelInfo><StepID>2</StepID><Description>Demographic screen is displaying on click of Add patient button</Description><StepExecutedTime>12:17:52 AM</StepExecutedTime><ScreenShot Name="N/A">N/A</ScreenShot><Result>PASS</Result></LowLevelInfo></Step><Step Number="3"><LowLevelInfo><StepID>3</StepID><Description>There is one matching GP is displaying in the search results</Description><StepExecutedTime>12:18:16 AM</StepExecutedTime><ScreenShot Name="N/A">N/A</ScreenShot><Result>PASS</Result></LowLevelInfo></Step><Step Number="4"><LowLevelInfo><StepID>4</StepID><Description>GP  has been selected from the search list and it is displaying in the Current GP Section</Description><StepExecutedTime>12:18:21 AM</StepExecutedTime><ScreenShot Name="N/A">N/A</ScreenShot><Result>PASS</Result></LowLevelInfo></Step><Step Number="5"><LowLevelInfo><StepID>5</StepID><Description>Recommended an Ambulance is Dispatched as soon as possible message box is displaying on selecting ans with purple color</Description><StepExecutedTime>12:18:55 AM</StepExecutedTime><ScreenShot Name="N/A">N/A</ScreenShot><Result>PASS</Result></LowLevelInfo></Step><Step Number="6"><LowLevelInfo><StepID>6</StepID><Description>Go Back button is available and enabled</Description><StepExecutedTime>12:18:56 AM</StepExecutedTime><ScreenShot Name="N/A">N/A</ScreenShot><Result>PASS</Result></LowLevelInfo></Step><Step Number="7"><LowLevelInfo><StepID>7</StepID><Description>Continue button is available and enabled</Description><StepExecutedTime>12:18:57 AM</StepExecutedTime><ScreenShot Name="N/A">N/A</ScreenShot><Result>PASS</Result></LowLevelInfo></Step><Step Number="8"><LowLevelInfo><StepID>8</StepID><Description>Details for question Current State is saved properly in reporting database for the assessment</Description><StepExecutedTime>12:19:11 AM</StepExecutedTime><ScreenShot Name="N/A">N/A</ScreenShot><Result>PASS</Result></LowLevelInfo></Step><Step Number="9"><LowLevelInfo><StepID>9</StepID><Description>Details for question Severity SOB is saved properly in reporting database for the assessment</Description><StepExecutedTime>12:19:11 AM</StepExecutedTime><ScreenShot Name="N/A">N/A</ScreenShot><Result>PASS</Result></LowLevelInfo></Step><Step Number="10"><LowLevelInfo><StepID>10</StepID><Description>Conent Details for assessment is saved properly in reporting database</Description><StepExecutedTime>12:19:11 AM</StepExecutedTime><ScreenShot Name="N/A">N/A</ScreenShot><Result>PASS</Result></LowLevelInfo></Step><Step Number="11"><LowLevelInfo><StepID>11</StepID><Description>Patient Details is saved properly in reporting database for the assessment</Description><StepExecutedTime>12:19:11 AM</StepExecutedTime><ScreenShot Name="N/A">N/A</ScreenShot><Result>PASS</Result></LowLevelInfo></Step><Step Number="12"><LowLevelInfo><StepID>12</StepID><Description>Contact Details is saved properly in reporting database for the assessment</Description><StepExecutedTime>12:19:12 AM</StepExecutedTime><ScreenShot Name="N/A">N/A</ScreenShot><Result>PASS</Result></LowLevelInfo></Step><Step Number="13"><LowLevelInfo><StepID>13</StepID><Description>Urgency and outcome details for assessment is saved properly in reporting database</Description><StepExecutedTime>12:19:12 AM</StepExecutedTime><ScreenShot Name="N/A">N/A</ScreenShot><Result>PASS</Result></LowLevelInfo></Step><Step Number="14"><LowLevelInfo><StepID>14</StepID><Description>FirstAidAdvice Details is saved properly in reporting database for the assessment</Description><StepExecutedTime>12:19:12 AM</StepExecutedTime><ScreenShot Name="N/A">N/A</ScreenShot><Result>PASS</Result></LowLevelInfo></Step><Step Number="15"><LowLevelInfo><StepID>15</StepID><Description>QuestionTextType as F firstperson for assessment is saved properly in reporting database</Description><StepExecutedTime>12:19:12 AM</StepExecutedTime><ScreenShot Name="N/A">N/A</ScreenShot><Result>PASS</Result></LowLevelInfo></Step><TestCaseDescription>StandaloneCallHandler - Validate that all the details of ended assessment for existing patient with emergency is saved in Reporting Database</TestCaseDescription><Result>PASS</Result><EndTime>12:19:12 AM</EndTime></TestCase><TestCase StartTime="12:19:12 AM" ModuleName="ODY_10383"><TestCaseName>ODY_10383</TestCaseName><Step Number="1"><LowLevelInfo><StepID>1</StepID><Description>Clinician appointment within the next day &lt;24 hours is displayed as Action Advised</Description><StepExecutedTime>12:20:33 AM</StepExecutedTime><ScreenShot Name="N/A">N/A</ScreenShot><Result>PASS</Result></LowLevelInfo></Step><Step Number="2"><LowLevelInfo><StepID>2</StepID><Description>Default screen is displaying on cliking Pass to clinician button</Description><StepExecutedTime>12:20:54 AM</StepExecutedTime><ScreenShot Name="N/A">N/A</ScreenShot><Result>PASS</Result></LowLevelInfo></Step><Step Number="3"><LowLevelInfo><StepID>3</StepID><Description>Details for question Most recent temp. is saved properly in reporting database for the assessment</Description><StepExecutedTime>12:20:58 AM</StepExecutedTime><ScreenShot Name="N/A">N/A</ScreenShot><Result>PASS</Result></LowLevelInfo></Step><Step Number="4"><LowLevelInfo><StepID>4</StepID><Description>Details for question Swelling is saved properly in reporting database for the assessment</Description><StepExecutedTime>12:20:58 AM</StepExecutedTime><ScreenShot Name="N/A">N/A</ScreenShot><Result>PASS</Result></LowLevelInfo></Step><Step Number="5"><LowLevelInfo><StepID>5</StepID><Description>Conent Details for assessment is not saved properly in reporting database</Description><StepExecutedTime>12:20:59 AM</StepExecutedTime><ScreenShot Name="View">..\Module Results\Snapshot\2_16_0_20_59.png</ScreenShot><Result>FAIL</Result></LowLevelInfo></Step><Step Number="6"><LowLevelInfo><StepID>6</StepID><Description>Patient Details is saved properly in reporting database for the assessment</Description><StepExecutedTime>12:20:59 AM</StepExecutedTime><ScreenShot Name="N/A">N/A</ScreenShot><Result>PASS</Result></LowLevelInfo></Step><Step Number="7"><LowLevelInfo><StepID>7</StepID><Description>Contact Details is saved properly in reporting database for the assessment</Description><StepExecutedTime>12:20:59 AM</StepExecutedTime><ScreenShot Name="N/A">N/A</ScreenShot><Result>PASS</Result></LowLevelInfo></Step><Step Number="8"><LowLevelInfo><StepID>8</StepID><Description>Urgency and outcome details for assessment is saved properly in reporting database</Description><StepExecutedTime>12:20:59 AM</StepExecutedTime><ScreenShot Name="N/A">N/A</ScreenShot><Result>PASS</Result></LowLevelInfo></Step><Step Number="9"><LowLevelInfo><StepID>9</StepID><Description>WorseningAdvice Details is saved properly in reporting database for the assessment</Description><StepExecutedTime>12:20:59 AM</StepExecutedTime><ScreenShot Name="N/A">N/A</ScreenShot><Result>PASS</Result></LowLevelInfo></Step><Step Number="10"><LowLevelInfo><StepID>10</StepID><Description>WorseningStatement Details is saved properly in reporting database for the assessment</Description><StepExecutedTime>12:20:59 AM</StepExecutedTime><ScreenShot Name="N/A">N/A</ScreenShot><Result>PASS</Result></LowLevelInfo></Step><Step Number="11"><LowLevelInfo><StepID>11</StepID><Description>QuestionTextType as F firstperson for assessment is saved properly in reporting database</Description><StepExecutedTime>12:20:59 AM</StepExecutedTime><ScreenShot Name="N/A">N/A</ScreenShot><Result>PASS</Result></LowLevelInfo></Step><Step Number="12"><LowLevelInfo><StepID>12</StepID><Description>Assessment added to queue on clicking pass to clinician from Call handler user</Description><StepExecutedTime>12:21:29 AM</StepExecutedTime><ScreenShot Name="N/A">N/A</ScreenShot><Result>PASS</Result></LowLevelInfo></Step><Step Number="13"><LowLevelInfo><StepID>13</StepID><Description>Accept patient screen is displaying on clicking pick up button from the assessment in the queue</Description><StepExecutedTime>12:21:33 AM</StepExecutedTime><ScreenShot Name="N/A">N/A</ScreenShot><Result>PASS</Result></LowLevelInfo></Step><Step Number="14"><LowLevelInfo><StepID>14</StepID><Description>Urgency variance text has been saved as notes</Description><StepExecutedTime>12:22:02 AM</StepExecutedTime><ScreenShot Name="N/A">N/A</ScreenShot><Result>PASS</Result></LowLevelInfo></Step><Step Number="15"><LowLevelInfo><StepID>15</StepID><Description>Default screen is displaying on cliking on complete button</Description><StepExecutedTime>12:22:09 AM</StepExecutedTime><ScreenShot Name="N/A">N/A</ScreenShot><Result>PASS</Result></LowLevelInfo></Step><Step Number="16"><LowLevelInfo><StepID>16</StepID><Description>Details for question Most recent temp. is saved properly in reporting database for the assessment</Description><StepExecutedTime>12:22:13 AM</StepExecutedTime><ScreenShot Name="N/A">N/A</ScreenShot><Result>PASS</Result></LowLevelInfo></Step><Step Number="17"><LowLevelInfo><StepID>17</StepID><Description>Details for question Swelling is saved properly in reporting database for the assessment</Description><StepExecutedTime>12:22:13 AM</StepExecutedTime><ScreenShot Name="N/A">N/A</ScreenShot><Result>PASS</Result></LowLevelInfo></Step><Step Number="18"><LowLevelInfo><StepID>18</StepID><Description>Details for question Swelling is saved properly in reporting database for the assessment</Description><StepExecutedTime>12:22:14 AM</StepExecutedTime><ScreenShot Name="N/A">N/A</ScreenShot><Result>PASS</Result></LowLevelInfo></Step><Step Number="19"><LowLevelInfo><StepID>19</StepID><Description>Details for question Sensation is saved properly in reporting database for the assessment</Description><StepExecutedTime>12:22:14 AM</StepExecutedTime><ScreenShot Name="N/A">N/A</ScreenShot><Result>PASS</Result></LowLevelInfo></Step><Step Number="20"><LowLevelInfo><StepID>20</StepID><Description>Patient Details is saved properly in reporting database for the assessment</Description><StepExecutedTime>12:22:14 AM</StepExecutedTime><ScreenShot Name="N/A">N/A</ScreenShot><Result>PASS</Result></LowLevelInfo></Step><Step Number="21"><LowLevelInfo><StepID>21</StepID><Description>Contact Details is saved properly in reporting database for the assessment</Description><StepExecutedTime>12:22:14 AM</StepExecutedTime><ScreenShot Name="N/A">N/A</ScreenShot><Result>PASS</Result></LowLevelInfo></Step><Step Number="22"><LowLevelInfo><StepID>22</StepID><Description>Conent Details for assessment is saved properly in reporting database</Description><StepExecutedTime>12:22:14 AM</StepExecutedTime><ScreenShot Name="N/A">N/A</ScreenShot><Result>PASS</Result></LowLevelInfo></Step><Step Number="23"><LowLevelInfo><StepID>23</StepID><Description>Urgency and outcome details for assessment is saved properly in reporting database</Description><StepExecutedTime>12:22:14 AM</StepExecutedTime><ScreenShot Name="N/A">N/A</ScreenShot><Result>PASS</Result></LowLevelInfo></Step><Step Number="24"><LowLevelInfo><StepID>24</StepID><Description>Urgency and outcome details for assessment is saved properly in reporting database</Description><StepExecutedTime>12:22:14 AM</StepExecutedTime><ScreenShot Name="N/A">N/A</ScreenShot><Result>PASS</Result></LowLevelInfo></Step><Step Number="25"><LowLevelInfo><StepID>25</StepID><Description>WorseningAdvice Details is saved properly in reporting database for the assessment</Description><StepExecutedTime>12:22:14 AM</StepExecutedTime><ScreenShot Name="N/A">N/A</ScreenShot><Result>PASS</Result></LowLevelInfo></Step><Step Number="26"><LowLevelInfo><StepID>26</StepID><Description>WorseningStatement Details is saved properly in reporting database for the assessment</Description><StepExecutedTime>12:22:15 AM</StepExecutedTime><ScreenShot Name="N/A">N/A</ScreenShot><Result>PASS</Result></LowLevelInfo></Step><Step Number="27"><LowLevelInfo><StepID>27</StepID><Description>QuestionTextType remain as F firstperson for assessment is saved properly in reporting database</Description><StepExecutedTime>12:22:15 AM</StepExecutedTime><ScreenShot Name="N/A">N/A</ScreenShot><Result>PASS</Result></LowLevelInfo></Step><TestCaseDescription>StandaloneCallHandler - Validate that details of passed assessment with urgency change and completed by clinician is saved in Reporting DB</TestCaseDescription><Result>FAIL</Result><EndTime>12:22:15 AM</EndTime></TestCase><TestCase StartTime="12:22:15 AM" ModuleName="ODY_10386"><TestCaseName>ODY_10386</TestCaseName><Step Number="1"><LowLevelInfo><StepID>1</StepID><Description>Default screen is displaying on clicking Save and go back button</Description><StepExecutedTime>12:23:02 AM</StepExecutedTime><ScreenShot Name="N/A">N/A</ScreenShot><Result>PASS</Result></LowLevelInfo></Step><Step Number="2"><LowLevelInfo><StepID>2</StepID><Description>Summary screen is displaying on selecting all ans and clicked on continue button in assessment screen</Description><StepExecutedTime>12:23:56 AM</StepExecutedTime><ScreenShot Name="N/A">N/A</ScreenShot><Result>PASS</Result></LowLevelInfo></Step><Step Number="3"><LowLevelInfo><StepID>3</StepID><Description>Default screen is displaying on clicking Complete button</Description><StepExecutedTime>12:24:11 AM</StepExecutedTime><ScreenShot Name="N/A">N/A</ScreenShot><Result>PASS</Result></LowLevelInfo></Step><Step Number="4"><LowLevelInfo><StepID>4</StepID><Description>Details for question Onset is saved properly in reporting database for the assessment</Description><StepExecutedTime>12:24:15 AM</StepExecutedTime><ScreenShot Name="N/A">N/A</ScreenShot><Result>PASS</Result></LowLevelInfo></Step><Step Number="5"><LowLevelInfo><StepID>5</StepID><Description>Conent Details for assessment is saved properly in reporting database</Description><StepExecutedTime>12:24:15 AM</StepExecutedTime><ScreenShot Name="N/A">N/A</ScreenShot><Result>PASS</Result></LowLevelInfo></Step><Step Number="6"><LowLevelInfo><StepID>6</StepID><Description>Patient Details is saved properly in reporting database for the assessment</Description><StepExecutedTime>12:24:15 AM</StepExecutedTime><ScreenShot Name="N/A">N/A</ScreenShot><Result>PASS</Result></LowLevelInfo></Step><Step Number="7"><LowLevelInfo><StepID>7</StepID><Description>Contact Details is saved properly in reporting database for the assessment</Description><StepExecutedTime>12:24:15 AM</StepExecutedTime><ScreenShot Name="N/A">N/A</ScreenShot><Result>PASS</Result></LowLevelInfo></Step><Step Number="8"><LowLevelInfo><StepID>8</StepID><Description>Urgency and outcome details for assessment is saved properly in reporting database</Description><StepExecutedTime>12:24:15 AM</StepExecutedTime><ScreenShot Name="N/A">N/A</ScreenShot><Result>PASS</Result></LowLevelInfo></Step><Step Number="9"><LowLevelInfo><StepID>9</StepID><Description>WorseningAdvice Details is saved properly in reporting database for the assessment</Description><StepExecutedTime>12:24:15 AM</StepExecutedTime><ScreenShot Name="N/A">N/A</ScreenShot><Result>PASS</Result></LowLevelInfo></Step><Step Number="10"><LowLevelInfo><StepID>10</StepID><Description>WorseningStatement Details is saved properly in reporting database for the assessment</Description><StepExecutedTime>12:24:15 AM</StepExecutedTime><ScreenShot Name="N/A">N/A</ScreenShot><Result>PASS</Result></LowLevelInfo></Step><Step Number="11"><LowLevelInfo><StepID>11</StepID><Description>CareAdvice Details is saved properly in reporting database for the assessment</Description><StepExecutedTime>12:24:15 AM</StepExecutedTime><ScreenShot Name="N/A">N/A</ScreenShot><Result>PASS</Result></LowLevelInfo></Step><TestCaseDescription>StandaloneCallHandler - Validate that all the details of completed assessment with Selfcare is saved in Reporting Database</TestCaseDescription><Result>PASS</Result><EndTime>12:24:15 AM</EndTime></TestCase><TestCase StartTime="12:24:15 AM" ModuleName="ODY_10387"><TestCaseName>ODY_10387</TestCaseName><Step Number="1"><LowLevelInfo><StepID>1</StepID><Description>No match found message is displaying for the patient searched before saving the patient detail</Description><StepExecutedTime>12:24:39 AM</StepExecutedTime><ScreenShot Name="N/A">N/A</ScreenShot><Result>PASS</Result></LowLevelInfo></Step><Step Number="2"><LowLevelInfo><StepID>2</StepID><Description>Demographic screen is displaying</Description><StepExecutedTime>12:24:43 AM</StepExecutedTime><ScreenShot Name="N/A">N/A</ScreenShot><Result>PASS</Result></LowLevelInfo></Step><Step Number="3"><LowLevelInfo><StepID>3</StepID><Description>Assessment screen is displaying on double clicking presenting complaint</Description><StepExecutedTime>12:25:12 AM</StepExecutedTime><ScreenShot Name="N/A">N/A</ScreenShot><Result>PASS</Result></LowLevelInfo></Step><Step Number="4"><LowLevelInfo><StepID>4</StepID><Description>Close assessment layout is displaying on clicking the close assessment link on assessment screen</Description><StepExecutedTime>12:25:25 AM</StepExecutedTime><ScreenShot Name="N/A">N/A</ScreenShot><Result>PASS</Result></LowLevelInfo></Step><Step Number="5"><LowLevelInfo><StepID>5</StepID><Description>Hoax option in available in Reason for close assessment Combobox</Description><StepExecutedTime>12:25:27 AM</StepExecutedTime><ScreenShot Name="N/A">N/A</ScreenShot><Result>PASS</Result></LowLevelInfo></Step><Step Number="6"><LowLevelInfo><StepID>6</StepID><Description>Close Assessment button is enable after selecting the reason for closing the assessment</Description><StepExecutedTime>12:25:28 AM</StepExecutedTime><ScreenShot Name="N/A">N/A</ScreenShot><Result>PASS</Result></LowLevelInfo></Step><Step Number="7"><LowLevelInfo><StepID>7</StepID><Description>Default screen displayed</Description><StepExecutedTime>12:25:31 AM</StepExecutedTime><ScreenShot Name="N/A">N/A</ScreenShot><Result>PASS</Result></LowLevelInfo></Step><Step Number="8"><LowLevelInfo><StepID>8</StepID><Description>Details for question Current State is saved properly in reporting database for the assessment</Description><StepExecutedTime>12:25:35 AM</StepExecutedTime><ScreenShot Name="N/A">N/A</ScreenShot><Result>PASS</Result></LowLevelInfo></Step><Step Number="9"><LowLevelInfo><StepID>9</StepID><Description>Conent Details for assessment is saved properly in reporting database</Description><StepExecutedTime>12:25:35 AM</StepExecutedTime><ScreenShot Name="N/A">N/A</ScreenShot><Result>PASS</Result></LowLevelInfo></Step><Step Number="10"><LowLevelInfo><StepID>10</StepID><Description>Patient Details is saved properly in reporting database for the assessment</Description><StepExecutedTime>12:25:35 AM</StepExecutedTime><ScreenShot Name="N/A">N/A</ScreenShot><Result>PASS</Result></LowLevelInfo></Step><Step Number="11"><LowLevelInfo><StepID>11</StepID><Description>Contact Details is saved properly in reporting database for the assessment</Description><StepExecutedTime>12:25:35 AM</StepExecutedTime><ScreenShot Name="N/A">N/A</ScreenShot><Result>PASS</Result></LowLevelInfo></Step><Step Number="12"><LowLevelInfo><StepID>12</StepID><Description>Urgency and outcome details for assessment is saved properly in reporting database</Description><StepExecutedTime>12:25:35 AM</StepExecutedTime><ScreenShot Name="N/A">N/A</ScreenShot><Result>PASS</Result></LowLevelInfo></Step><TestCaseDescription>StandaloneCallHandler - Validate that all the details of prematurely closed assessment is saved in Reporting Database</TestCaseDescription><Result>PASS</Result><EndTime>12:25:35 AM</EndTime><EndExecutionTime>16/Feb/2023   12:25:35 AM</EndExecutionTime><TotalTimeTaken>00:12:02</TotalTimeTaken></TestCase></Root>
