<?xml-stylesheet type='text/xsl' href='DetailXmlReference/LogReport.xsl'?>
<Root><StartTime>15/Feb/2023   10:31:22 PM</StartTime><Browser>BROWSERNAME - Version: BrowserName</Browser><Module>STANDALONE312CLINICIAN</Module><TestCase StartTime="10:31:23 PM" ModuleName="ODY_1951"><TestCaseName>ODY_1951</TestCaseName><Step Number="1"><LowLevelInfo><StepID>1</StepID><Description>Admin Summary screen is displaying after login the application</Description><StepExecutedTime>10:31:44 PM</StepExecutedTime><ScreenShot Name="N/A">N/A</ScreenShot><Result>PASS</Result></LowLevelInfo></Step><Step Number="2"><LowLevelInfo><StepID>2</StepID><Description>Clinician user has been created</Description><StepExecutedTime>10:32:00 PM</StepExecutedTime><ScreenShot Name="N/A">N/A</ScreenShot><Result>PASS</Result></LowLevelInfo></Step><Step Number="3"><LowLevelInfo><StepID>3</StepID><Description>Able to login with the clinician user has been created</Description><StepExecutedTime>10:32:09 PM</StepExecutedTime><ScreenShot Name="N/A">N/A</ScreenShot><Result>PASS</Result></LowLevelInfo></Step><Step Number="4"><LowLevelInfo><StepID>4</StepID><Description>Variance popup box is not displaying with the water mark on changing the urgency and clicking on Continue summary screen button</Description><StepExecutedTime>10:32:38 PM</StepExecutedTime><ScreenShot Name="N/A">N/A</ScreenShot><Result>PASS</Result></LowLevelInfo></Step><Step Number="5"><LowLevelInfo><StepID>5</StepID><Description>Summary screen is displayed on click of Continue to summary screen</Description><StepExecutedTime>10:32:43 PM</StepExecutedTime><ScreenShot Name="N/A">N/A</ScreenShot><Result>PASS</Result></LowLevelInfo></Step><TestCaseDescription>Validate that reason for urgency change is asked if the claim 'no reason for urgency change' is not provided to clinician.</TestCaseDescription><Result>PASS</Result><EndTime>10:32:52 PM</EndTime></TestCase><TestCase StartTime="10:32:52 PM" ModuleName="ODY_2800"><TestCaseName>ODY_2800</TestCaseName><Step Number="1"><LowLevelInfo><StepID>1</StepID><Description>Admin Summary screen is displaying after login the application</Description><StepExecutedTime>10:33:07 PM</StepExecutedTime><ScreenShot Name="N/A">N/A</ScreenShot><Result>PASS</Result></LowLevelInfo></Step><Step Number="2"><LowLevelInfo><StepID>2</StepID><Description>Clinician user has been created</Description><StepExecutedTime>10:33:31 PM</StepExecutedTime><ScreenShot Name="N/A">N/A</ScreenShot><Result>PASS</Result></LowLevelInfo></Step><Step Number="3"><LowLevelInfo><StepID>3</StepID><Description>Able to login with the clinician user has been created</Description><StepExecutedTime>10:33:41 PM</StepExecutedTime><ScreenShot Name="N/A">N/A</ScreenShot><Result>PASS</Result></LowLevelInfo></Step><Step Number="4"><LowLevelInfo><StepID>4</StepID><Description>Continue button is disabled since all urgent questions are not answerd</Description><StepExecutedTime>10:34:02 PM</StepExecutedTime><ScreenShot Name="N/A">N/A</ScreenShot><Result>PASS</Result></LowLevelInfo></Step><Step Number="5"><LowLevelInfo><StepID>5</StepID><Description>Continue button is disabled since all urgent questions are not answerd</Description><StepExecutedTime>10:34:10 PM</StepExecutedTime><ScreenShot Name="N/A">N/A</ScreenShot><Result>PASS</Result></LowLevelInfo></Step><Step Number="6"><LowLevelInfo><StepID>6</StepID><Description>Continue button is disabled since all urgent questions are not answerd</Description><StepExecutedTime>10:34:28 PM</StepExecutedTime><ScreenShot Name="N/A">N/A</ScreenShot><Result>PASS</Result></LowLevelInfo></Step><Step Number="7"><LowLevelInfo><StepID>7</StepID><Description>Continue button is enabled since all urgent questions are answerd</Description><StepExecutedTime>10:34:59 PM</StepExecutedTime><ScreenShot Name="N/A">N/A</ScreenShot><Result>PASS</Result></LowLevelInfo></Step><TestCaseDescription>Validate the User must answer all Urgent/Critical questions to proceed.</TestCaseDescription><Result>PASS</Result><EndTime>10:35:15 PM</EndTime></TestCase><TestCase StartTime="10:35:15 PM" ModuleName="ODY_2801"><TestCaseName>ODY_2801</TestCaseName><Step Number="1"><LowLevelInfo><StepID>1</StepID><Description>Admin Summary screen is displaying after login the application</Description><StepExecutedTime>10:35:29 PM</StepExecutedTime><ScreenShot Name="N/A">N/A</ScreenShot><Result>PASS</Result></LowLevelInfo></Step><Step Number="2"><LowLevelInfo><StepID>2</StepID><Description>Clinician user has been created</Description><StepExecutedTime>10:35:52 PM</StepExecutedTime><ScreenShot Name="N/A">N/A</ScreenShot><Result>PASS</Result></LowLevelInfo></Step><Step Number="3"><LowLevelInfo><StepID>3</StepID><Description>Able to login with the clinician user has been created</Description><StepExecutedTime>10:36:00 PM</StepExecutedTime><ScreenShot Name="N/A">N/A</ScreenShot><Result>PASS</Result></LowLevelInfo></Step><Step Number="4"><LowLevelInfo><StepID>4</StepID><Description>Continue button is disabled since all urgent questions are not answerd</Description><StepExecutedTime>10:36:21 PM</StepExecutedTime><ScreenShot Name="N/A">N/A</ScreenShot><Result>PASS</Result></LowLevelInfo></Step><Step Number="5"><LowLevelInfo><StepID>5</StepID><Description>Continue button is disabled since all questions of 1st questionset are not answerd</Description><StepExecutedTime>10:37:14 PM</StepExecutedTime><ScreenShot Name="N/A">N/A</ScreenShot><Result>PASS</Result></LowLevelInfo></Step><Step Number="6"><LowLevelInfo><StepID>6</StepID><Description>Continue button is enabled since all questions of 1st questionset are answerd</Description><StepExecutedTime>10:37:29 PM</StepExecutedTime><ScreenShot Name="N/A">N/A</ScreenShot><Result>PASS</Result></LowLevelInfo></Step><TestCaseDescription>Validate the User must answer First question set and all Urgent/Critical questions to proceed.</TestCaseDescription><Result>PASS</Result><EndTime>10:37:47 PM</EndTime></TestCase><TestCase StartTime="10:37:47 PM" ModuleName="ODY_1946"><TestCaseName>ODY_1946</TestCaseName><Step Number="1"><LowLevelInfo><StepID>1</StepID><Description>Demographic window is open on clicking patient name</Description><StepExecutedTime>10:38:43 PM</StepExecutedTime><ScreenShot Name="N/A">N/A</ScreenShot><Result>PASS</Result></LowLevelInfo></Step><Step Number="2"><LowLevelInfo><StepID>2</StepID><Description>Patient details have not been updated: NHS number: from '0000000000' to '2222222222'</Description><StepExecutedTime>10:39:24 PM</StepExecutedTime><ScreenShot Name="N/A">N/A</ScreenShot><Result>PASS</Result></LowLevelInfo></Step><Step Number="3"><LowLevelInfo><StepID>3</StepID><Description>Patient details have not been updated: allergy: animal fur</Description><StepExecutedTime>10:39:27 PM</StepExecutedTime><ScreenShot Name="N/A">N/A</ScreenShot><Result>PASS</Result></LowLevelInfo></Step><Step Number="4"><LowLevelInfo><StepID>4</StepID><Description>Refresh button is enabled in the session audit record window</Description><StepExecutedTime>10:39:28 PM</StepExecutedTime><ScreenShot Name="N/A">N/A</ScreenShot><Result>PASS</Result></LowLevelInfo></Step><Step Number="5"><LowLevelInfo><StepID>5</StepID><Description>Close button is enabled in the session audit record window</Description><StepExecutedTime>10:39:29 PM</StepExecutedTime><ScreenShot Name="N/A">N/A</ScreenShot><Result>PASS</Result></LowLevelInfo></Step><TestCaseDescription>Validate that Patient details are not getting updated after choosing Close and Dont Save.</TestCaseDescription><Result>PASS</Result><EndTime>10:39:35 PM</EndTime></TestCase><TestCase StartTime="10:39:35 PM" ModuleName="ODY_2181"><TestCaseName>ODY_2181</TestCaseName><Step Number="1"><LowLevelInfo><StepID>1</StepID><Description>Default screen is displaying after sign in the application</Description><StepExecutedTime>10:40:00 PM</StepExecutedTime><ScreenShot Name="N/A">N/A</ScreenShot><Result>PASS</Result></LowLevelInfo></Step><Step Number="2"><LowLevelInfo><StepID>2</StepID><Description>Breathlessness question set opened on answering Other Symptoms as Breathlessness</Description><StepExecutedTime>10:40:18 PM</StepExecutedTime><ScreenShot Name="N/A">N/A</ScreenShot><Result>PASS</Result></LowLevelInfo></Step><Step Number="3"><LowLevelInfo><StepID>3</StepID><Description>Diabetes question set opened on answering Diabetes</Description><StepExecutedTime>10:40:26 PM</StepExecutedTime><ScreenShot Name="N/A">N/A</ScreenShot><Result>PASS</Result></LowLevelInfo></Step><Step Number="4"><LowLevelInfo><StepID>4</StepID><Description>Diabetes question set closed on answering Diabetes</Description><StepExecutedTime>10:40:32 PM</StepExecutedTime><ScreenShot Name="N/A">N/A</ScreenShot><Result>PASS</Result></LowLevelInfo></Step><TestCaseDescription>Test case to verify if Linked Qsets auto close when answers are removed via linked answers.</TestCaseDescription><Result>PASS</Result><EndTime>10:40:54 PM</EndTime></TestCase><TestCase StartTime="10:40:55 PM" ModuleName="ODY_5444"><TestCaseName>ODY_5444</TestCaseName><Step Number="1"><LowLevelInfo><StepID>1</StepID><Description>7.410 old content version is available and selected</Description><StepExecutedTime>10:41:29 PM</StepExecutedTime><ScreenShot Name="N/A">N/A</ScreenShot><Result>PASS</Result></LowLevelInfo></Step><Step Number="2"><LowLevelInfo><StepID>2</StepID><Description>Able to login with the clinician user has been created</Description><StepExecutedTime>10:41:54 PM</StepExecutedTime><ScreenShot Name="N/A">N/A</ScreenShot><Result>PASS</Result></LowLevelInfo></Step><Step Number="3"><LowLevelInfo><StepID>3</StepID><Description>Application version is matching in Complaint Search screen</Description><StepExecutedTime>10:41:55 PM</StepExecutedTime><ScreenShot Name="N/A">N/A</ScreenShot><Result>PASS</Result></LowLevelInfo></Step><Step Number="4"><LowLevelInfo><StepID>4</StepID><Description>ClinicalContentVersion 7.410 is displaying in Complaint Search screen</Description><StepExecutedTime>10:41:57 PM</StepExecutedTime><ScreenShot Name="N/A">N/A</ScreenShot><Result>PASS</Result></LowLevelInfo></Step><Step Number="5"><LowLevelInfo><StepID>5</StepID><Description>ClinicalContentVersion 7.410 is displaying in assessment screen</Description><StepExecutedTime>10:42:22 PM</StepExecutedTime><ScreenShot Name="N/A">N/A</ScreenShot><Result>PASS</Result></LowLevelInfo></Step><Step Number="6"><LowLevelInfo><StepID>6</StepID><Description>Latest content version is available and selected</Description><StepExecutedTime>10:42:51 PM</StepExecutedTime><ScreenShot Name="N/A">N/A</ScreenShot><Result>PASS</Result></LowLevelInfo></Step><Step Number="7"><LowLevelInfo><StepID>7</StepID><Description>Able to login with the clinician user has been created</Description><StepExecutedTime>10:43:10 PM</StepExecutedTime><ScreenShot Name="N/A">N/A</ScreenShot><Result>PASS</Result></LowLevelInfo></Step><Step Number="8"><LowLevelInfo><StepID>8</StepID><Description>ClinicalContentVersion is matching in Assessment screen</Description><StepExecutedTime>10:43:11 PM</StepExecutedTime><ScreenShot Name="N/A">N/A</ScreenShot><Result>PASS</Result></LowLevelInfo></Step><Step Number="9"><LowLevelInfo><StepID>9</StepID><Description>Triage Screen is displaying on clicking of continue button</Description><StepExecutedTime>10:43:22 PM</StepExecutedTime><ScreenShot Name="N/A">N/A</ScreenShot><Result>PASS</Result></LowLevelInfo></Step><Step Number="10"><LowLevelInfo><StepID>10</StepID><Description>Other Symptoms question and Backache answers under Leg Pain protocol are displaying in triage screen</Description><StepExecutedTime>10:43:23 PM</StepExecutedTime><ScreenShot Name="N/A">N/A</ScreenShot><Result>PASS</Result></LowLevelInfo></Step><Step Number="11"><LowLevelInfo><StepID>11</StepID><Description>Painseverity question and 7-8Severe answers under Leg Pain protocol are displaying in triage screen</Description><StepExecutedTime>10:43:40 PM</StepExecutedTime><ScreenShot Name="N/A">N/A</ScreenShot><Result>PASS</Result></LowLevelInfo></Step><Step Number="12"><LowLevelInfo><StepID>12</StepID><Description>Toe(s) cold/colour question and Mottled answers under Leg Pain protocol are displaying in triage screen</Description><StepExecutedTime>10:43:41 PM</StepExecutedTime><ScreenShot Name="N/A">N/A</ScreenShot><Result>PASS</Result></LowLevelInfo></Step><Step Number="13"><LowLevelInfo><StepID>13</StepID><Description>Summary screen is displayed on click of Continue to summary screen</Description><StepExecutedTime>10:43:45 PM</StepExecutedTime><ScreenShot Name="N/A">N/A</ScreenShot><Result>PASS</Result></LowLevelInfo></Step><Step Number="14"><LowLevelInfo><StepID>14</StepID><Description>ClinicalContentVersion is matching in Summary screen</Description><StepExecutedTime>10:43:46 PM</StepExecutedTime><ScreenShot Name="N/A">N/A</ScreenShot><Result>PASS</Result></LowLevelInfo></Step><Step Number="15"><LowLevelInfo><StepID>15</StepID><Description>First screen is loading after completing an assessment</Description><StepExecutedTime>10:43:52 PM</StepExecutedTime><ScreenShot Name="N/A">N/A</ScreenShot><Result>PASS</Result></LowLevelInfo></Step><TestCaseDescription>Validate that clinician is able to complete paused assessment created using different content version.</TestCaseDescription><Result>PASS</Result><EndTime>10:43:56 PM</EndTime></TestCase><TestCase StartTime="10:43:56 PM" ModuleName="ODY_6480"><TestCaseName>ODY_6480</TestCaseName><Step Number="1"><LowLevelInfo><StepID>1</StepID><Description>Clinical Warning Overlay is displaying on linked question set Chest Pain opened automatically</Description><StepExecutedTime>10:45:23 PM</StepExecutedTime><ScreenShot Name="N/A">N/A</ScreenShot><Result>PASS</Result></LowLevelInfo></Step><Step Number="2"><LowLevelInfo><StepID>2</StepID><Description>ClinWarnMessage Ruptured aortic aneurysm is displayed in the overlay</Description><StepExecutedTime>10:45:24 PM</StepExecutedTime><ScreenShot Name="N/A">N/A</ScreenShot><Result>PASS</Result></LowLevelInfo></Step><Step Number="3"><LowLevelInfo><StepID>3</StepID><Description>Clinical Warning Overlay is closed on clicking the Close button</Description><StepExecutedTime>10:45:26 PM</StepExecutedTime><ScreenShot Name="N/A">N/A</ScreenShot><Result>PASS</Result></LowLevelInfo></Step><Step Number="4"><LowLevelInfo><StepID>4</StepID><Description>Clinical Warning Icon is displaying on linked question set Chest Pain opened automatically</Description><StepExecutedTime>10:45:27 PM</StepExecutedTime><ScreenShot Name="N/A">N/A</ScreenShot><Result>PASS</Result></LowLevelInfo></Step><Step Number="5"><LowLevelInfo><StepID>5</StepID><Description>Chest pain question set opened on answering Other Symptoms</Description><StepExecutedTime>10:45:29 PM</StepExecutedTime><ScreenShot Name="N/A">N/A</ScreenShot><Result>PASS</Result></LowLevelInfo></Step><Step Number="6"><LowLevelInfo><StepID>6</StepID><Description>Clinical Warning Overlay is displaying again on clicking the Clinical Warning Icon</Description><StepExecutedTime>10:45:31 PM</StepExecutedTime><ScreenShot Name="N/A">N/A</ScreenShot><Result>PASS</Result></LowLevelInfo></Step><Step Number="7"><LowLevelInfo><StepID>7</StepID><Description>ClinWarnMessage Ruptured aortic aneurysm is displayed in the overlay</Description><StepExecutedTime>10:45:33 PM</StepExecutedTime><ScreenShot Name="N/A">N/A</ScreenShot><Result>PASS</Result></LowLevelInfo></Step><Step Number="8"><LowLevelInfo><StepID>8</StepID><Description>Clinical Warning Icon is removed on unchecking Chest pain from Other Symptoms question</Description><StepExecutedTime>10:45:40 PM</StepExecutedTime><ScreenShot Name="N/A">N/A</ScreenShot><Result>PASS</Result></LowLevelInfo></Step><Step Number="9"><LowLevelInfo><StepID>9</StepID><Description>Clinical Warning section is not displaying in Triage screen on on linked question set Chest Pain closed automatically</Description><StepExecutedTime>10:45:44 PM</StepExecutedTime><ScreenShot Name="N/A">N/A</ScreenShot><Result>PASS</Result></LowLevelInfo></Step><Step Number="10"><LowLevelInfo><StepID>10</StepID><Description>Clinical Warning Overlay is displaying again on linked question set Chest Pain opened automatically</Description><StepExecutedTime>10:45:53 PM</StepExecutedTime><ScreenShot Name="N/A">N/A</ScreenShot><Result>PASS</Result></LowLevelInfo></Step><Step Number="11"><LowLevelInfo><StepID>11</StepID><Description>ClinWarnMessage Ruptured aortic aneurysm is again displayed in the overlay</Description><StepExecutedTime>10:45:54 PM</StepExecutedTime><ScreenShot Name="N/A">N/A</ScreenShot><Result>PASS</Result></LowLevelInfo></Step><Step Number="12"><LowLevelInfo><StepID>12</StepID><Description>Clinical Warning Overlay is closed on clicking the Close button</Description><StepExecutedTime>10:45:56 PM</StepExecutedTime><ScreenShot Name="N/A">N/A</ScreenShot><Result>PASS</Result></LowLevelInfo></Step><Step Number="13"><LowLevelInfo><StepID>13</StepID><Description>Clinical Warning Icon is displaying again on linked question set Chest Pain opened automatically</Description><StepExecutedTime>10:45:57 PM</StepExecutedTime><ScreenShot Name="N/A">N/A</ScreenShot><Result>PASS</Result></LowLevelInfo></Step><Step Number="14"><LowLevelInfo><StepID>14</StepID><Description>Clinical Warning section is displaying in Triage screen on on linked question set Chest Pain opened automatically</Description><StepExecutedTime>10:46:02 PM</StepExecutedTime><ScreenShot Name="N/A">N/A</ScreenShot><Result>PASS</Result></LowLevelInfo></Step><Step Number="15"><LowLevelInfo><StepID>15</StepID><Description>ClinWarnMessage Ruptured aortic aneurysm is displayed in the triage screen</Description><StepExecutedTime>10:46:03 PM</StepExecutedTime><ScreenShot Name="N/A">N/A</ScreenShot><Result>PASS</Result></LowLevelInfo></Step><Step Number="16"><LowLevelInfo><StepID>16</StepID><Description>Viewing of Clinical Warning message Ruptured aortic aneurysm is successully audited</Description><StepExecutedTime>10:46:15 PM</StepExecutedTime><ScreenShot Name="N/A">N/A</ScreenShot><Result>PASS</Result></LowLevelInfo></Step><TestCaseDescription>Test case to validate the display of clinical warning message in Assessment screen on opening linked question sets.</TestCaseDescription><Result>PASS</Result><EndTime>10:46:47 PM</EndTime></TestCase><TestCase StartTime="10:46:47 PM" ModuleName="ODY_6583"><TestCaseName>ODY_6583</TestCaseName><Step Number="1"><LowLevelInfo><StepID>1</StepID><Description>Clinical Warning Overlay is displaying on linked question set Chest Pain opened automatically</Description><StepExecutedTime>10:47:56 PM</StepExecutedTime><ScreenShot Name="N/A">N/A</ScreenShot><Result>PASS</Result></LowLevelInfo></Step><Step Number="2"><LowLevelInfo><StepID>2</StepID><Description>ClinWarnMessage Ruptured aortic aneurysm is displayed in the overlay</Description><StepExecutedTime>10:47:57 PM</StepExecutedTime><ScreenShot Name="N/A">N/A</ScreenShot><Result>PASS</Result></LowLevelInfo></Step><Step Number="3"><LowLevelInfo><StepID>3</StepID><Description>Clinical Warning Icon is displaying on linked question set Chest Pain opened automatically</Description><StepExecutedTime>10:48:00 PM</StepExecutedTime><ScreenShot Name="N/A">N/A</ScreenShot><Result>PASS</Result></LowLevelInfo></Step><Step Number="4"><LowLevelInfo><StepID>4</StepID><Description>Viewing of Clinical Warning message Ruptured aortic aneurysm is successully audited</Description><StepExecutedTime>10:48:00 PM</StepExecutedTime><ScreenShot Name="N/A">N/A</ScreenShot><Result>PASS</Result></LowLevelInfo></Step><Step Number="5"><LowLevelInfo><StepID>5</StepID><Description>Breathlessness presenting complaint display in add question set search result</Description><StepExecutedTime>10:48:04 PM</StepExecutedTime><ScreenShot Name="N/A">N/A</ScreenShot><Result>PASS</Result></LowLevelInfo></Step><Step Number="6"><LowLevelInfo><StepID>6</StepID><Description>Haemoptysis presenting complaint display in add question set search result</Description><StepExecutedTime>10:48:16 PM</StepExecutedTime><ScreenShot Name="N/A">N/A</ScreenShot><Result>PASS</Result></LowLevelInfo></Step><Step Number="7"><LowLevelInfo><StepID>7</StepID><Description>Clinical Warning Overlay is displayed with 3 threshold value on adding question set Breathlessness and Haemoptysis</Description><StepExecutedTime>10:48:19 PM</StepExecutedTime><ScreenShot Name="N/A">N/A</ScreenShot><Result>PASS</Result></LowLevelInfo></Step><Step Number="8"><LowLevelInfo><StepID>8</StepID><Description>ClinWarnMessage Ruptured aortic aneurysm and Pulmonary embolism are displayed in the overlay</Description><StepExecutedTime>10:48:20 PM</StepExecutedTime><ScreenShot Name="N/A">N/A</ScreenShot><Result>PASS</Result></LowLevelInfo></Step><Step Number="9"><LowLevelInfo><StepID>9</StepID><Description>Clinical Warning Icon is displaying in the assessment screen</Description><StepExecutedTime>10:48:23 PM</StepExecutedTime><ScreenShot Name="N/A">N/A</ScreenShot><Result>PASS</Result></LowLevelInfo></Step><Step Number="10"><LowLevelInfo><StepID>10</StepID><Description>Clinical Warning Overlay is displayed on click of Clinical Warning Icon</Description><StepExecutedTime>10:48:25 PM</StepExecutedTime><ScreenShot Name="N/A">N/A</ScreenShot><Result>PASS</Result></LowLevelInfo></Step><Step Number="11"><LowLevelInfo><StepID>11</StepID><Description>ClinWarnMessage Ruptured aortic aneurysm and Pulmonary embolism are displayed in the overlay</Description><StepExecutedTime>10:48:26 PM</StepExecutedTime><ScreenShot Name="N/A">N/A</ScreenShot><Result>PASS</Result></LowLevelInfo></Step><Step Number="12"><LowLevelInfo><StepID>12</StepID><Description>ClinWarnMessage Ruptured aortic aneurysm and Pulmonary embolism are displayed in Triage screen</Description><StepExecutedTime>10:48:33 PM</StepExecutedTime><ScreenShot Name="N/A">N/A</ScreenShot><Result>PASS</Result></LowLevelInfo></Step><Step Number="13"><LowLevelInfo><StepID>13</StepID><Description>Viewing of Clinical Warning message Ruptured aortic aneurysm and Pulmonary embolism are successully audited</Description><StepExecutedTime>10:48:49 PM</StepExecutedTime><ScreenShot Name="N/A">N/A</ScreenShot><Result>PASS</Result></LowLevelInfo></Step><TestCaseDescription>Test case to validate the display clinical warning using static text with 3 threshold values</TestCaseDescription><Result>PASS</Result><EndTime>10:49:13 PM</EndTime></TestCase><TestCase StartTime="10:49:13 PM" ModuleName="ODY_6985"><TestCaseName>ODY_6985</TestCaseName><Step Number="1"><LowLevelInfo><StepID>1</StepID><Description>Admin Summary screen is displaying after login the application</Description><StepExecutedTime>10:49:27 PM</StepExecutedTime><ScreenShot Name="N/A">N/A</ScreenShot><Result>PASS</Result></LowLevelInfo></Step><Step Number="2"><LowLevelInfo><StepID>2</StepID><Description>Clinician user has been created</Description><StepExecutedTime>10:49:45 PM</StepExecutedTime><ScreenShot Name="N/A">N/A</ScreenShot><Result>PASS</Result></LowLevelInfo></Step><Step Number="3"><LowLevelInfo><StepID>3</StepID><Description>Able to login with the clinician user has been created</Description><StepExecutedTime>10:49:53 PM</StepExecutedTime><ScreenShot Name="N/A">N/A</ScreenShot><Result>PASS</Result></LowLevelInfo></Step><Step Number="4"><LowLevelInfo><StepID>4</StepID><Description>Continue button is disabled after all questions are not answerd</Description><StepExecutedTime>10:50:12 PM</StepExecutedTime><ScreenShot Name="N/A">N/A</ScreenShot><Result>PASS</Result></LowLevelInfo></Step><Step Number="5"><LowLevelInfo><StepID>5</StepID><Description>Continue button is disabled after all EMERGENCY questions are answerd</Description><StepExecutedTime>10:50:21 PM</StepExecutedTime><ScreenShot Name="N/A">N/A</ScreenShot><Result>PASS</Result></LowLevelInfo></Step><Step Number="6"><LowLevelInfo><StepID>6</StepID><Description>Continue button is disabled after all CRITICAL questions are answerd</Description><StepExecutedTime>10:50:37 PM</StepExecutedTime><ScreenShot Name="N/A">N/A</ScreenShot><Result>PASS</Result></LowLevelInfo></Step><Step Number="7"><LowLevelInfo><StepID>7</StepID><Description>Continue button is disabled after all URGENT questions are answerd</Description><StepExecutedTime>10:51:09 PM</StepExecutedTime><ScreenShot Name="N/A">N/A</ScreenShot><Result>PASS</Result></LowLevelInfo></Step><Step Number="8"><LowLevelInfo><StepID>8</StepID><Description>Continue button is enabled after all questions are answerd</Description><StepExecutedTime>10:51:37 PM</StepExecutedTime><ScreenShot Name="N/A">N/A</ScreenShot><Result>PASS</Result></LowLevelInfo></Step><TestCaseDescription>Validate the Basic Clinician User must answer all questions to proceed to the Triage screen.</TestCaseDescription><Result>PASS</Result><EndTime>10:51:54 PM</EndTime></TestCase><TestCase StartTime="10:51:54 PM" ModuleName="ODY_1512"><TestCaseName>ODY_1512</TestCaseName><Step Number="1"><LowLevelInfo><StepID>1</StepID><Description>Default screen is displaying on completing 1st assessment with Self Care</Description><StepExecutedTime>10:53:05 PM</StepExecutedTime><ScreenShot Name="N/A">N/A</ScreenShot><Result>PASS</Result></LowLevelInfo></Step><Step Number="2"><LowLevelInfo><StepID>2</StepID><Description>Default screen is displaying on completing 2nd assessment with Routine</Description><StepExecutedTime>10:53:34 PM</StepExecutedTime><ScreenShot Name="N/A">N/A</ScreenShot><Result>PASS</Result></LowLevelInfo></Step><Step Number="3"><LowLevelInfo><StepID>3</StepID><Description>RuleofThree icon is displaying for the third assessment in Presenting Complaint screen</Description><StepExecutedTime>10:53:42 PM</StepExecutedTime><ScreenShot Name="N/A">N/A</ScreenShot><Result>PASS</Result></LowLevelInfo></Step><Step Number="4"><LowLevelInfo><StepID>4</StepID><Description>RuleofThree icon is displaying for the third assessment in Assessment screen</Description><StepExecutedTime>10:53:49 PM</StepExecutedTime><ScreenShot Name="N/A">N/A</ScreenShot><Result>PASS</Result></LowLevelInfo></Step><Step Number="5"><LowLevelInfo><StepID>5</StepID><Description>RuleofThree icon is displaying for the third assessment in Triage screen</Description><StepExecutedTime>10:53:59 PM</StepExecutedTime><ScreenShot Name="N/A">N/A</ScreenShot><Result>PASS</Result></LowLevelInfo></Step><Step Number="6"><LowLevelInfo><StepID>6</StepID><Description>Urgency of the assessment is bumped up for RuleofThree from Routine to Recommended within 24 hrs.</Description><StepExecutedTime>10:54:01 PM</StepExecutedTime><ScreenShot Name="N/A">N/A</ScreenShot><Result>PASS</Result></LowLevelInfo></Step><Step Number="7"><LowLevelInfo><StepID>7</StepID><Description>RuleofThree icon is displaying for the third assessment in Summary screen</Description><StepExecutedTime>10:54:05 PM</StepExecutedTime><ScreenShot Name="N/A">N/A</ScreenShot><Result>PASS</Result></LowLevelInfo></Step><Step Number="8"><LowLevelInfo><StepID>8</StepID><Description>Urgency of the assessment is bumped up for RuleofThree from Routine to Recommended within 24 hrs.</Description><StepExecutedTime>10:54:07 PM</StepExecutedTime><ScreenShot Name="N/A">N/A</ScreenShot><Result>PASS</Result></LowLevelInfo></Step><Step Number="9"><LowLevelInfo><StepID>9</StepID><Description>Default screen is displaying on completing 3rd assessment with ROT urgency</Description><StepExecutedTime>10:54:13 PM</StepExecutedTime><ScreenShot Name="N/A">N/A</ScreenShot><Result>PASS</Result></LowLevelInfo></Step><TestCaseDescription>Test case to verify rule of three functionality for clinician.</TestCaseDescription><Result>PASS</Result><EndTime>10:54:17 PM</EndTime></TestCase><TestCase StartTime="10:54:17 PM" ModuleName="ODY_2173"><TestCaseName>ODY_2173</TestCaseName><Step Number="1"><LowLevelInfo><StepID>1</StepID><Description>Pregnancy question set opened on answering Pregnancy as Yes</Description><StepExecutedTime>10:55:03 PM</StepExecutedTime><ScreenShot Name="N/A">N/A</ScreenShot><Result>PASS</Result></LowLevelInfo></Step><Step Number="2"><LowLevelInfo><StepID>2</StepID><Description>EDD/LMD is calculated using pregnancy calculator</Description><StepExecutedTime>10:55:13 PM</StepExecutedTime><ScreenShot Name="N/A">N/A</ScreenShot><Result>PASS</Result></LowLevelInfo></Step><Step Number="3"><LowLevelInfo><StepID>3</StepID><Description>EDD/LMD is calculated using pregnancy calculator</Description><StepExecutedTime>10:55:21 PM</StepExecutedTime><ScreenShot Name="N/A">N/A</ScreenShot><Result>PASS</Result></LowLevelInfo></Step><Step Number="4"><LowLevelInfo><StepID>4</StepID><Description>Answered assessment Describe vomit is display in triage screen</Description><StepExecutedTime>10:55:25 PM</StepExecutedTime><ScreenShot Name="N/A">N/A</ScreenShot><Result>PASS</Result></LowLevelInfo></Step><Step Number="5"><LowLevelInfo><StepID>5</StepID><Description>Answered assessment Last Men Period is display in triage screen</Description><StepExecutedTime>10:55:26 PM</StepExecutedTime><ScreenShot Name="N/A">N/A</ScreenShot><Result>PASS</Result></LowLevelInfo></Step><Step Number="6"><LowLevelInfo><StepID>6</StepID><Description>Answered assessment EDD is display in triage screen</Description><StepExecutedTime>10:55:27 PM</StepExecutedTime><ScreenShot Name="N/A">N/A</ScreenShot><Result>PASS</Result></LowLevelInfo></Step><Step Number="7"><LowLevelInfo><StepID>7</StepID><Description>default screen is displaying on completing assessment in Summary screen</Description><StepExecutedTime>10:55:36 PM</StepExecutedTime><ScreenShot Name="N/A">N/A</ScreenShot><Result>PASS</Result></LowLevelInfo></Step><TestCaseDescription>Test case to verify if Pregnancy Calculator is working in TeleAssess</TestCaseDescription><Result>PASS</Result><EndTime>10:55:40 PM</EndTime></TestCase><TestCase StartTime="10:55:40 PM" ModuleName="ODY_7522"><TestCaseName>ODY_7522</TestCaseName><Step Number="1"><LowLevelInfo><StepID>1</StepID><Description>Clinical Warning Icon is not displaying by default in assessment screen</Description><StepExecutedTime>10:56:58 PM</StepExecutedTime><ScreenShot Name="N/A">N/A</ScreenShot><Result>PASS</Result></LowLevelInfo></Step><Step Number="2"><LowLevelInfo><StepID>2</StepID><Description>Vomiting protocol is added and displayed for the assessment</Description><StepExecutedTime>10:57:07 PM</StepExecutedTime><ScreenShot Name="N/A">N/A</ScreenShot><Result>PASS</Result></LowLevelInfo></Step><Step Number="3"><LowLevelInfo><StepID>3</StepID><Description>Clinical Warning Overlay is displaying on adding the Back Pain question set</Description><StepExecutedTime>10:57:21 PM</StepExecutedTime><ScreenShot Name="N/A">N/A</ScreenShot><Result>PASS</Result></LowLevelInfo></Step><Step Number="4"><LowLevelInfo><StepID>4</StepID><Description>Clinical Warning section is displaying in the overlay on question set Neck Pain/Stiff and Vomiting added manually</Description><StepExecutedTime>10:57:22 PM</StepExecutedTime><ScreenShot Name="N/A">N/A</ScreenShot><Result>PASS</Result></LowLevelInfo></Step><Step Number="5"><LowLevelInfo><StepID>5</StepID><Description>Neck Pain/Stiff protocol is added and displayed for the assessment</Description><StepExecutedTime>10:57:24 PM</StepExecutedTime><ScreenShot Name="N/A">N/A</ScreenShot><Result>PASS</Result></LowLevelInfo></Step><Step Number="6"><LowLevelInfo><StepID>6</StepID><Description>Viewing of Clinical Warning message Meningitis is successully audited</Description><StepExecutedTime>10:57:24 PM</StepExecutedTime><ScreenShot Name="N/A">N/A</ScreenShot><Result>PASS</Result></LowLevelInfo></Step><Step Number="7"><LowLevelInfo><StepID>7</StepID><Description>Clinical Warning Icon is displaying on adding the Back Pain question set in assessment screen</Description><StepExecutedTime>10:57:25 PM</StepExecutedTime><ScreenShot Name="N/A">N/A</ScreenShot><Result>PASS</Result></LowLevelInfo></Step><Step Number="8"><LowLevelInfo><StepID>8</StepID><Description>Clinical Warning section is displaying in Triage screen on question set Neck Pain/Stiff and Vomiting added manually</Description><StepExecutedTime>10:57:31 PM</StepExecutedTime><ScreenShot Name="N/A">N/A</ScreenShot><Result>PASS</Result></LowLevelInfo></Step><Step Number="9"><LowLevelInfo><StepID>9</StepID><Description>ClinWarnMessage Meningitis is displayed in the triage screen</Description><StepExecutedTime>10:57:32 PM</StepExecutedTime><ScreenShot Name="N/A">N/A</ScreenShot><Result>PASS</Result></LowLevelInfo></Step><Step Number="10"><LowLevelInfo><StepID>10</StepID><Description>Clinical Warning Icon is displaying on returning back to assessment screen</Description><StepExecutedTime>10:57:37 PM</StepExecutedTime><ScreenShot Name="N/A">N/A</ScreenShot><Result>PASS</Result></LowLevelInfo></Step><Step Number="11"><LowLevelInfo><StepID>11</StepID><Description>Clinical Warning section is displaying in Triage screen on revisiting Triage screen</Description><StepExecutedTime>10:57:50 PM</StepExecutedTime><ScreenShot Name="N/A">N/A</ScreenShot><Result>PASS</Result></LowLevelInfo></Step><Step Number="12"><LowLevelInfo><StepID>12</StepID><Description>default screen is loading after completing assessment by clinician</Description><StepExecutedTime>10:57:59 PM</StepExecutedTime><ScreenShot Name="N/A">N/A</ScreenShot><Result>PASS</Result></LowLevelInfo></Step><Step Number="13"><LowLevelInfo><StepID>13</StepID><Description>Viewing of Clinical Warning message Meningitis is successully audited</Description><StepExecutedTime>10:58:03 PM</StepExecutedTime><ScreenShot Name="N/A">N/A</ScreenShot><Result>PASS</Result></LowLevelInfo></Step><TestCaseDescription>Clinical warning appear if none of the protocols are mandatory.</TestCaseDescription><Result>PASS</Result><EndTime>10:58:43 PM</EndTime></TestCase><TestCase StartTime="10:58:43 PM" ModuleName="ODY_9486"><TestCaseName>ODY_9486</TestCaseName><Step Number="1"><LowLevelInfo><StepID>1</StepID><Description>Email Advice button is displayed and enabled by default in the summary screen</Description><StepExecutedTime>10:59:39 PM</StepExecutedTime><ScreenShot Name="N/A">N/A</ScreenShot><Result>PASS</Result></LowLevelInfo></Step><Step Number="2"><LowLevelInfo><StepID>2</StepID><Description>Email Advice Overlay is displayed on click of Email Advice button in the Summary scrreen</Description><StepExecutedTime>10:59:41 PM</StepExecutedTime><ScreenShot Name="N/A">N/A</ScreenShot><Result>PASS</Result></LowLevelInfo></Step><Step Number="3"><LowLevelInfo><StepID>3</StepID><Description>Email Advice is displayed as title of the Overlay opened</Description><StepExecutedTime>10:59:42 PM</StepExecutedTime><ScreenShot Name="N/A">N/A</ScreenShot><Result>PASS</Result></LowLevelInfo></Step><Step Number="4"><LowLevelInfo><StepID>4</StepID><Description>Return to call button is enabled by default in Email Advice Overlay</Description><StepExecutedTime>10:59:44 PM</StepExecutedTime><ScreenShot Name="N/A">N/A</ScreenShot><Result>PASS</Result></LowLevelInfo></Step><Step Number="5"><LowLevelInfo><StepID>5</StepID><Description>Send Email button is disabled by default and needs mandatory details in Email Advice Overlay</Description><StepExecutedTime>10:59:45 PM</StepExecutedTime><ScreenShot Name="N/A">N/A</ScreenShot><Result>PASS</Result></LowLevelInfo></Step><Step Number="6"><LowLevelInfo><StepID>6</StepID><Description>Send Email button is disabled until atleast one complaint is selected in Email Advice Overlay</Description><StepExecutedTime>10:59:51 PM</StepExecutedTime><ScreenShot Name="N/A">N/A</ScreenShot><Result>PASS</Result></LowLevelInfo></Step><Step Number="7"><LowLevelInfo><StepID>7</StepID><Description>Send Email button is enabled after providing all mandatory details in Email Advice Overlay</Description><StepExecutedTime>10:59:54 PM</StepExecutedTime><ScreenShot Name="N/A">N/A</ScreenShot><Result>PASS</Result></LowLevelInfo></Step><Step Number="8"><LowLevelInfo><StepID>8</StepID><Description>Send Email button is disabled after clearing email address textbox in Email Advice Overlay</Description><StepExecutedTime>11:00:00 PM</StepExecutedTime><ScreenShot Name="N/A">N/A</ScreenShot><Result>PASS</Result></LowLevelInfo></Step><Step Number="9"><LowLevelInfo><StepID>9</StepID><Description>Send Email button is enabled again after providing all mandatory details in Email Advice Overlay</Description><StepExecutedTime>11:00:04 PM</StepExecutedTime><ScreenShot Name="N/A">N/A</ScreenShot><Result>PASS</Result></LowLevelInfo></Step><Step Number="10"><LowLevelInfo><StepID>10</StepID><Description>Email Advice Overlay is closed on click of Send Email button</Description><StepExecutedTime>11:00:09 PM</StepExecutedTime><ScreenShot Name="N/A">N/A</ScreenShot><Result>PASS</Result></LowLevelInfo></Step><Step Number="11"><LowLevelInfo><StepID>11</StepID><Description>Default screen is displaying on clicking complete button</Description><StepExecutedTime>11:00:15 PM</StepExecutedTime><ScreenShot Name="N/A">N/A</ScreenShot><Result>PASS</Result></LowLevelInfo></Step><TestCaseDescription>Validate that clinician is able to send care advice through email for multiple Question Sets.</TestCaseDescription><Result>PASS</Result><EndTime>11:00:18 PM</EndTime></TestCase><TestCase StartTime="11:00:18 PM" ModuleName="ODY_9487"><TestCaseName>ODY_9487</TestCaseName><Step Number="1"><LowLevelInfo><StepID>1</StepID><Description>Email Advice button is displayed and enabled by default in the summary screen</Description><StepExecutedTime>11:01:06 PM</StepExecutedTime><ScreenShot Name="N/A">N/A</ScreenShot><Result>PASS</Result></LowLevelInfo></Step><Step Number="2"><LowLevelInfo><StepID>2</StepID><Description>Email Advice Overlay is displayed on click of Email Advice button in the Summary scrreen</Description><StepExecutedTime>11:01:09 PM</StepExecutedTime><ScreenShot Name="N/A">N/A</ScreenShot><Result>PASS</Result></LowLevelInfo></Step><Step Number="3"><LowLevelInfo><StepID>3</StepID><Description>Email Advice is displayed as title of the Overlay opened</Description><StepExecutedTime>11:01:10 PM</StepExecutedTime><ScreenShot Name="N/A">N/A</ScreenShot><Result>PASS</Result></LowLevelInfo></Step><Step Number="4"><LowLevelInfo><StepID>4</StepID><Description>Return to call button is enabled by default in Email Advice Overlay</Description><StepExecutedTime>11:01:11 PM</StepExecutedTime><ScreenShot Name="N/A">N/A</ScreenShot><Result>PASS</Result></LowLevelInfo></Step><Step Number="5"><LowLevelInfo><StepID>5</StepID><Description>Send Email button is disabled by default and needs mandatory details in Email Advice Overlay</Description><StepExecutedTime>11:01:13 PM</StepExecutedTime><ScreenShot Name="N/A">N/A</ScreenShot><Result>PASS</Result></LowLevelInfo></Step><Step Number="6"><LowLevelInfo><StepID>6</StepID><Description>Send Email button is disabled until atleast one complaint is selected in Email Advice Overlay</Description><StepExecutedTime>11:01:20 PM</StepExecutedTime><ScreenShot Name="N/A">N/A</ScreenShot><Result>PASS</Result></LowLevelInfo></Step><Step Number="7"><LowLevelInfo><StepID>7</StepID><Description>Send Email button is enabled after providing all mandatory details in Email Advice Overlay</Description><StepExecutedTime>11:01:23 PM</StepExecutedTime><ScreenShot Name="N/A">N/A</ScreenShot><Result>PASS</Result></LowLevelInfo></Step><Step Number="8"><LowLevelInfo><StepID>8</StepID><Description>Send Email button is disabled after clearing email address textbox in Email Advice Overlay</Description><StepExecutedTime>11:01:29 PM</StepExecutedTime><ScreenShot Name="N/A">N/A</ScreenShot><Result>PASS</Result></LowLevelInfo></Step><Step Number="9"><LowLevelInfo><StepID>9</StepID><Description>Send Email button is enabled again after providing all mandatory details in Email Advice Overlay</Description><StepExecutedTime>11:01:32 PM</StepExecutedTime><ScreenShot Name="N/A">N/A</ScreenShot><Result>PASS</Result></LowLevelInfo></Step><Step Number="10"><LowLevelInfo><StepID>10</StepID><Description>Email Advice Overlay is closed on click of Send Email button</Description><StepExecutedTime>11:01:36 PM</StepExecutedTime><ScreenShot Name="N/A">N/A</ScreenShot><Result>PASS</Result></LowLevelInfo></Step><Step Number="11"><LowLevelInfo><StepID>11</StepID><Description>Default screen is displaying on clicking complete button</Description><StepExecutedTime>11:01:42 PM</StepExecutedTime><ScreenShot Name="N/A">N/A</ScreenShot><Result>PASS</Result></LowLevelInfo></Step><TestCaseDescription>Validate that clinician is able to send care advice through email for single Question Set.</TestCaseDescription><Result>PASS</Result><EndTime>11:01:45 PM</EndTime></TestCase><TestCase StartTime="11:01:45 PM" ModuleName="ODY_11183"><TestCaseName>ODY_11183</TestCaseName><Step Number="1"><LowLevelInfo><StepID>1</StepID><Description>Close Question Set popup is showing on clicking Close Questionset Link</Description><StepExecutedTime>11:02:21 PM</StepExecutedTime><ScreenShot Name="N/A">N/A</ScreenShot><Result>PASS</Result></LowLevelInfo></Step><Step Number="2"><LowLevelInfo><StepID>2</StepID><Description>Close question set button is not enable since Question set and reason is not selected</Description><StepExecutedTime>11:02:23 PM</StepExecutedTime><ScreenShot Name="N/A">N/A</ScreenShot><Result>PASS</Result></LowLevelInfo></Step><Step Number="3"><LowLevelInfo><StepID>3</StepID><Description>Only Personal context QSet is displayed for closure</Description><StepExecutedTime>11:02:24 PM</StepExecutedTime><ScreenShot Name="N/A">N/A</ScreenShot><Result>PASS</Result></LowLevelInfo></Step><Step Number="4"><LowLevelInfo><StepID>4</StepID><Description>Close Question Set popup is closed on click of Cancel button</Description><StepExecutedTime>11:02:26 PM</StepExecutedTime><ScreenShot Name="N/A">N/A</ScreenShot><Result>PASS</Result></LowLevelInfo></Step><Step Number="5"><LowLevelInfo><StepID>5</StepID><Description>Close Question Set popup is showing on clicking Close Questionset Link</Description><StepExecutedTime>11:02:37 PM</StepExecutedTime><ScreenShot Name="N/A">N/A</ScreenShot><Result>PASS</Result></LowLevelInfo></Step><Step Number="6"><LowLevelInfo><StepID>6</StepID><Description>All four QSet is displayed for closure</Description><StepExecutedTime>11:02:38 PM</StepExecutedTime><ScreenShot Name="N/A">N/A</ScreenShot><Result>PASS</Result></LowLevelInfo></Step><Step Number="7"><LowLevelInfo><StepID>7</StepID><Description>Confirmation message for removing pain severity as response is displayed</Description><StepExecutedTime>11:02:47 PM</StepExecutedTime><ScreenShot Name="N/A">N/A</ScreenShot><Result>PASS</Result></LowLevelInfo></Step><Step Number="8"><LowLevelInfo><StepID>8</StepID><Description>Close Question Set popup is closed on click of Close button</Description><StepExecutedTime>11:02:49 PM</StepExecutedTime><ScreenShot Name="N/A">N/A</ScreenShot><Result>PASS</Result></LowLevelInfo></Step><Step Number="9"><LowLevelInfo><StepID>9</StepID><Description>Knee Injury QSet is displayed in the Assessment screen</Description><StepExecutedTime>11:02:50 PM</StepExecutedTime><ScreenShot Name="N/A">N/A</ScreenShot><Result>PASS</Result></LowLevelInfo></Step><Step Number="10"><LowLevelInfo><StepID>10</StepID><Description>Abrasion QSet is displayed in the Assessment screen</Description><StepExecutedTime>11:02:51 PM</StepExecutedTime><ScreenShot Name="N/A">N/A</ScreenShot><Result>PASS</Result></LowLevelInfo></Step><Step Number="11"><LowLevelInfo><StepID>11</StepID><Description>Personal context question set  is Closed on click of close Question set button</Description><StepExecutedTime>11:02:53 PM</StepExecutedTime><ScreenShot Name="N/A">N/A</ScreenShot><Result>PASS</Result></LowLevelInfo></Step><Step Number="12"><LowLevelInfo><StepID>12</StepID><Description>Analgesics question set  is Closed on click of close Question set button</Description><StepExecutedTime>11:02:54 PM</StepExecutedTime><ScreenShot Name="N/A">N/A</ScreenShot><Result>PASS</Result></LowLevelInfo></Step><Step Number="13"><LowLevelInfo><StepID>13</StepID><Description>Closure note for Personal context question set  is added under Notes section</Description><StepExecutedTime>11:02:55 PM</StepExecutedTime><ScreenShot Name="N/A">N/A</ScreenShot><Result>PASS</Result></LowLevelInfo></Step><Step Number="14"><LowLevelInfo><StepID>14</StepID><Description>Closure note for Analgesics question set  is added under Notes section</Description><StepExecutedTime>11:02:56 PM</StepExecutedTime><ScreenShot Name="N/A">N/A</ScreenShot><Result>PASS</Result></LowLevelInfo></Step><Step Number="15"><LowLevelInfo><StepID>15</StepID><Description>Close Question Set popup is showing on clicking Close Questionset Link</Description><StepExecutedTime>11:02:58 PM</StepExecutedTime><ScreenShot Name="N/A">N/A</ScreenShot><Result>PASS</Result></LowLevelInfo></Step><Step Number="16"><LowLevelInfo><StepID>16</StepID><Description>Both QSet is displayed for closure</Description><StepExecutedTime>11:02:59 PM</StepExecutedTime><ScreenShot Name="N/A">N/A</ScreenShot><Result>PASS</Result></LowLevelInfo></Step><Step Number="17"><LowLevelInfo><StepID>17</StepID><Description>Confirmation message for removing Abrasion as response is displayed</Description><StepExecutedTime>11:03:10 PM</StepExecutedTime><ScreenShot Name="N/A">N/A</ScreenShot><Result>PASS</Result></LowLevelInfo></Step><Step Number="18"><LowLevelInfo><StepID>18</StepID><Description>Closure note for Abrasion question set  is added under Notes section</Description><StepExecutedTime>11:03:13 PM</StepExecutedTime><ScreenShot Name="N/A">N/A</ScreenShot><Result>PASS</Result></LowLevelInfo></Step><Step Number="19"><LowLevelInfo><StepID>19</StepID><Description>Close Question Set Link is disabled after closed the Personal context Question set</Description><StepExecutedTime>11:03:16 PM</StepExecutedTime><ScreenShot Name="N/A">N/A</ScreenShot><Result>PASS</Result></LowLevelInfo></Step><Step Number="20"><LowLevelInfo><StepID>20</StepID><Description>APPVERSION is 3.24 for assessment interrupted prematurely by Clinician</Description><StepExecutedTime>11:03:20 PM</StepExecutedTime><ScreenShot Name="N/A">N/A</ScreenShot><Result>PASS</Result></LowLevelInfo></Step><TestCaseDescription>Validate that multiple Question Sets can be selected for closure under Close Question Set overlay.</TestCaseDescription><Result>PASS</Result><EndTime>11:03:20 PM</EndTime></TestCase><TestCase StartTime="11:03:20 PM" ModuleName="ODY_11184"><TestCaseName>ODY_11184</TestCaseName><Step Number="1"><LowLevelInfo><StepID>1</StepID><Description>Default screen is displaying after sign in the application</Description><StepExecutedTime>11:03:41 PM</StepExecutedTime><ScreenShot Name="N/A">N/A</ScreenShot><Result>PASS</Result></LowLevelInfo></Step><Step Number="2"><LowLevelInfo><StepID>2</StepID><Description>Close Question Set popup is showing on clicking Close Questionset Link</Description><StepExecutedTime>11:04:09 PM</StepExecutedTime><ScreenShot Name="N/A">N/A</ScreenShot><Result>PASS</Result></LowLevelInfo></Step><Step Number="3"><LowLevelInfo><StepID>3</StepID><Description>Error message is displayed if user try to close all the question sets</Description><StepExecutedTime>11:04:17 PM</StepExecutedTime><ScreenShot Name="N/A">N/A</ScreenShot><Result>PASS</Result></LowLevelInfo></Step><Step Number="4"><LowLevelInfo><StepID>4</StepID><Description>Remove response Backache from Other Symptoms is displaying</Description><StepExecutedTime>11:04:26 PM</StepExecutedTime><ScreenShot Name="N/A">N/A</ScreenShot><Result>PASS</Result></LowLevelInfo></Step><Step Number="5"><LowLevelInfo><StepID>5</StepID><Description>Default screen is displaying after sign in the application</Description><StepExecutedTime>11:04:31 PM</StepExecutedTime><ScreenShot Name="N/A">N/A</ScreenShot><Result>PASS</Result></LowLevelInfo></Step><Step Number="6"><LowLevelInfo><StepID>6</StepID><Description>Back pain Question set is  not displaying in the assessment screen after closing the question sett</Description><StepExecutedTime>11:04:42 PM</StepExecutedTime><ScreenShot Name="N/A">N/A</ScreenShot><Result>PASS</Result></LowLevelInfo></Step><TestCaseDescription>Validate that user is not allowed to close all the opened Question Sets of any assessment.</TestCaseDescription><Result>PASS</Result><EndTime>11:04:46 PM</EndTime></TestCase><TestCase StartTime="11:04:46 PM" ModuleName="ODY_11214"><TestCaseName>ODY_11214</TestCaseName><Step Number="1"><LowLevelInfo><StepID>1</StepID><Description>Assault question set opened on answering Concerns</Description><StepExecutedTime>11:05:30 PM</StepExecutedTime><ScreenShot Name="N/A">N/A</ScreenShot><Result>PASS</Result></LowLevelInfo></Step><Step Number="2"><LowLevelInfo><StepID>2</StepID><Description>Abrasion question set opened on answering Abrasion</Description><StepExecutedTime>11:05:35 PM</StepExecutedTime><ScreenShot Name="N/A">N/A</ScreenShot><Result>PASS</Result></LowLevelInfo></Step><Step Number="3"><LowLevelInfo><StepID>3</StepID><Description>Close Question Set popup is showing on clicking Close Questionset Link</Description><StepExecutedTime>11:05:38 PM</StepExecutedTime><ScreenShot Name="N/A">N/A</ScreenShot><Result>PASS</Result></LowLevelInfo></Step><Step Number="4"><LowLevelInfo><StepID>4</StepID><Description>Assault question set closed on removing question set</Description><StepExecutedTime>11:05:53 PM</StepExecutedTime><ScreenShot Name="N/A">N/A</ScreenShot><Result>PASS</Result></LowLevelInfo></Step><Step Number="5"><LowLevelInfo><StepID>5</StepID><Description>Abrasion question set closed on removing question set</Description><StepExecutedTime>11:05:54 PM</StepExecutedTime><ScreenShot Name="N/A">N/A</ScreenShot><Result>PASS</Result></LowLevelInfo></Step><Step Number="6"><LowLevelInfo><StepID>6</StepID><Description>Closure note for Assault question set is added under Notes section</Description><StepExecutedTime>11:05:55 PM</StepExecutedTime><ScreenShot Name="N/A">N/A</ScreenShot><Result>PASS</Result></LowLevelInfo></Step><Step Number="7"><LowLevelInfo><StepID>7</StepID><Description>Closure note for Abrasion question set is added under Notes section</Description><StepExecutedTime>11:05:57 PM</StepExecutedTime><ScreenShot Name="N/A">N/A</ScreenShot><Result>PASS</Result></LowLevelInfo></Step><Step Number="8"><LowLevelInfo><StepID>8</StepID><Description>Assault presenting complaint display in add question set</Description><StepExecutedTime>11:06:01 PM</StepExecutedTime><ScreenShot Name="N/A">N/A</ScreenShot><Result>PASS</Result></LowLevelInfo></Step><Step Number="9"><LowLevelInfo><StepID>9</StepID><Description>Assault question set opened after adding manually</Description><StepExecutedTime>11:06:04 PM</StepExecutedTime><ScreenShot Name="N/A">N/A</ScreenShot><Result>PASS</Result></LowLevelInfo></Step><Step Number="10"><LowLevelInfo><StepID>10</StepID><Description>Negative answer is set to question Child at risk? on selecting Yes to confirmation message</Description><StepExecutedTime>11:06:06 PM</StepExecutedTime><ScreenShot Name="N/A">N/A</ScreenShot><Result>PASS</Result></LowLevelInfo></Step><Step Number="11"><LowLevelInfo><StepID>11</StepID><Description>Abrasion remains selected for question Skin Injury on selecting No to confirmation message</Description><StepExecutedTime>11:06:12 PM</StepExecutedTime><ScreenShot Name="N/A">N/A</ScreenShot><Result>PASS</Result></LowLevelInfo></Step><Step Number="12"><LowLevelInfo><StepID>12</StepID><Description>Default screen is displaying completing assessment</Description><StepExecutedTime>11:06:24 PM</StepExecutedTime><ScreenShot Name="N/A">N/A</ScreenShot><Result>PASS</Result></LowLevelInfo></Step><TestCaseDescription>Validate that user is able to close multiple question set at a time and pop-up messages to appear in sequence.</TestCaseDescription><Result>PASS</Result><EndTime>11:06:27 PM</EndTime></TestCase><TestCase StartTime="11:06:27 PM" ModuleName="ODY_11215"><TestCaseName>ODY_11215</TestCaseName><Step Number="1"><LowLevelInfo><StepID>1</StepID><Description>Add note for Other wishes Place of death is displaying as title of additional note text box</Description><StepExecutedTime>11:07:10 PM</StepExecutedTime><ScreenShot Name="N/A">N/A</ScreenShot><Result>PASS</Result></LowLevelInfo></Step><Step Number="2"><LowLevelInfo><StepID>2</StepID><Description>By default Close Question Set button is disabled without selecting mandatory details</Description><StepExecutedTime>11:07:30 PM</StepExecutedTime><ScreenShot Name="N/A">N/A</ScreenShot><Result>PASS</Result></LowLevelInfo></Step><Step Number="3"><LowLevelInfo><StepID>3</StepID><Description>Close Question Set button remains disabled untill reason is selected</Description><StepExecutedTime>11:07:33 PM</StepExecutedTime><ScreenShot Name="N/A">N/A</ScreenShot><Result>PASS</Result></LowLevelInfo></Step><Step Number="4"><LowLevelInfo><StepID>4</StepID><Description>Remove response Thirst from Other Symptoms confirmation message is displaying</Description><StepExecutedTime>11:07:40 PM</StepExecutedTime><ScreenShot Name="N/A">N/A</ScreenShot><Result>PASS</Result></LowLevelInfo></Step><Step Number="5"><LowLevelInfo><StepID>5</StepID><Description>Thirst Question set is  not displaying in the assessment screen on selecting after closing the question set</Description><StepExecutedTime>11:07:42 PM</StepExecutedTime><ScreenShot Name="N/A">N/A</ScreenShot><Result>PASS</Result></LowLevelInfo></Step><Step Number="6"><LowLevelInfo><StepID>6</StepID><Description>Place of death (at native place) displaying with additional info for Other wishes in the right side of the screen</Description><StepExecutedTime>11:07:47 PM</StepExecutedTime><ScreenShot Name="N/A">N/A</ScreenShot><Result>PASS</Result></LowLevelInfo></Step><Step Number="7"><LowLevelInfo><StepID>7</StepID><Description>Thirst Question set is  not displaying in the assessment screen after returning back from triage screen</Description><StepExecutedTime>11:07:50 PM</StepExecutedTime><ScreenShot Name="N/A">N/A</ScreenShot><Result>PASS</Result></LowLevelInfo></Step><Step Number="8"><LowLevelInfo><StepID>8</StepID><Description>laser surgery is saved as response text in DB for completed assessment</Description><StepExecutedTime>11:07:50 PM</StepExecutedTime><ScreenShot Name="N/A">N/A</ScreenShot><Result>PASS</Result></LowLevelInfo></Step><Step Number="9"><LowLevelInfo><StepID>9</StepID><Description>Default screen is displaying completing assessment</Description><StepExecutedTime>11:08:01 PM</StepExecutedTime><ScreenShot Name="N/A">N/A</ScreenShot><Result>PASS</Result></LowLevelInfo></Step><TestCaseDescription>Validate that user is able to close multiple question set at a time and able to add it again if required.</TestCaseDescription><Result>PASS</Result><EndTime>11:08:05 PM</EndTime></TestCase><TestCase StartTime="11:08:05 PM" ModuleName="ODY_2096A"><TestCaseName>ODY_2096A</TestCaseName><Step Number="1"><LowLevelInfo><StepID>1</StepID><Description>Default screen is displaying after sign in the application</Description><StepExecutedTime>11:08:41 PM</StepExecutedTime><ScreenShot Name="N/A">N/A</ScreenShot><Result>PASS</Result></LowLevelInfo></Step><Step Number="2"><LowLevelInfo><StepID>2</StepID><Description>Relationship type is selected sucessfully</Description><StepExecutedTime>11:08:56 PM</StepExecutedTime><ScreenShot Name="N/A">N/A</ScreenShot><Result>PASS</Result></LowLevelInfo></Step><Step Number="3"><LowLevelInfo><StepID>3</StepID><Description>Default screen is displaying on completing assessment with additional caller details</Description><StepExecutedTime>11:09:22 PM</StepExecutedTime><ScreenShot Name="N/A">N/A</ScreenShot><Result>PASS</Result></LowLevelInfo></Step><TestCaseDescription>Test case to verify if Patient relationship is added in Admin and is reflected in all the roles.</TestCaseDescription><Result>PASS</Result><EndTime>11:09:26 PM</EndTime><EndExecutionTime>15/Feb/2023   11:09:26 PM</EndExecutionTime><TotalTimeTaken>00:38:05</TotalTimeTaken></TestCase></Root>
