<?xml-stylesheet type='text/xsl' href='DetailXmlReference/LogReport.xsl'?>
<Root><StartTime>16/Feb/2023   12:38:32 AM</StartTime><Browser>BROWSERNAME - Version: BrowserName</Browser><Module>SIGNPOSTSTANDALONEINPROCESS</Module><TestCase StartTime="12:38:32 AM" ModuleName="ODY_5566"><TestCaseName>ODY_5566</TestCaseName><Step Number="1"><LowLevelInfo><StepID>1</StepID><Description>Default screen is displaying after sign in the application</Description><StepExecutedTime>12:39:25 AM</StepExecutedTime><ScreenShot Name="N/A">N/A</ScreenShot><Result>PASS</Result></LowLevelInfo></Step><Step Number="2"><LowLevelInfo><StepID>2</StepID><Description>face to face assessment within 2 hours is displayed for assessment urgency in the Summary screen</Description><StepExecutedTime>12:39:59 AM</StepExecutedTime><ScreenShot Name="N/A">N/A</ScreenShot><Result>PASS</Result></LowLevelInfo></Step><Step Number="3"><LowLevelInfo><StepID>3</StepID><Description>Multiple signpost is shown and none of those are preselected in the Summary screen</Description><StepExecutedTime>12:40:00 AM</StepExecutedTime><ScreenShot Name="N/A">N/A</ScreenShot><Result>PASS</Result></LowLevelInfo></Step><Step Number="4"><LowLevelInfo><StepID>4</StepID><Description>ED is not displaying as preferred signpost with star icon in summary screen</Description><StepExecutedTime>12:40:01 AM</StepExecutedTime><ScreenShot Name="N/A">N/A</ScreenShot><Result>PASS</Result></LowLevelInfo></Step><Step Number="5"><LowLevelInfo><StepID>5</StepID><Description>Suitable for GP telephone assessment is displaying as preferred signpost with star icon in summary screen</Description><StepExecutedTime>12:40:02 AM</StepExecutedTime><ScreenShot Name="N/A">N/A</ScreenShot><Result>PASS</Result></LowLevelInfo></Step><Step Number="6"><LowLevelInfo><StepID>6</StepID><Description>Urgent care practitioner assessment is not displaying as preferred signpost with star icon in summary screen</Description><StepExecutedTime>12:40:04 AM</StepExecutedTime><ScreenShot Name="N/A">N/A</ScreenShot><Result>PASS</Result></LowLevelInfo></Step><Step Number="7"><LowLevelInfo><StepID>7</StepID><Description>Only one signpost Clinical Assessment Now is shown and preselected in the Summary screen</Description><StepExecutedTime>12:40:18 AM</StepExecutedTime><ScreenShot Name="N/A">N/A</ScreenShot><Result>PASS</Result></LowLevelInfo></Step><Step Number="8"><LowLevelInfo><StepID>8</StepID><Description>Suggested Sigpnost as Clinical Assessment Now is displaying in db</Description><StepExecutedTime>12:40:25 AM</StepExecutedTime><ScreenShot Name="N/A">N/A</ScreenShot><Result>PASS</Result></LowLevelInfo></Step><Step Number="9"><LowLevelInfo><StepID>9</StepID><Description>Selected Sigpnost as Clinical Assessment Now is displaying in db</Description><StepExecutedTime>12:40:25 AM</StepExecutedTime><ScreenShot Name="N/A">N/A</ScreenShot><Result>PASS</Result></LowLevelInfo></Step><TestCaseDescription>StandaloneClinician-Test case to validate the preselect signpost when a "Clinical assessment Now"  signpost is presented.</TestCaseDescription><Result>PASS</Result><EndTime>12:40:25 AM</EndTime></TestCase><TestCase StartTime="12:40:25 AM" ModuleName="ODY_5565"><TestCaseName>ODY_5565</TestCaseName><Step Number="1"><LowLevelInfo><StepID>1</StepID><Description>Default screen is displaying after sign in the application</Description><StepExecutedTime>12:40:43 AM</StepExecutedTime><ScreenShot Name="N/A">N/A</ScreenShot><Result>PASS</Result></LowLevelInfo></Step><Step Number="2"><LowLevelInfo><StepID>2</StepID><Description>Multiple signposts are displaying and none of them are preselected</Description><StepExecutedTime>12:41:09 AM</StepExecutedTime><ScreenShot Name="N/A">N/A</ScreenShot><Result>PASS</Result></LowLevelInfo></Step><Step Number="3"><LowLevelInfo><StepID>3</StepID><Description>Signposts : label is displayed for Clinician in the Summary screen after assessment review</Description><StepExecutedTime>12:41:24 AM</StepExecutedTime><ScreenShot Name="N/A">N/A</ScreenShot><Result>PASS</Result></LowLevelInfo></Step><Step Number="4"><LowLevelInfo><StepID>4</StepID><Description>Only one signpost Call Ambulance is shown and preselected in the Summary screen</Description><StepExecutedTime>12:41:25 AM</StepExecutedTime><ScreenShot Name="N/A">N/A</ScreenShot><Result>PASS</Result></LowLevelInfo></Step><Step Number="5"><LowLevelInfo><StepID>5</StepID><Description>Suggested Sigpnost as Call Ambulance(999) is displaying in db</Description><StepExecutedTime>12:41:27 AM</StepExecutedTime><ScreenShot Name="N/A">N/A</ScreenShot><Result>PASS</Result></LowLevelInfo></Step><Step Number="6"><LowLevelInfo><StepID>6</StepID><Description>Selected Sigpnost as Call Ambulance(999) is displaying in db</Description><StepExecutedTime>12:41:28 AM</StepExecutedTime><ScreenShot Name="N/A">N/A</ScreenShot><Result>PASS</Result></LowLevelInfo></Step><TestCaseDescription>StandaloneClinician-Test case to validate the preselect signpost when "Call Ambulance" signpost is presented.</TestCaseDescription><Result>PASS</Result><EndTime>12:41:32 AM</EndTime></TestCase><TestCase StartTime="12:41:32 AM" ModuleName="ODY_5564"><TestCaseName>ODY_5564</TestCaseName><Step Number="1"><LowLevelInfo><StepID>1</StepID><Description>Default screen is displaying after sign in the application</Description><StepExecutedTime>12:41:57 AM</StepExecutedTime><ScreenShot Name="N/A">N/A</ScreenShot><Result>PASS</Result></LowLevelInfo></Step><Step Number="2"><LowLevelInfo><StepID>2</StepID><Description>URL of all the PILS are correct and matched for the assessment</Description><StepExecutedTime>12:42:34 AM</StepExecutedTime><ScreenShot Name="N/A">N/A</ScreenShot><Result>PASS</Result></LowLevelInfo></Step><Step Number="3"><LowLevelInfo><StepID>3</StepID><Description>Signposts : label is displayed for Clinician in the Summary screen</Description><StepExecutedTime>12:42:36 AM</StepExecutedTime><ScreenShot Name="N/A">N/A</ScreenShot><Result>PASS</Result></LowLevelInfo></Step><Step Number="4"><LowLevelInfo><StepID>4</StepID><Description>Only one signpost Self care is shown and preselected in the Summary screen</Description><StepExecutedTime>12:42:37 AM</StepExecutedTime><ScreenShot Name="N/A">N/A</ScreenShot><Result>PASS</Result></LowLevelInfo></Step><Step Number="5"><LowLevelInfo><StepID>5</StepID><Description>Suggested Sigpnost as selfCare is displaying in db</Description><StepExecutedTime>12:42:40 AM</StepExecutedTime><ScreenShot Name="N/A">N/A</ScreenShot><Result>PASS</Result></LowLevelInfo></Step><Step Number="6"><LowLevelInfo><StepID>6</StepID><Description>Selected Sigpnost as selfCare is displaying in db</Description><StepExecutedTime>12:42:40 AM</StepExecutedTime><ScreenShot Name="N/A">N/A</ScreenShot><Result>PASS</Result></LowLevelInfo></Step><TestCaseDescription>StandaloneClinician-Test case to validate the preselect signpost when self care signpost is presented</TestCaseDescription><Result>PASS</Result><EndTime>12:42:45 AM</EndTime></TestCase><TestCase StartTime="12:42:45 AM" ModuleName="ODY_5745A"><TestCaseName>ODY_5745A</TestCaseName><Step Number="1"><LowLevelInfo><StepID>1</StepID><Description>face to face assessment within 6 hours is displaying as Urgency Selected in summary screen</Description><StepExecutedTime>12:43:48 AM</StepExecutedTime><ScreenShot Name="N/A">N/A</ScreenShot><Result>PASS</Result></LowLevelInfo></Step><Step Number="2"><LowLevelInfo><StepID>2</StepID><Description>Suitable for GP telephone assessment is displaying as preferred signpost with star icon in summary screen</Description><StepExecutedTime>12:43:49 AM</StepExecutedTime><ScreenShot Name="N/A">N/A</ScreenShot><Result>PASS</Result></LowLevelInfo></Step><Step Number="3"><LowLevelInfo><StepID>3</StepID><Description>Suitable for ANP f2f is not displaying as preferred signpost with star icon in summary screen</Description><StepExecutedTime>12:43:50 AM</StepExecutedTime><ScreenShot Name="N/A">N/A</ScreenShot><Result>PASS</Result></LowLevelInfo></Step><Step Number="4"><LowLevelInfo><StepID>4</StepID><Description>Signpost Suitable for ANP f2f is highlighted on click in summary screen</Description><StepExecutedTime>12:43:53 AM</StepExecutedTime><ScreenShot Name="N/A">N/A</ScreenShot><Result>PASS</Result></LowLevelInfo></Step><Step Number="5"><LowLevelInfo><StepID>5</StepID><Description>Preferred signpost ED is highlighted on click in summary screen</Description><StepExecutedTime>12:43:55 AM</StepExecutedTime><ScreenShot Name="N/A">N/A</ScreenShot><Result>PASS</Result></LowLevelInfo></Step><Step Number="6"><LowLevelInfo><StepID>6</StepID><Description>List of Suggested Sigpnost are displaying in db</Description><StepExecutedTime>12:43:58 AM</StepExecutedTime><ScreenShot Name="N/A">N/A</ScreenShot><Result>PASS</Result></LowLevelInfo></Step><Step Number="7"><LowLevelInfo><StepID>7</StepID><Description>Selected Sigpnost as ED is displaying in db</Description><StepExecutedTime>12:43:58 AM</StepExecutedTime><ScreenShot Name="N/A">N/A</ScreenShot><Result>PASS</Result></LowLevelInfo></Step><Step Number="8"><LowLevelInfo><StepID>8</StepID><Description>Assessment has been completed on clicking complete button</Description><StepExecutedTime>12:43:59 AM</StepExecutedTime><ScreenShot Name="N/A">N/A</ScreenShot><Result>PASS</Result></LowLevelInfo></Step><TestCaseDescription>StandaloneClinician-To check that preferred signposts are shown with star icon in Summary screen.</TestCaseDescription><Result>PASS</Result><EndTime>12:44:03 AM</EndTime></TestCase><TestCase StartTime="12:44:03 AM" ModuleName="ODY_877"><TestCaseName>ODY_877</TestCaseName><Step Number="1"><LowLevelInfo><StepID>1</StepID><Description>Close assessment layout is displaying on clicking the close assessment link on assessment screen</Description><StepExecutedTime>12:44:46 AM</StepExecutedTime><ScreenShot Name="N/A">N/A</ScreenShot><Result>PASS</Result></LowLevelInfo></Step><Step Number="2"><LowLevelInfo><StepID>2</StepID><Description>Close Assessment button is disable before selecting the reason for closing the assessment</Description><StepExecutedTime>12:44:47 AM</StepExecutedTime><ScreenShot Name="N/A">N/A</ScreenShot><Result>PASS</Result></LowLevelInfo></Step><Step Number="3"><LowLevelInfo><StepID>3</StepID><Description>Hoax option in available in Reason for close assessment Combobox</Description><StepExecutedTime>12:44:49 AM</StepExecutedTime><ScreenShot Name="N/A">N/A</ScreenShot><Result>PASS</Result></LowLevelInfo></Step><Step Number="4"><LowLevelInfo><StepID>4</StepID><Description>Hangup option in available in Reason for close assessment Combobox</Description><StepExecutedTime>12:44:50 AM</StepExecutedTime><ScreenShot Name="N/A">N/A</ScreenShot><Result>PASS</Result></LowLevelInfo></Step><Step Number="5"><LowLevelInfo><StepID>5</StepID><Description>Other option in available in Reason for close assessment Combobox</Description><StepExecutedTime>12:44:52 AM</StepExecutedTime><ScreenShot Name="N/A">N/A</ScreenShot><Result>PASS</Result></LowLevelInfo></Step><Step Number="6"><LowLevelInfo><StepID>6</StepID><Description>Return to Asssessment button is enable in the Close assessment layout</Description><StepExecutedTime>12:44:53 AM</StepExecutedTime><ScreenShot Name="N/A">N/A</ScreenShot><Result>PASS</Result></LowLevelInfo></Step><Step Number="7"><LowLevelInfo><StepID>7</StepID><Description>Close Assessment button is enable after selecting the reason for closing the assessment</Description><StepExecutedTime>12:44:54 AM</StepExecutedTime><ScreenShot Name="N/A">N/A</ScreenShot><Result>PASS</Result></LowLevelInfo></Step><Step Number="8"><LowLevelInfo><StepID>8</StepID><Description>Reson Text box is not enable since Other option is not selected as Reason for closing the assessment</Description><StepExecutedTime>12:44:55 AM</StepExecutedTime><ScreenShot Name="N/A">N/A</ScreenShot><Result>PASS</Result></LowLevelInfo></Step><Step Number="9"><LowLevelInfo><StepID>9</StepID><Description>Hoax option in available in Reason for close assessment Combobox</Description><StepExecutedTime>12:44:57 AM</StepExecutedTime><ScreenShot Name="N/A">N/A</ScreenShot><Result>PASS</Result></LowLevelInfo></Step><Step Number="10"><LowLevelInfo><StepID>10</StepID><Description>Reson Text box is enable since Other option is selected as Reason for closing the assessment</Description><StepExecutedTime>12:44:58 AM</StepExecutedTime><ScreenShot Name="N/A">N/A</ScreenShot><Result>PASS</Result></LowLevelInfo></Step><Step Number="11"><LowLevelInfo><StepID>11</StepID><Description>Other option in available in Reason for close assessment Combobox</Description><StepExecutedTime>12:45:00 AM</StepExecutedTime><ScreenShot Name="N/A">N/A</ScreenShot><Result>PASS</Result></LowLevelInfo></Step><Step Number="12"><LowLevelInfo><StepID>12</StepID><Description>Close Assessment layout is closed when Resurn to Assessment button clicked</Description><StepExecutedTime>12:45:02 AM</StepExecutedTime><ScreenShot Name="N/A">N/A</ScreenShot><Result>PASS</Result></LowLevelInfo></Step><Step Number="13"><LowLevelInfo><StepID>13</StepID><Description>Other option in available in Reason for close assessment Combobox</Description><StepExecutedTime>12:45:05 AM</StepExecutedTime><ScreenShot Name="N/A">N/A</ScreenShot><Result>PASS</Result></LowLevelInfo></Step><Step Number="14"><LowLevelInfo><StepID>14</StepID><Description>Summary screen is displaying on clicking Close assessment Button</Description><StepExecutedTime>12:45:08 AM</StepExecutedTime><ScreenShot Name="N/A">N/A</ScreenShot><Result>PASS</Result></LowLevelInfo></Step><Step Number="15"><LowLevelInfo><StepID>15</StepID><Description>Closed: Hoxed is displaying in the patient OutCome</Description><StepExecutedTime>12:45:10 AM</StepExecutedTime><ScreenShot Name="N/A">N/A</ScreenShot><Result>PASS</Result></LowLevelInfo></Step><Step Number="16"><LowLevelInfo><StepID>16</StepID><Description>Default screen is displaying on clicking Complete button in Summary screen</Description><StepExecutedTime>12:45:13 AM</StepExecutedTime><ScreenShot Name="N/A">N/A</ScreenShot><Result>PASS</Result></LowLevelInfo></Step><Step Number="17"><LowLevelInfo><StepID>17</StepID><Description>Self care is not saved in DB for as selected signpost for the assessment closed abruptly</Description><StepExecutedTime>12:45:17 AM</StepExecutedTime><ScreenShot Name="N/A">N/A</ScreenShot><Result>PASS</Result></LowLevelInfo></Step><TestCaseDescription>StandaloneClinician-To Check close Assessment option available on the LHS of the Assessment screen</TestCaseDescription><Result>PASS</Result><EndTime>12:45:17 AM</EndTime></TestCase><TestCase StartTime="12:45:17 AM" ModuleName="ODY_9893A"><TestCaseName>ODY_9893A</TestCaseName><Step Number="1"><LowLevelInfo><StepID>1</StepID><Description>IMLT message displayed on selecting high urgency answer</Description><StepExecutedTime>12:45:56 AM</StepExecutedTime><ScreenShot Name="N/A">N/A</ScreenShot><Result>PASS</Result></LowLevelInfo></Step><Step Number="2"><LowLevelInfo><StepID>2</StepID><Description>Audit for AmbulanceWarning with description as We suggest that an Ambulance is sent for the patient : User Selected - Continue is logged</Description><StepExecutedTime>12:45:58 AM</StepExecutedTime><ScreenShot Name="N/A">N/A</ScreenShot><Result>PASS</Result></LowLevelInfo></Step><Step Number="3"><LowLevelInfo><StepID>3</StepID><Description>Recommend Emergency Ambulance message displayed as bannertext in triage screen</Description><StepExecutedTime>12:46:10 AM</StepExecutedTime><ScreenShot Name="N/A">N/A</ScreenShot><Result>PASS</Result></LowLevelInfo></Step><Step Number="4"><LowLevelInfo><StepID>4</StepID><Description>Recommend Emergency is suggested by odyssey in triage screen</Description><StepExecutedTime>12:46:12 AM</StepExecutedTime><ScreenShot Name="N/A">N/A</ScreenShot><Result>PASS</Result></LowLevelInfo></Step><Step Number="5"><LowLevelInfo><StepID>5</StepID><Description>Emergency Ambulance is selected urgency by clinician in shown Summary screen</Description><StepExecutedTime>12:46:17 AM</StepExecutedTime><ScreenShot Name="N/A">N/A</ScreenShot><Result>PASS</Result></LowLevelInfo></Step><Step Number="6"><LowLevelInfo><StepID>6</StepID><Description>Only one signpost Call Ambulance(999) is shown and preselected in the Summary screen</Description><StepExecutedTime>12:46:18 AM</StepExecutedTime><ScreenShot Name="N/A">N/A</ScreenShot><Result>PASS</Result></LowLevelInfo></Step><Step Number="7"><LowLevelInfo><StepID>7</StepID><Description>Assessment has been completed on clicking complete button</Description><StepExecutedTime>12:46:22 AM</StepExecutedTime><ScreenShot Name="N/A">N/A</ScreenShot><Result>PASS</Result></LowLevelInfo></Step><Step Number="8"><LowLevelInfo><StepID>8</StepID><Description>EMER is the urgency code saved against the Assessment completed with IMLT</Description><StepExecutedTime>12:46:26 AM</StepExecutedTime><ScreenShot Name="N/A">N/A</ScreenShot><Result>PASS</Result></LowLevelInfo></Step><Step Number="9"><LowLevelInfo><StepID>9</StepID><Description>Suggested Sigpnost as Call Ambulance(999) is displaying in db</Description><StepExecutedTime>12:46:26 AM</StepExecutedTime><ScreenShot Name="N/A">N/A</ScreenShot><Result>PASS</Result></LowLevelInfo></Step><Step Number="10"><LowLevelInfo><StepID>10</StepID><Description>Selected Sigpnost as Call Ambulance(999) is displaying in db</Description><StepExecutedTime>12:46:26 AM</StepExecutedTime><ScreenShot Name="N/A">N/A</ScreenShot><Result>PASS</Result></LowLevelInfo></Step><TestCaseDescription>StandaloneClinician-Test case to display relevant IMLT message for Clinician based on the number of the call disposals</TestCaseDescription><Result>PASS</Result><EndTime>12:46:26 AM</EndTime></TestCase><TestCase StartTime="12:46:26 AM" ModuleName="ODY_9892A"><TestCaseName>ODY_9892A</TestCaseName><Step Number="1"><LowLevelInfo><StepID>1</StepID><Description>EMER message displayed on selecting high urgency answer</Description><StepExecutedTime>12:47:05 AM</StepExecutedTime><ScreenShot Name="N/A">N/A</ScreenShot><Result>PASS</Result></LowLevelInfo></Step><Step Number="2"><LowLevelInfo><StepID>2</StepID><Description>Audit for AmbulanceWarning with description as We suggest that an Ambulance is sent for the patient : User Selected - Continue is logged</Description><StepExecutedTime>12:47:07 AM</StepExecutedTime><ScreenShot Name="N/A">N/A</ScreenShot><Result>PASS</Result></LowLevelInfo></Step><Step Number="3"><LowLevelInfo><StepID>3</StepID><Description>Recommend Emergency Ambulance message displayed as bannertext in triage screen</Description><StepExecutedTime>12:47:18 AM</StepExecutedTime><ScreenShot Name="N/A">N/A</ScreenShot><Result>PASS</Result></LowLevelInfo></Step><Step Number="4"><LowLevelInfo><StepID>4</StepID><Description>Recommend Emergency is suggested by odyssey in triage screen</Description><StepExecutedTime>12:47:19 AM</StepExecutedTime><ScreenShot Name="N/A">N/A</ScreenShot><Result>PASS</Result></LowLevelInfo></Step><Step Number="5"><LowLevelInfo><StepID>5</StepID><Description>Emergency Ambulance is selected urgency by clinician in shown Summary screen</Description><StepExecutedTime>12:47:23 AM</StepExecutedTime><ScreenShot Name="N/A">N/A</ScreenShot><Result>PASS</Result></LowLevelInfo></Step><Step Number="6"><LowLevelInfo><StepID>6</StepID><Description>Only one signpost Call Ambulance(999) is shown and preselected in the Summary screen</Description><StepExecutedTime>12:47:24 AM</StepExecutedTime><ScreenShot Name="N/A">N/A</ScreenShot><Result>PASS</Result></LowLevelInfo></Step><Step Number="7"><LowLevelInfo><StepID>7</StepID><Description>Assessment has been completed on clicking complete button</Description><StepExecutedTime>12:47:28 AM</StepExecutedTime><ScreenShot Name="N/A">N/A</ScreenShot><Result>PASS</Result></LowLevelInfo></Step><Step Number="8"><LowLevelInfo><StepID>8</StepID><Description>EMER is the urgency code saved against the Assessment completed with IMLT</Description><StepExecutedTime>12:47:32 AM</StepExecutedTime><ScreenShot Name="N/A">N/A</ScreenShot><Result>PASS</Result></LowLevelInfo></Step><Step Number="9"><LowLevelInfo><StepID>9</StepID><Description>Suggested Sigpnost as Call Ambulance(999) is displaying in db</Description><StepExecutedTime>12:47:32 AM</StepExecutedTime><ScreenShot Name="N/A">N/A</ScreenShot><Result>PASS</Result></LowLevelInfo></Step><Step Number="10"><LowLevelInfo><StepID>10</StepID><Description>Selected Sigpnost as Call Ambulance(999) is displaying in db</Description><StepExecutedTime>12:47:32 AM</StepExecutedTime><ScreenShot Name="N/A">N/A</ScreenShot><Result>PASS</Result></LowLevelInfo></Step><TestCaseDescription>StandaloneClinician-Test case to display relevant EMER message for Clinician based on the number of the call disposals</TestCaseDescription><Result>PASS</Result><EndTime>12:47:32 AM</EndTime></TestCase><TestCase StartTime="12:47:32 AM" ModuleName="ODY_11562"><TestCaseName>ODY_11562</TestCaseName><Step Number="1"><LowLevelInfo><StepID>1</StepID><Description>Default screen is displaying on completing 1st assessment with Self Care</Description><StepExecutedTime>12:48:48 AM</StepExecutedTime><ScreenShot Name="N/A">N/A</ScreenShot><Result>PASS</Result></LowLevelInfo></Step><Step Number="2"><LowLevelInfo><StepID>2</StepID><Description>Default screen is displaying on completing 2nd assessment with Routine</Description><StepExecutedTime>12:49:16 AM</StepExecutedTime><ScreenShot Name="N/A">N/A</ScreenShot><Result>PASS</Result></LowLevelInfo></Step><Step Number="3"><LowLevelInfo><StepID>3</StepID><Description>RuleofThree icon is displaying for the third assessment in Presenting Complaint screen</Description><StepExecutedTime>12:49:23 AM</StepExecutedTime><ScreenShot Name="N/A">N/A</ScreenShot><Result>PASS</Result></LowLevelInfo></Step><Step Number="4"><LowLevelInfo><StepID>4</StepID><Description>RuleofThree icon is displaying for the third assessment in Assessment screen</Description><StepExecutedTime>12:49:32 AM</StepExecutedTime><ScreenShot Name="N/A">N/A</ScreenShot><Result>PASS</Result></LowLevelInfo></Step><Step Number="5"><LowLevelInfo><StepID>5</StepID><Description>RuleofThree icon is displaying for the third assessment in Triage screen</Description><StepExecutedTime>12:49:41 AM</StepExecutedTime><ScreenShot Name="N/A">N/A</ScreenShot><Result>PASS</Result></LowLevelInfo></Step><Step Number="6"><LowLevelInfo><StepID>6</StepID><Description>Urgency of the assessment is bumped up for RuleofThree from Routine to Recommended within 24 hrs.</Description><StepExecutedTime>12:49:43 AM</StepExecutedTime><ScreenShot Name="N/A">N/A</ScreenShot><Result>PASS</Result></LowLevelInfo></Step><Step Number="7"><LowLevelInfo><StepID>7</StepID><Description>RuleofThree icon is displaying for the third assessment in Summary screen</Description><StepExecutedTime>12:49:47 AM</StepExecutedTime><ScreenShot Name="N/A">N/A</ScreenShot><Result>PASS</Result></LowLevelInfo></Step><Step Number="8"><LowLevelInfo><StepID>8</StepID><Description>Urgency of the assessment is bumped up for RuleofThree from Routine to Recommended within 24 hrs.</Description><StepExecutedTime>12:49:49 AM</StepExecutedTime><ScreenShot Name="N/A">N/A</ScreenShot><Result>PASS</Result></LowLevelInfo></Step><Step Number="9"><LowLevelInfo><StepID>9</StepID><Description>Default screen is displaying on completing 3rd assessment with ROT urgency</Description><StepExecutedTime>12:49:53 AM</StepExecutedTime><ScreenShot Name="N/A">N/A</ScreenShot><Result>PASS</Result></LowLevelInfo></Step><TestCaseDescription>StandaloneClinician-Verify rule of three functionality for clinician when signpost is configured.</TestCaseDescription><Result>PASS</Result><EndTime>12:49:57 AM</EndTime></TestCase><TestCase StartTime="12:49:57 AM" ModuleName="ODY_5745B"><TestCaseName>ODY_5745B</TestCaseName><Step Number="1"><LowLevelInfo><StepID>1</StepID><Description>Self Care signpost is displaying and preselected in summary screen</Description><StepExecutedTime>12:51:22 AM</StepExecutedTime><ScreenShot Name="N/A">N/A</ScreenShot><Result>PASS</Result></LowLevelInfo></Step><Step Number="2"><LowLevelInfo><StepID>2</StepID><Description>Variance popup box is displaying with the water mark on changing the Action Selected</Description><StepExecutedTime>12:51:25 AM</StepExecutedTime><ScreenShot Name="N/A">N/A</ScreenShot><Result>PASS</Result></LowLevelInfo></Step><Step Number="3"><LowLevelInfo><StepID>3</StepID><Description>After urgency change none of the signpost is preselected in summary screen</Description><StepExecutedTime>12:51:29 AM</StepExecutedTime><ScreenShot Name="N/A">N/A</ScreenShot><Result>PASS</Result></LowLevelInfo></Step><Step Number="4"><LowLevelInfo><StepID>4</StepID><Description>GP Assessment is displaying as preferred signpost with star icon in summary screen</Description><StepExecutedTime>12:51:30 AM</StepExecutedTime><ScreenShot Name="N/A">N/A</ScreenShot><Result>PASS</Result></LowLevelInfo></Step><Step Number="5"><LowLevelInfo><StepID>5</StepID><Description>Urgent care practitioner assessment is displaying as preferred signpost with star icon in summary screen</Description><StepExecutedTime>12:51:31 AM</StepExecutedTime><ScreenShot Name="N/A">N/A</ScreenShot><Result>PASS</Result></LowLevelInfo></Step><Step Number="6"><LowLevelInfo><StepID>6</StepID><Description>Preferred signpost GP Assessment is highlighted on click in summary screen</Description><StepExecutedTime>12:51:33 AM</StepExecutedTime><ScreenShot Name="N/A">N/A</ScreenShot><Result>PASS</Result></LowLevelInfo></Step><Step Number="7"><LowLevelInfo><StepID>7</StepID><Description>Signpost Urgent care practitioner assessment is highlighted on click in summary screen</Description><StepExecutedTime>12:51:35 AM</StepExecutedTime><ScreenShot Name="N/A">N/A</ScreenShot><Result>PASS</Result></LowLevelInfo></Step><Step Number="8"><LowLevelInfo><StepID>8</StepID><Description>Preferred signpost GP Assessment is highlighted again on click in summary screen</Description><StepExecutedTime>12:51:38 AM</StepExecutedTime><ScreenShot Name="N/A">N/A</ScreenShot><Result>PASS</Result></LowLevelInfo></Step><Step Number="9"><LowLevelInfo><StepID>9</StepID><Description>After urgency change none of the signpost is preselected in summary screen</Description><StepExecutedTime>12:51:44 AM</StepExecutedTime><ScreenShot Name="N/A">N/A</ScreenShot><Result>PASS</Result></LowLevelInfo></Step><Step Number="10"><LowLevelInfo><StepID>10</StepID><Description>GP Assessment is displaying as preferred signpost with star icon in summary screen</Description><StepExecutedTime>12:51:45 AM</StepExecutedTime><ScreenShot Name="N/A">N/A</ScreenShot><Result>PASS</Result></LowLevelInfo></Step><Step Number="11"><LowLevelInfo><StepID>11</StepID><Description>Urgent care practitioner assessment is displaying as preferred signpost with star icon in summary screen</Description><StepExecutedTime>12:51:46 AM</StepExecutedTime><ScreenShot Name="N/A">N/A</ScreenShot><Result>PASS</Result></LowLevelInfo></Step><Step Number="12"><LowLevelInfo><StepID>12</StepID><Description>Signpost Urgent care practitioner assessment is highlighted on click in summary screen</Description><StepExecutedTime>12:51:48 AM</StepExecutedTime><ScreenShot Name="N/A">N/A</ScreenShot><Result>PASS</Result></LowLevelInfo></Step><Step Number="13"><LowLevelInfo><StepID>13</StepID><Description>Assessment has been completed on clicking Pass to Clinician button</Description><StepExecutedTime>12:52:03 AM</StepExecutedTime><ScreenShot Name="N/A">N/A</ScreenShot><Result>PASS</Result></LowLevelInfo></Step><TestCaseDescription>StandaloneCallHandler-To check that preferred signposts are shown with star icon in Summary screen.</TestCaseDescription><Result>PASS</Result><EndTime>12:52:07 AM</EndTime></TestCase><TestCase StartTime="12:52:08 AM" ModuleName="ODY_5517"><TestCaseName>ODY_5517</TestCaseName><Step Number="1"><LowLevelInfo><StepID>1</StepID><Description>Recommended transferring this call to a clinician now message box is displaying</Description><StepExecutedTime>12:53:18 AM</StepExecutedTime><ScreenShot Name="N/A">N/A</ScreenShot><Result>PASS</Result></LowLevelInfo></Step><Step Number="2"><LowLevelInfo><StepID>2</StepID><Description>CareAdvice Overlay is displaying on click of Continue</Description><StepExecutedTime>12:53:21 AM</StepExecutedTime><ScreenShot Name="N/A">N/A</ScreenShot><Result>PASS</Result></LowLevelInfo></Step><Step Number="3"><LowLevelInfo><StepID>3</StepID><Description>Signposts  label is displayed for CallHandler in the 2nd assessment screen</Description><StepExecutedTime>12:53:23 AM</StepExecutedTime><ScreenShot Name="N/A">N/A</ScreenShot><Result>PASS</Result></LowLevelInfo></Step><Step Number="4"><LowLevelInfo><StepID>4</StepID><Description>Only one signpost Clinical Assessment Now is shown and preselected in the Summary screen</Description><StepExecutedTime>12:53:24 AM</StepExecutedTime><ScreenShot Name="N/A">N/A</ScreenShot><Result>PASS</Result></LowLevelInfo></Step><Step Number="5"><LowLevelInfo><StepID>5</StepID><Description>Clinical Assessment Now is selected and stored in database</Description><StepExecutedTime>12:53:33 AM</StepExecutedTime><ScreenShot Name="N/A">N/A</ScreenShot><Result>PASS</Result></LowLevelInfo></Step><Step Number="6"><LowLevelInfo><StepID>6</StepID><Description>Clinical Assessment Now is a suggested signpost and stored in database</Description><StepExecutedTime>12:53:33 AM</StepExecutedTime><ScreenShot Name="N/A">N/A</ScreenShot><Result>PASS</Result></LowLevelInfo></Step><TestCaseDescription>StandaloneCallHandler-Test case to validate the preselect signpost when a "Clinical assessment Now"  signpost is presented.</TestCaseDescription><Result>PASS</Result><EndTime>12:53:37 AM</EndTime></TestCase><TestCase StartTime="12:53:37 AM" ModuleName="ODY_5519"><TestCaseName>ODY_5519</TestCaseName><Step Number="1"><LowLevelInfo><StepID>1</StepID><Description>Suggested Urgency: label is displayed for CallHandler in the Summary screen</Description><StepExecutedTime>12:54:58 AM</StepExecutedTime><ScreenShot Name="N/A">N/A</ScreenShot><Result>PASS</Result></LowLevelInfo></Step><Step Number="2"><LowLevelInfo><StepID>2</StepID><Description>Selected Urgency: label is displayed for CallHandler in the Summary screen</Description><StepExecutedTime>12:55:00 AM</StepExecutedTime><ScreenShot Name="N/A">N/A</ScreenShot><Result>PASS</Result></LowLevelInfo></Step><Step Number="3"><LowLevelInfo><StepID>3</StepID><Description>Signposts : label is displayed for CallHandler in the Summary screen</Description><StepExecutedTime>12:55:10 AM</StepExecutedTime><ScreenShot Name="N/A">N/A</ScreenShot><Result>PASS</Result></LowLevelInfo></Step><Step Number="4"><LowLevelInfo><StepID>4</StepID><Description>Only one signpost Self care is shown and preselected in the Summary screen</Description><StepExecutedTime>12:55:11 AM</StepExecutedTime><ScreenShot Name="N/A">N/A</ScreenShot><Result>PASS</Result></LowLevelInfo></Step><Step Number="5"><LowLevelInfo><StepID>5</StepID><Description>Self Care is selected and stored in database</Description><StepExecutedTime>12:55:16 AM</StepExecutedTime><ScreenShot Name="N/A">N/A</ScreenShot><Result>PASS</Result></LowLevelInfo></Step><Step Number="6"><LowLevelInfo><StepID>6</StepID><Description>Self Care is a suggested signpost and stored in database</Description><StepExecutedTime>12:55:16 AM</StepExecutedTime><ScreenShot Name="N/A">N/A</ScreenShot><Result>PASS</Result></LowLevelInfo></Step><TestCaseDescription>StandaloneCallHandler-Test case to validate the preselect signpost when self care signpost is presented.</TestCaseDescription><Result>PASS</Result><EndTime>12:55:20 AM</EndTime></TestCase><TestCase StartTime="12:55:20 AM" ModuleName="ODY_5516"><TestCaseName>ODY_5516</TestCaseName><Step Number="1"><LowLevelInfo><StepID>1</StepID><Description>Recommend transferring this call to a clinician now popup message displaying on selecting emergency ans in the first screen</Description><StepExecutedTime>12:56:04 AM</StepExecutedTime><ScreenShot Name="N/A">N/A</ScreenShot><Result>PASS</Result></LowLevelInfo></Step><Step Number="2"><LowLevelInfo><StepID>2</StepID><Description>CareAdvice Overlay is displaying on click of Continue</Description><StepExecutedTime>12:56:07 AM</StepExecutedTime><ScreenShot Name="N/A">N/A</ScreenShot><Result>PASS</Result></LowLevelInfo></Step><Step Number="3"><LowLevelInfo><StepID>3</StepID><Description>Signposts : label is displayed for CallHandler in the Summary screen</Description><StepExecutedTime>12:56:09 AM</StepExecutedTime><ScreenShot Name="N/A">N/A</ScreenShot><Result>PASS</Result></LowLevelInfo></Step><Step Number="4"><LowLevelInfo><StepID>4</StepID><Description>Only one signpost Call Ambulance is shown and preselected in the assessment screen</Description><StepExecutedTime>12:56:10 AM</StepExecutedTime><ScreenShot Name="N/A">N/A</ScreenShot><Result>PASS</Result></LowLevelInfo></Step><Step Number="5"><LowLevelInfo><StepID>5</StepID><Description>Call Ambulance is selected and stored in database</Description><StepExecutedTime>12:56:20 AM</StepExecutedTime><ScreenShot Name="N/A">N/A</ScreenShot><Result>PASS</Result></LowLevelInfo></Step><Step Number="6"><LowLevelInfo><StepID>6</StepID><Description>Call Ambulance is a suggested signpost and stored in database</Description><StepExecutedTime>12:56:20 AM</StepExecutedTime><ScreenShot Name="N/A">N/A</ScreenShot><Result>PASS</Result></LowLevelInfo></Step><TestCaseDescription>StandaloneCallHandler-Test case to validate the preselect signpost when "Call Amblualnce "signpost is presented.</TestCaseDescription><Result>PASS</Result><EndTime>12:56:25 AM</EndTime></TestCase><TestCase StartTime="12:56:25 AM" ModuleName="ODY_5708"><TestCaseName>ODY_5708</TestCaseName><Step Number="1"><LowLevelInfo><StepID>1</StepID><Description>Recommended transferring this call to a clinician now message box is displaying</Description><StepExecutedTime>12:57:41 AM</StepExecutedTime><ScreenShot Name="N/A">N/A</ScreenShot><Result>PASS</Result></LowLevelInfo></Step><Step Number="2"><LowLevelInfo><StepID>2</StepID><Description>CareAdvice Overlay is displaying on click of Continue</Description><StepExecutedTime>12:57:44 AM</StepExecutedTime><ScreenShot Name="N/A">N/A</ScreenShot><Result>PASS</Result></LowLevelInfo></Step><Step Number="3"><LowLevelInfo><StepID>3</StepID><Description>Signposts : label is displayed for CallHandler in the 2nd assessment screen</Description><StepExecutedTime>12:57:46 AM</StepExecutedTime><ScreenShot Name="N/A">N/A</ScreenShot><Result>PASS</Result></LowLevelInfo></Step><Step Number="4"><LowLevelInfo><StepID>4</StepID><Description>Only one signpost Clinical Assessment Now is shown and preselected in the Summary screen</Description><StepExecutedTime>12:57:47 AM</StepExecutedTime><ScreenShot Name="N/A">N/A</ScreenShot><Result>PASS</Result></LowLevelInfo></Step><Step Number="5"><LowLevelInfo><StepID>5</StepID><Description>Clinical Assessment Now is selected and stored in database</Description><StepExecutedTime>12:57:58 AM</StepExecutedTime><ScreenShot Name="N/A">N/A</ScreenShot><Result>PASS</Result></LowLevelInfo></Step><Step Number="6"><LowLevelInfo><StepID>6</StepID><Description>Clinical Assessment Now is a suggested signpost and stored in database</Description><StepExecutedTime>12:57:58 AM</StepExecutedTime><ScreenShot Name="N/A">N/A</ScreenShot><Result>PASS</Result></LowLevelInfo></Step><Step Number="7"><LowLevelInfo><StepID>7</StepID><Description>Summary screen is displaying on clicking Continue to summary screen</Description><StepExecutedTime>12:58:25 AM</StepExecutedTime><ScreenShot Name="N/A">N/A</ScreenShot><Result>PASS</Result></LowLevelInfo></Step><Step Number="8"><LowLevelInfo><StepID>8</StepID><Description>Overridden signpost Practice nurse is displaying as preferred signpost with star icon in summary screen</Description><StepExecutedTime>12:58:26 AM</StepExecutedTime><ScreenShot Name="N/A">N/A</ScreenShot><Result>PASS</Result></LowLevelInfo></Step><Step Number="9"><LowLevelInfo><StepID>9</StepID><Description>MIU is selected and stored in database</Description><StepExecutedTime>12:58:31 AM</StepExecutedTime><ScreenShot Name="N/A">N/A</ScreenShot><Result>PASS</Result></LowLevelInfo></Step><Step Number="10"><LowLevelInfo><StepID>10</StepID><Description>List of suggested signpost stored with aliased sign post as Health Assessment in database</Description><StepExecutedTime>12:58:31 AM</StepExecutedTime><ScreenShot Name="N/A">N/A</ScreenShot><Result>PASS</Result></LowLevelInfo></Step><Step Number="11"><LowLevelInfo><StepID>11</StepID><Description>Patient has been picked up from queue and completed the assessment</Description><StepExecutedTime>12:58:32 AM</StepExecutedTime><ScreenShot Name="N/A">N/A</ScreenShot><Result>PASS</Result></LowLevelInfo></Step><TestCaseDescription>StandaloneCallHandler-Test case for Record all signposts that were presented to the user in call handler when we click on pass to clinician and pick up the same assessment</TestCaseDescription><Result>PASS</Result><EndTime>12:58:36 AM</EndTime></TestCase><TestCase StartTime="12:58:36 AM" ModuleName="ODY_5539A"><TestCaseName>ODY_5539A</TestCaseName><Step Number="1"><LowLevelInfo><StepID>1</StepID><Description>Minor injury unit signpost is overridden by Practice nurse displayed under Signposting grid</Description><StepExecutedTime>12:58:56 AM</StepExecutedTime><ScreenShot Name="N/A">N/A</ScreenShot><Result>PASS</Result></LowLevelInfo></Step><Step Number="2"><LowLevelInfo><StepID>2</StepID><Description>Overridden signpost Practice nurse is displaying as preferred signpost with star icon in summary screen</Description><StepExecutedTime>1:00:03 AM</StepExecutedTime><ScreenShot Name="N/A">N/A</ScreenShot><Result>PASS</Result></LowLevelInfo></Step><Step Number="3"><LowLevelInfo><StepID>3</StepID><Description>default screen is displaying on passing assessment</Description><StepExecutedTime>1:00:18 AM</StepExecutedTime><ScreenShot Name="N/A">N/A</ScreenShot><Result>PASS</Result></LowLevelInfo></Step><Step Number="4"><LowLevelInfo><StepID>4</StepID><Description>Practice nurse is selected and stored in database</Description><StepExecutedTime>1:00:22 AM</StepExecutedTime><ScreenShot Name="N/A">N/A</ScreenShot><Result>PASS</Result></LowLevelInfo></Step><Step Number="5"><LowLevelInfo><StepID>5</StepID><Description>All the List of suggested signpost stored in database</Description><StepExecutedTime>1:00:22 AM</StepExecutedTime><ScreenShot Name="N/A">N/A</ScreenShot><Result>PASS</Result></LowLevelInfo></Step><TestCaseDescription>StandaloneCallHandler-Test case to validate overridden signpost label while passing assessment to Clinician</TestCaseDescription><Result>PASS</Result><EndTime>1:00:22 AM</EndTime></TestCase><TestCase StartTime="1:00:22 AM" ModuleName="ODY_9889A"><TestCaseName>ODY_9889A</TestCaseName><Step Number="1"><LowLevelInfo><StepID>1</StepID><Description>IMLT message displayed on selecting high urgency answer</Description><StepExecutedTime>1:01:11 AM</StepExecutedTime><ScreenShot Name="N/A">N/A</ScreenShot><Result>PASS</Result></LowLevelInfo></Step><Step Number="2"><LowLevelInfo><StepID>2</StepID><Description>Audit for AmbulanceWarning with description as We suggest that an Ambulance is sent for the patient is logged</Description><StepExecutedTime>1:01:11 AM</StepExecutedTime><ScreenShot Name="N/A">N/A</ScreenShot><Result>PASS</Result></LowLevelInfo></Step><Step Number="3"><LowLevelInfo><StepID>3</StepID><Description>CareAdvice Overlay is displaying on click of Continue</Description><StepExecutedTime>1:01:13 AM</StepExecutedTime><ScreenShot Name="N/A">N/A</ScreenShot><Result>PASS</Result></LowLevelInfo></Step><Step Number="4"><LowLevelInfo><StepID>4</StepID><Description>Only one signpost Clinical Assessment Now is shown and preselected in the Summary screen</Description><StepExecutedTime>1:01:15 AM</StepExecutedTime><ScreenShot Name="N/A">N/A</ScreenShot><Result>PASS</Result></LowLevelInfo></Step><Step Number="5"><LowLevelInfo><StepID>5</StepID><Description>Audit for AmbulanceWarning with description as We suggest that an Ambulance is sent for the patient : User Selected - Continue is logged</Description><StepExecutedTime>1:01:15 AM</StepExecutedTime><ScreenShot Name="N/A">N/A</ScreenShot><Result>PASS</Result></LowLevelInfo></Step><Step Number="6"><LowLevelInfo><StepID>6</StepID><Description>EMER is the urgency code saved against the Assessment completed with IMLT</Description><StepExecutedTime>1:01:29 AM</StepExecutedTime><ScreenShot Name="N/A">N/A</ScreenShot><Result>PASS</Result></LowLevelInfo></Step><Step Number="7"><LowLevelInfo><StepID>7</StepID><Description>Call Ambulance(999) is selected and stored in database</Description><StepExecutedTime>1:01:29 AM</StepExecutedTime><ScreenShot Name="N/A">N/A</ScreenShot><Result>PASS</Result></LowLevelInfo></Step><Step Number="8"><LowLevelInfo><StepID>8</StepID><Description>Call Ambulance(999) is a suggested signpost and stored in database</Description><StepExecutedTime>1:01:29 AM</StepExecutedTime><ScreenShot Name="N/A">N/A</ScreenShot><Result>PASS</Result></LowLevelInfo></Step><TestCaseDescription>StandaloneCallHandler-Test case to display relevant IMLT message in 1st assessment screen for firstcall based on the number of the call disposals</TestCaseDescription><Result>PASS</Result><EndTime>1:01:29 AM</EndTime></TestCase><TestCase StartTime="1:01:29 AM" ModuleName="ODY_9894A"><TestCaseName>ODY_9894A</TestCaseName><Step Number="1"><LowLevelInfo><StepID>1</StepID><Description>IMLT message displayed on selecting high urgency answer</Description><StepExecutedTime>1:02:24 AM</StepExecutedTime><ScreenShot Name="N/A">N/A</ScreenShot><Result>PASS</Result></LowLevelInfo></Step><Step Number="2"><LowLevelInfo><StepID>2</StepID><Description>Audit for AmbulanceWarning with description as We suggest that an Ambulance is sent for the patient is logged</Description><StepExecutedTime>1:02:24 AM</StepExecutedTime><ScreenShot Name="N/A">N/A</ScreenShot><Result>PASS</Result></LowLevelInfo></Step><Step Number="3"><LowLevelInfo><StepID>3</StepID><Description>Transfer to emergency ambulance service Action required is displaying</Description><StepExecutedTime>1:02:27 AM</StepExecutedTime><ScreenShot Name="N/A">N/A</ScreenShot><Result>PASS</Result></LowLevelInfo></Step><Step Number="4"><LowLevelInfo><StepID>4</StepID><Description>Audit for AmbulanceWarning with description as We suggest that an Ambulance is sent for the patient : User Selected - Continue is logged</Description><StepExecutedTime>1:02:27 AM</StepExecutedTime><ScreenShot Name="N/A">N/A</ScreenShot><Result>PASS</Result></LowLevelInfo></Step><Step Number="5"><LowLevelInfo><StepID>5</StepID><Description>CareAdvice Overlay is displaying on click of Continue</Description><StepExecutedTime>1:02:33 AM</StepExecutedTime><ScreenShot Name="N/A">N/A</ScreenShot><Result>PASS</Result></LowLevelInfo></Step><Step Number="6"><LowLevelInfo><StepID>6</StepID><Description>Only one signpost Clinical Assessment Now is shown and preselected in the Summary screen</Description><StepExecutedTime>1:02:40 AM</StepExecutedTime><ScreenShot Name="N/A">N/A</ScreenShot><Result>PASS</Result></LowLevelInfo></Step><Step Number="7"><LowLevelInfo><StepID>7</StepID><Description>EMER is the urgency code saved against the Assessment completed with IMLT</Description><StepExecutedTime>1:02:44 AM</StepExecutedTime><ScreenShot Name="N/A">N/A</ScreenShot><Result>PASS</Result></LowLevelInfo></Step><Step Number="8"><LowLevelInfo><StepID>8</StepID><Description>Call Ambulance(999) is selected and stored in database</Description><StepExecutedTime>1:02:45 AM</StepExecutedTime><ScreenShot Name="N/A">N/A</ScreenShot><Result>PASS</Result></LowLevelInfo></Step><Step Number="9"><LowLevelInfo><StepID>9</StepID><Description>Call Ambulance(999) is a suggested signpost and stored in database</Description><StepExecutedTime>1:02:45 AM</StepExecutedTime><ScreenShot Name="N/A">N/A</ScreenShot><Result>PASS</Result></LowLevelInfo></Step><Step Number="10"><LowLevelInfo><StepID>10</StepID><Description>Recommended transferring this call to a clinician now message box is displaying</Description><StepExecutedTime>1:03:09 AM</StepExecutedTime><ScreenShot Name="N/A">N/A</ScreenShot><Result>PASS</Result></LowLevelInfo></Step><Step Number="11"><LowLevelInfo><StepID>11</StepID><Description>Recommended transferring this call to a clinician now message box is displaying</Description><StepExecutedTime>1:03:15 AM</StepExecutedTime><ScreenShot Name="N/A">N/A</ScreenShot><Result>PASS</Result></LowLevelInfo></Step><Step Number="12"><LowLevelInfo><StepID>12</StepID><Description>Emergency Ambulance is selected urgency by clinician in shown Summary screen</Description><StepExecutedTime>1:03:20 AM</StepExecutedTime><ScreenShot Name="N/A">N/A</ScreenShot><Result>PASS</Result></LowLevelInfo></Step><Step Number="13"><LowLevelInfo><StepID>13</StepID><Description>Only one signpost Call Ambulance(999) is shown and preselected in the Summary screen</Description><StepExecutedTime>1:03:21 AM</StepExecutedTime><ScreenShot Name="N/A">N/A</ScreenShot><Result>PASS</Result></LowLevelInfo></Step><Step Number="14"><LowLevelInfo><StepID>14</StepID><Description>EMER is the urgency code saved against the Assessment completed with IMLT</Description><StepExecutedTime>1:03:28 AM</StepExecutedTime><ScreenShot Name="N/A">N/A</ScreenShot><Result>PASS</Result></LowLevelInfo></Step><Step Number="15"><LowLevelInfo><StepID>15</StepID><Description>Suggested Sigpnost as Call Ambulance(999) is displaying in db</Description><StepExecutedTime>1:03:28 AM</StepExecutedTime><ScreenShot Name="N/A">N/A</ScreenShot><Result>PASS</Result></LowLevelInfo></Step><Step Number="16"><LowLevelInfo><StepID>16</StepID><Description>Selected Sigpnost as Call Ambulance(999) is displaying in db</Description><StepExecutedTime>1:03:28 AM</StepExecutedTime><ScreenShot Name="N/A">N/A</ScreenShot><Result>PASS</Result></LowLevelInfo></Step><TestCaseDescription>StandaloneCallHandler-Test case to display relevant IMLT message for second assessment screen for FirstCall based on the number of the call disposals</TestCaseDescription><Result>PASS</Result><EndTime>1:03:28 AM</EndTime></TestCase><TestCase StartTime="1:03:28 AM" ModuleName="ODY_9891A"><TestCaseName>ODY_9891A</TestCaseName><Step Number="1"><LowLevelInfo><StepID>1</StepID><Description>EMER message displayed on selecting high urgency answer</Description><StepExecutedTime>1:04:13 AM</StepExecutedTime><ScreenShot Name="N/A">N/A</ScreenShot><Result>PASS</Result></LowLevelInfo></Step><Step Number="2"><LowLevelInfo><StepID>2</StepID><Description>IMLT warning message displayed and for proceeding to triage screen</Description><StepExecutedTime>1:04:16 AM</StepExecutedTime><ScreenShot Name="N/A">N/A</ScreenShot><Result>PASS</Result></LowLevelInfo></Step><Step Number="3"><LowLevelInfo><StepID>3</StepID><Description>Audit for AmbulanceWarning with description as We suggest that an Ambulance is sent for the patient is logged</Description><StepExecutedTime>1:04:16 AM</StepExecutedTime><ScreenShot Name="N/A">N/A</ScreenShot><Result>PASS</Result></LowLevelInfo></Step><Step Number="4"><LowLevelInfo><StepID>4</StepID><Description>Transfer to emergency ambulance service Action required is displaying</Description><StepExecutedTime>1:04:19 AM</StepExecutedTime><ScreenShot Name="N/A">N/A</ScreenShot><Result>PASS</Result></LowLevelInfo></Step><Step Number="5"><LowLevelInfo><StepID>5</StepID><Description>Audit for AmbulanceWarning with description as We suggest that an Ambulance is sent for the patient : User Selected - Continue is logged</Description><StepExecutedTime>1:04:19 AM</StepExecutedTime><ScreenShot Name="N/A">N/A</ScreenShot><Result>PASS</Result></LowLevelInfo></Step><Step Number="6"><LowLevelInfo><StepID>6</StepID><Description>Only one signpost Clinical Assessment Now is shown and preselected in the Summary screen</Description><StepExecutedTime>1:04:29 AM</StepExecutedTime><ScreenShot Name="N/A">N/A</ScreenShot><Result>PASS</Result></LowLevelInfo></Step><Step Number="7"><LowLevelInfo><StepID>7</StepID><Description>EMER is the urgency code saved against the Assessment completed with IMLT</Description><StepExecutedTime>1:04:32 AM</StepExecutedTime><ScreenShot Name="N/A">N/A</ScreenShot><Result>PASS</Result></LowLevelInfo></Step><Step Number="8"><LowLevelInfo><StepID>8</StepID><Description>Call Ambulance(999) is selected and stored in database</Description><StepExecutedTime>1:04:32 AM</StepExecutedTime><ScreenShot Name="N/A">N/A</ScreenShot><Result>PASS</Result></LowLevelInfo></Step><Step Number="9"><LowLevelInfo><StepID>9</StepID><Description>Call Ambulance(999) is a suggested signpost and stored in database</Description><StepExecutedTime>1:04:32 AM</StepExecutedTime><ScreenShot Name="N/A">N/A</ScreenShot><Result>PASS</Result></LowLevelInfo></Step><Step Number="10"><LowLevelInfo><StepID>10</StepID><Description>Recommended transferring this call to a clinician now message box is displaying</Description><StepExecutedTime>1:04:56 AM</StepExecutedTime><ScreenShot Name="N/A">N/A</ScreenShot><Result>PASS</Result></LowLevelInfo></Step><Step Number="11"><LowLevelInfo><StepID>11</StepID><Description>Recommended transferring this call to a clinician now message box is displaying</Description><StepExecutedTime>1:05:11 AM</StepExecutedTime><ScreenShot Name="N/A">N/A</ScreenShot><Result>PASS</Result></LowLevelInfo></Step><Step Number="12"><LowLevelInfo><StepID>12</StepID><Description>Recommended transferring this call to a clinician now message box is displaying</Description><StepExecutedTime>1:05:12 AM</StepExecutedTime><ScreenShot Name="N/A">N/A</ScreenShot><Result>PASS</Result></LowLevelInfo></Step><Step Number="13"><LowLevelInfo><StepID>13</StepID><Description>Recommended transferring this call to a clinician now message box is displaying</Description><StepExecutedTime>1:05:13 AM</StepExecutedTime><ScreenShot Name="N/A">N/A</ScreenShot><Result>PASS</Result></LowLevelInfo></Step><Step Number="14"><LowLevelInfo><StepID>14</StepID><Description>Emergency Ambulance is selected urgency by clinician in shown Summary screen</Description><StepExecutedTime>1:05:18 AM</StepExecutedTime><ScreenShot Name="N/A">N/A</ScreenShot><Result>PASS</Result></LowLevelInfo></Step><Step Number="15"><LowLevelInfo><StepID>15</StepID><Description>Only one signpost Call Ambulance(999) is shown and preselected in the Summary screen</Description><StepExecutedTime>1:05:20 AM</StepExecutedTime><ScreenShot Name="N/A">N/A</ScreenShot><Result>PASS</Result></LowLevelInfo></Step><Step Number="16"><LowLevelInfo><StepID>16</StepID><Description>EMER is the urgency code saved against the Assessment completed with IMLT</Description><StepExecutedTime>1:05:27 AM</StepExecutedTime><ScreenShot Name="N/A">N/A</ScreenShot><Result>PASS</Result></LowLevelInfo></Step><Step Number="17"><LowLevelInfo><StepID>17</StepID><Description>Suggested Sigpnost as Call Ambulance(999) is displaying in db</Description><StepExecutedTime>1:05:27 AM</StepExecutedTime><ScreenShot Name="N/A">N/A</ScreenShot><Result>PASS</Result></LowLevelInfo></Step><Step Number="18"><LowLevelInfo><StepID>18</StepID><Description>Selected Sigpnost as Call Ambulance(999) is displaying in db</Description><StepExecutedTime>1:05:27 AM</StepExecutedTime><ScreenShot Name="N/A">N/A</ScreenShot><Result>PASS</Result></LowLevelInfo></Step><TestCaseDescription>StandaloneCallHandler-Test case to display relevant EMER message for firstcall based on the number of the call disposals</TestCaseDescription><Result>PASS</Result><EndTime>1:05:27 AM</EndTime><EndExecutionTime>16/Feb/2023   1:05:27 AM</EndExecutionTime><TotalTimeTaken>00:26:56</TotalTimeTaken></TestCase></Root>
