<?xml-stylesheet type='text/xsl' href='DetailXmlReference/LogReport.xsl'?>
<Root><StartTime>15/Feb/2023   6:43:39 PM</StartTime><Browser>BROWSERNAME - Version: BrowserName</Browser><Module>SMOKETEST</Module><TestCase StartTime="6:43:39 PM" ModuleName="ODY_892"><TestCaseName>ODY_892</TestCaseName><Step Number="1"><LowLevelInfo><StepID>1</StepID><Description>Clinician is able to login and default screen is displayed</Description><StepExecutedTime>6:44:00 PM</StepExecutedTime><ScreenShot Name="N/A">N/A</ScreenShot><Result>PASS</Result></LowLevelInfo></Step><Step Number="2"><LowLevelInfo><StepID>2</StepID><Description>Clinician is able to select presenting complaint as Knee Injury from list and come to Assessment screen</Description><StepExecutedTime>6:44:15 PM</StepExecutedTime><ScreenShot Name="N/A">N/A</ScreenShot><Result>PASS</Result></LowLevelInfo></Step><Step Number="3"><LowLevelInfo><StepID>3</StepID><Description>Notes section is displaying in the summary screen</Description><StepExecutedTime>6:44:38 PM</StepExecutedTime><ScreenShot Name="N/A">N/A</ScreenShot><Result>PASS</Result></LowLevelInfo></Step><Step Number="4"><LowLevelInfo><StepID>4</StepID><Description>Notes entered in the notes section has been saved and displaying</Description><StepExecutedTime>6:44:45 PM</StepExecutedTime><ScreenShot Name="N/A">N/A</ScreenShot><Result>PASS</Result></LowLevelInfo></Step><Step Number="5"><LowLevelInfo><StepID>5</StepID><Description>Assessment has been completed on clicking complete button</Description><StepExecutedTime>6:44:48 PM</StepExecutedTime><ScreenShot Name="N/A">N/A</ScreenShot><Result>PASS</Result></LowLevelInfo></Step><TestCaseDescription>Standalone-Clinician-To check the functionalities of Patient outcome and Notes section in the Summary screen and complete assessment.</TestCaseDescription><Result>PASS</Result><EndTime>6:44:51 PM</EndTime></TestCase><TestCase StartTime="6:44:51 PM" ModuleName="ODY_1004A"><TestCaseName>ODY_1004A</TestCaseName><Step Number="1"><LowLevelInfo><StepID>1</StepID><Description>Add Question Set popup is showing on clicking Add Questionset Link</Description><StepExecutedTime>6:45:35 PM</StepExecutedTime><ScreenShot Name="N/A">N/A</ScreenShot><Result>PASS</Result></LowLevelInfo></Step><Step Number="2"><LowLevelInfo><StepID>2</StepID><Description>Cold/flu protocol is added for the assessment</Description><StepExecutedTime>6:45:41 PM</StepExecutedTime><ScreenShot Name="N/A">N/A</ScreenShot><Result>PASS</Result></LowLevelInfo></Step><Step Number="3"><LowLevelInfo><StepID>3</StepID><Description>default screen is displaying on clicking Pause assessment link in Assessment screen</Description><StepExecutedTime>6:45:48 PM</StepExecutedTime><ScreenShot Name="N/A">N/A</ScreenShot><Result>PASS</Result></LowLevelInfo></Step><Step Number="4"><LowLevelInfo><StepID>4</StepID><Description>Accept patient screen is displaying on clicking pick up patient from default screen</Description><StepExecutedTime>6:46:06 PM</StepExecutedTime><ScreenShot Name="N/A">N/A</ScreenShot><Result>PASS</Result></LowLevelInfo></Step><Step Number="5"><LowLevelInfo><StepID>5</StepID><Description>Presenting complaint Abdominal injury is displaying on the screen on pickup the patient from the queue</Description><StepExecutedTime>6:46:08 PM</StepExecutedTime><ScreenShot Name="N/A">N/A</ScreenShot><Result>PASS</Result></LowLevelInfo></Step><Step Number="6"><LowLevelInfo><StepID>6</StepID><Description>Yes: Dark/old blood displaying for Post op bleed now in the right side of the screen</Description><StepExecutedTime>6:46:21 PM</StepExecutedTime><ScreenShot Name="N/A">N/A</ScreenShot><Result>PASS</Result></LowLevelInfo></Step><Step Number="7"><LowLevelInfo><StepID>7</StepID><Description>Mild displaying for Neck Stiffness in the right side of the screen</Description><StepExecutedTime>6:46:22 PM</StepExecutedTime><ScreenShot Name="N/A">N/A</ScreenShot><Result>PASS</Result></LowLevelInfo></Step><Step Number="8"><LowLevelInfo><StepID>8</StepID><Description>Assessment has been completed on clicking complete button</Description><StepExecutedTime>6:46:32 PM</StepExecutedTime><ScreenShot Name="N/A">N/A</ScreenShot><Result>PASS</Result></LowLevelInfo></Step><TestCaseDescription>Standalone-Clinician-To check that add question set and pause functionality is working for any assessment</TestCaseDescription><Result>PASS</Result><EndTime>6:46:35 PM</EndTime></TestCase><TestCase StartTime="6:46:35 PM" ModuleName="ODY_877"><TestCaseName>ODY_877</TestCaseName><Step Number="1"><LowLevelInfo><StepID>1</StepID><Description>Close assessment layout is displaying on clicking the close assessment link on assessment screen</Description><StepExecutedTime>6:47:08 PM</StepExecutedTime><ScreenShot Name="N/A">N/A</ScreenShot><Result>PASS</Result></LowLevelInfo></Step><Step Number="2"><LowLevelInfo><StepID>2</StepID><Description>Other option in available in Reason for close assessment Combobox</Description><StepExecutedTime>6:47:10 PM</StepExecutedTime><ScreenShot Name="N/A">N/A</ScreenShot><Result>PASS</Result></LowLevelInfo></Step><Step Number="3"><LowLevelInfo><StepID>3</StepID><Description>Summary screen is displaying on clicking Close assessment Button</Description><StepExecutedTime>6:47:12 PM</StepExecutedTime><ScreenShot Name="N/A">N/A</ScreenShot><Result>PASS</Result></LowLevelInfo></Step><Step Number="4"><LowLevelInfo><StepID>4</StepID><Description>Closed: Hoxed is displaying in the patient OutCome</Description><StepExecutedTime>6:47:13 PM</StepExecutedTime><ScreenShot Name="N/A">N/A</ScreenShot><Result>PASS</Result></LowLevelInfo></Step><Step Number="5"><LowLevelInfo><StepID>5</StepID><Description>Default screen displayed upon premature closure of assessment</Description><StepExecutedTime>6:47:16 PM</StepExecutedTime><ScreenShot Name="N/A">N/A</ScreenShot><Result>PASS</Result></LowLevelInfo></Step><TestCaseDescription>Standalone-Clinician-To Check close Assessment option available on the LHS of the Assessment screen</TestCaseDescription><Result>PASS</Result><EndTime>6:47:20 PM</EndTime></TestCase><TestCase StartTime="6:47:20 PM" ModuleName="ODY_918"><TestCaseName>ODY_918</TestCaseName><Step Number="1"><LowLevelInfo><StepID>1</StepID><Description>Default screen is displaying after passing assessment to clinician</Description><StepExecutedTime>6:48:14 PM</StepExecutedTime><ScreenShot Name="N/A">N/A</ScreenShot><Result>PASS</Result></LowLevelInfo></Step><Step Number="2"><LowLevelInfo><StepID>2</StepID><Description>Accept patient screen is displaying on clicking pick up patient from default screen</Description><StepExecutedTime>6:48:30 PM</StepExecutedTime><ScreenShot Name="N/A">N/A</ScreenShot><Result>PASS</Result></LowLevelInfo></Step><Step Number="3"><LowLevelInfo><StepID>3</StepID><Description>Presenting complaint Abdominal injury is displaying on the screen on pickup the patient from the queue</Description><StepExecutedTime>6:48:32 PM</StepExecutedTime><ScreenShot Name="N/A">N/A</ScreenShot><Result>PASS</Result></LowLevelInfo></Step><Step Number="4"><LowLevelInfo><StepID>4</StepID><Description>Patient call back number is displaying on the screen on pickup the patient from the queue</Description><StepExecutedTime>6:48:34 PM</StepExecutedTime><ScreenShot Name="N/A">N/A</ScreenShot><Result>PASS</Result></LowLevelInfo></Step><Step Number="5"><LowLevelInfo><StepID>5</StepID><Description>Accept patient button is displaying on the screen and it is enabled</Description><StepExecutedTime>6:48:35 PM</StepExecutedTime><ScreenShot Name="N/A">N/A</ScreenShot><Result>PASS</Result></LowLevelInfo></Step><Step Number="6"><LowLevelInfo><StepID>6</StepID><Description>Change presenting complaint button is displaying on the screen and it is enabled</Description><StepExecutedTime>6:48:38 PM</StepExecutedTime><ScreenShot Name="N/A">N/A</ScreenShot><Result>PASS</Result></LowLevelInfo></Step><Step Number="7"><LowLevelInfo><StepID>7</StepID><Description>Proceed to outcome button is displaying in the screen</Description><StepExecutedTime>6:48:39 PM</StepExecutedTime><ScreenShot Name="N/A">N/A</ScreenShot><Result>PASS</Result></LowLevelInfo></Step><Step Number="8"><LowLevelInfo><StepID>8</StepID><Description>Return to queue button is displaying on the screen</Description><StepExecutedTime>6:48:41 PM</StepExecutedTime><ScreenShot Name="N/A">N/A</ScreenShot><Result>PASS</Result></LowLevelInfo></Step><Step Number="9"><LowLevelInfo><StepID>9</StepID><Description>Assessment screen is displaying on clicking Change presenting complaint button</Description><StepExecutedTime>6:48:45 PM</StepExecutedTime><ScreenShot Name="N/A">N/A</ScreenShot><Result>PASS</Result></LowLevelInfo></Step><Step Number="10"><LowLevelInfo><StepID>10</StepID><Description>Summary screen is displaying on clicking Continue to summary screen</Description><StepExecutedTime>6:48:59 PM</StepExecutedTime><ScreenShot Name="N/A">N/A</ScreenShot><Result>PASS</Result></LowLevelInfo></Step><Step Number="11"><LowLevelInfo><StepID>11</StepID><Description>Assessment tranferred by reception has been completed successfully by clinician</Description><StepExecutedTime>6:49:04 PM</StepExecutedTime><ScreenShot Name="N/A">N/A</ScreenShot><Result>PASS</Result></LowLevelInfo></Step><TestCaseDescription>Standalone-Clinician-Validate that clinician is able to pick assessment and complete it which is transferred by CallHandler.</TestCaseDescription><Result>PASS</Result><EndTime>6:49:07 PM</EndTime></TestCase><TestCase StartTime="6:49:07 PM" ModuleName="ODY_1533"><TestCaseName>ODY_1533</TestCaseName><Step Number="1"><LowLevelInfo><StepID>1</StepID><Description>Callhandler is able to login and default screen is displayed</Description><StepExecutedTime>6:49:26 PM</StepExecutedTime><ScreenShot Name="N/A">N/A</ScreenShot><Result>PASS</Result></LowLevelInfo></Step><Step Number="2"><LowLevelInfo><StepID>2</StepID><Description>Summary screen is displayed on answering all the question</Description><StepExecutedTime>6:50:21 PM</StepExecutedTime><ScreenShot Name="N/A">N/A</ScreenShot><Result>PASS</Result></LowLevelInfo></Step><Step Number="3"><LowLevelInfo><StepID>3</StepID><Description>Assessment has been completed on clicking complete button</Description><StepExecutedTime>6:50:35 PM</StepExecutedTime><ScreenShot Name="N/A">N/A</ScreenShot><Result>PASS</Result></LowLevelInfo></Step><TestCaseDescription>Standalone-FirstCall-Test case to verify if user is able to complete assessment from Summary screen.</TestCaseDescription><Result>PASS</Result><EndTime>6:50:38 PM</EndTime></TestCase><TestCase StartTime="6:50:38 PM" ModuleName="ODY_1374"><TestCaseName>ODY_1374</TestCaseName><Step Number="1"><LowLevelInfo><StepID>1</StepID><Description>Firstcall is able to search and select presenting complaint as Chest Pain and come to Assessment screen</Description><StepExecutedTime>6:51:09 PM</StepExecutedTime><ScreenShot Name="N/A">N/A</ScreenShot><Result>PASS</Result></LowLevelInfo></Step><Step Number="2"><LowLevelInfo><StepID>2</StepID><Description>Recommended an Ambulance is Dispatched as soon as possible message box is displaying on selecting ans with purple color</Description><StepExecutedTime>6:51:30 PM</StepExecutedTime><ScreenShot Name="N/A">N/A</ScreenShot><Result>PASS</Result></LowLevelInfo></Step><Step Number="3"><LowLevelInfo><StepID>3</StepID><Description>Go Back button is available and enabled</Description><StepExecutedTime>6:51:30 PM</StepExecutedTime><ScreenShot Name="N/A">N/A</ScreenShot><Result>PASS</Result></LowLevelInfo></Step><Step Number="4"><LowLevelInfo><StepID>4</StepID><Description>Continue button is available and enabled</Description><StepExecutedTime>6:51:31 PM</StepExecutedTime><ScreenShot Name="N/A">N/A</ScreenShot><Result>PASS</Result></LowLevelInfo></Step><Step Number="5"><LowLevelInfo><StepID>5</StepID><Description>Current Suggested Action: Transfer to Emergency Ambulance Service is displaying</Description><StepExecutedTime>6:51:34 PM</StepExecutedTime><ScreenShot Name="N/A">N/A</ScreenShot><Result>PASS</Result></LowLevelInfo></Step><Step Number="6"><LowLevelInfo><StepID>6</StepID><Description>Current Suggested Action: Transfer to Emergency Ambulance Service is not displaying on changing the answer</Description><StepExecutedTime>6:51:39 PM</StepExecutedTime><ScreenShot Name="N/A">N/A</ScreenShot><Result>PASS</Result></LowLevelInfo></Step><Step Number="7"><LowLevelInfo><StepID>7</StepID><Description>Recommended an Ambulance is Dispatched as soon as possible message box is displaying on selecting ans with purple color</Description><StepExecutedTime>6:51:43 PM</StepExecutedTime><ScreenShot Name="N/A">N/A</ScreenShot><Result>PASS</Result></LowLevelInfo></Step><Step Number="8"><LowLevelInfo><StepID>8</StepID><Description>Go Back button is available and enabled</Description><StepExecutedTime>6:51:44 PM</StepExecutedTime><ScreenShot Name="N/A">N/A</ScreenShot><Result>PASS</Result></LowLevelInfo></Step><Step Number="9"><LowLevelInfo><StepID>9</StepID><Description>Continue button is available and enabled</Description><StepExecutedTime>6:51:45 PM</StepExecutedTime><ScreenShot Name="N/A">N/A</ScreenShot><Result>PASS</Result></LowLevelInfo></Step><Step Number="10"><LowLevelInfo><StepID>10</StepID><Description>Default screen is displaying on cliking End call button</Description><StepExecutedTime>6:52:01 PM</StepExecutedTime><ScreenShot Name="N/A">N/A</ScreenShot><Result>PASS</Result></LowLevelInfo></Step><Step Number="11"><LowLevelInfo><StepID>11</StepID><Description>CallHandlerSelectedUrgency is EMER for assessment transferred  to ambulance services by Call Handler</Description><StepExecutedTime>6:52:04 PM</StepExecutedTime><ScreenShot Name="N/A">N/A</ScreenShot><Result>PASS</Result></LowLevelInfo></Step><Step Number="12"><LowLevelInfo><StepID>12</StepID><Description>Session status is Closed in DB for assessment transferred  to ambulance services by Call Handler</Description><StepExecutedTime>6:52:04 PM</StepExecutedTime><ScreenShot Name="N/A">N/A</ScreenShot><Result>PASS</Result></LowLevelInfo></Step><TestCaseDescription>Standalone-FirstCall-To check the functionality that application recommend an Ambulance to be dispatched as soon as possible upon selecting an answer with purple font.</TestCaseDescription><Result>PASS</Result><EndTime>6:52:04 PM</EndTime></TestCase><TestCase StartTime="6:52:04 PM" ModuleName="ODY_1344"><TestCaseName>ODY_1344</TestCaseName><Step Number="1"><LowLevelInfo><StepID>1</StepID><Description>Assessment screen is displaying on double clicking presenting complaint</Description><StepExecutedTime>6:52:34 PM</StepExecutedTime><ScreenShot Name="N/A">N/A</ScreenShot><Result>PASS</Result></LowLevelInfo></Step><Step Number="2"><LowLevelInfo><StepID>2</StepID><Description>Close assessment layout is displaying on clicking the close assessment link on assessment screen</Description><StepExecutedTime>6:52:46 PM</StepExecutedTime><ScreenShot Name="N/A">N/A</ScreenShot><Result>PASS</Result></LowLevelInfo></Step><Step Number="3"><LowLevelInfo><StepID>3</StepID><Description>Hoax option in available in Reason for close assessment Combobox</Description><StepExecutedTime>6:52:48 PM</StepExecutedTime><ScreenShot Name="N/A">N/A</ScreenShot><Result>PASS</Result></LowLevelInfo></Step><Step Number="4"><LowLevelInfo><StepID>4</StepID><Description>Close Assessment button is enable after selecting the reason for closing the assessment</Description><StepExecutedTime>6:52:48 PM</StepExecutedTime><ScreenShot Name="N/A">N/A</ScreenShot><Result>PASS</Result></LowLevelInfo></Step><Step Number="5"><LowLevelInfo><StepID>5</StepID><Description>Default screen displayed upon premature closure of assessment</Description><StepExecutedTime>6:52:51 PM</StepExecutedTime><ScreenShot Name="N/A">N/A</ScreenShot><Result>PASS</Result></LowLevelInfo></Step><TestCaseDescription>Standalone-FirstCall-To check the functionalities of the close assessment by a call handler.</TestCaseDescription><Result>PASS</Result><EndTime>6:52:55 PM</EndTime><EndExecutionTime>15/Feb/2023   6:52:55 PM</EndExecutionTime><TotalTimeTaken>00:09:15</TotalTimeTaken></TestCase></Root>
