<?xml-stylesheet type='text/xsl' href='DetailXmlReference/LogReport.xsl'?>
<Root><StartTime>15/Feb/2023   8:02:46 PM</StartTime><Browser>BROWSERNAME - Version: BrowserName</Browser><Module>STANDALONE310ADMIN</Module><TestCase StartTime="8:02:46 PM" ModuleName="ODY_929"><TestCaseName>ODY_929</TestCaseName><Step Number="1"><LowLevelInfo><StepID>1</StepID><Description>Admin Summary screen is displaying after login the application</Description><StepExecutedTime>8:03:00 PM</StepExecutedTime><ScreenShot Name="N/A">N/A</ScreenShot><Result>PASS</Result></LowLevelInfo></Step><Step Number="2"><LowLevelInfo><StepID>2</StepID><Description>System Admin reports section is displaying on the admin summary screen</Description><StepExecutedTime>8:03:01 PM</StepExecutedTime><ScreenShot Name="N/A">N/A</ScreenShot><Result>PASS</Result></LowLevelInfo></Step><Step Number="3"><LowLevelInfo><StepID>3</StepID><Description>Total Contacts section is displaying on the admin summary screen</Description><StepExecutedTime>8:03:01 PM</StepExecutedTime><ScreenShot Name="N/A">N/A</ScreenShot><Result>PASS</Result></LowLevelInfo></Step><Step Number="4"><LowLevelInfo><StepID>4</StepID><Description>Outcome Summary section is displaying on the admin summary screen</Description><StepExecutedTime>8:03:03 PM</StepExecutedTime><ScreenShot Name="N/A">N/A</ScreenShot><Result>PASS</Result></LowLevelInfo></Step><Step Number="5"><LowLevelInfo><StepID>5</StepID><Description>Logged on users Section is displaying on the admin summary screen</Description><StepExecutedTime>8:03:03 PM</StepExecutedTime><ScreenShot Name="N/A">N/A</ScreenShot><Result>PASS</Result></LowLevelInfo></Step><Step Number="6"><LowLevelInfo><StepID>6</StepID><Description>Disable User button is displaying after clicking User Admin button and navigated to next screen</Description><StepExecutedTime>8:03:07 PM</StepExecutedTime><ScreenShot Name="N/A">N/A</ScreenShot><Result>PASS</Result></LowLevelInfo></Step><Step Number="7"><LowLevelInfo><StepID>7</StepID><Description>Back to Admin Summary button is displaying after clicking User Admin button and navigated to next screen</Description><StepExecutedTime>8:03:08 PM</StepExecutedTime><ScreenShot Name="N/A">N/A</ScreenShot><Result>PASS</Result></LowLevelInfo></Step><Step Number="8"><LowLevelInfo><StepID>8</StepID><Description>New User button is displaying after clicking User Admin button and navigated to next screen</Description><StepExecutedTime>8:03:09 PM</StepExecutedTime><ScreenShot Name="N/A">N/A</ScreenShot><Result>PASS</Result></LowLevelInfo></Step><Step Number="9"><LowLevelInfo><StepID>9</StepID><Description>Disable User button is displaying after clicking User Admin button and navigated to next screen</Description><StepExecutedTime>8:03:10 PM</StepExecutedTime><ScreenShot Name="N/A">N/A</ScreenShot><Result>PASS</Result></LowLevelInfo></Step><Step Number="10"><LowLevelInfo><StepID>10</StepID><Description>Clinician user has been created</Description><StepExecutedTime>8:03:25 PM</StepExecutedTime><ScreenShot Name="N/A">N/A</ScreenShot><Result>PASS</Result></LowLevelInfo></Step><Step Number="11"><LowLevelInfo><StepID>11</StepID><Description>Able to login with the clinician user has been created</Description><StepExecutedTime>8:03:34 PM</StepExecutedTime><ScreenShot Name="N/A">N/A</ScreenShot><Result>PASS</Result></LowLevelInfo></Step><TestCaseDescription>Functionality to create a Clinician user from Admin.</TestCaseDescription><Result>PASS</Result><EndTime>8:03:35 PM</EndTime></TestCase><TestCase StartTime="8:03:35 PM" ModuleName="ODY_930"><TestCaseName>ODY_930</TestCaseName><Step Number="1"><LowLevelInfo><StepID>1</StepID><Description>Able to login with the clinician user has been created</Description><StepExecutedTime>8:04:02 PM</StepExecutedTime><ScreenShot Name="N/A">N/A</ScreenShot><Result>PASS</Result></LowLevelInfo></Step><Step Number="2"><LowLevelInfo><StepID>2</StepID><Description>User Account has been disabled by admin message is displaying on try to log in with disabled clinician user</Description><StepExecutedTime>8:04:21 PM</StepExecutedTime><ScreenShot Name="N/A">N/A</ScreenShot><Result>PASS</Result></LowLevelInfo></Step><Step Number="3"><LowLevelInfo><StepID>3</StepID><Description>Able to login with the clinician user which is reenabled by admin</Description><StepExecutedTime>8:04:39 PM</StepExecutedTime><ScreenShot Name="N/A">N/A</ScreenShot><Result>PASS</Result></LowLevelInfo></Step><TestCaseDescription>Functionality to check the Disable user option in the Admin</TestCaseDescription><Result>PASS</Result><EndTime>8:04:43 PM</EndTime></TestCase><TestCase StartTime="8:04:43 PM" ModuleName="ODY_937"><TestCaseName>ODY_937</TestCaseName><Step Number="1"><LowLevelInfo><StepID>1</StepID><Description>Question Set Closure Reasons section is displaying in the Admin configuration screen</Description><StepExecutedTime>8:04:58 PM</StepExecutedTime><ScreenShot Name="N/A">N/A</ScreenShot><Result>PASS</Result></LowLevelInfo></Step><Step Number="2"><LowLevelInfo><StepID>2</StepID><Description>Audit record is created in Database for changing Email Message in Admin Configuration module</Description><StepExecutedTime>8:05:21 PM</StepExecutedTime><ScreenShot Name="N/A">N/A</ScreenShot><Result>PASS</Result></LowLevelInfo></Step><Step Number="3"><LowLevelInfo><StepID>3</StepID><Description>Test Automation Reason for closing question set added from the admin is displaying in the reason for closure dropdown</Description><StepExecutedTime>8:05:49 PM</StepExecutedTime><ScreenShot Name="N/A">N/A</ScreenShot><Result>PASS</Result></LowLevelInfo></Step><TestCaseDescription>Functionality to check if a new Question set closure reason added reflects in the clinician.</TestCaseDescription><Result>PASS</Result><EndTime>8:05:53 PM</EndTime></TestCase><TestCase StartTime="8:05:53 PM" ModuleName="ODY_954"><TestCaseName>ODY_954</TestCaseName><Step Number="1"><LowLevelInfo><StepID>1</StepID><Description>Assessment Closure Reasons section is displaying in the Admin configuration screen</Description><StepExecutedTime>8:06:10 PM</StepExecutedTime><ScreenShot Name="N/A">N/A</ScreenShot><Result>PASS</Result></LowLevelInfo></Step><Step Number="2"><LowLevelInfo><StepID>2</StepID><Description>Audit record is created in Database for changing Email Subject in Admin Configuration module</Description><StepExecutedTime>8:06:37 PM</StepExecutedTime><ScreenShot Name="N/A">N/A</ScreenShot><Result>PASS</Result></LowLevelInfo></Step><Step Number="3"><LowLevelInfo><StepID>3</StepID><Description>Test Automation Reason for closing Assessment added from the admin is displaying in the reason for closure dropdown</Description><StepExecutedTime>8:07:06 PM</StepExecutedTime><ScreenShot Name="N/A">N/A</ScreenShot><Result>PASS</Result></LowLevelInfo></Step><TestCaseDescription>Functionality to check if a new Assessment closure reason added reflects in the clinician.</TestCaseDescription><Result>PASS</Result><EndTime>8:07:10 PM</EndTime></TestCase><TestCase StartTime="8:07:10 PM" ModuleName="ODY_931"><TestCaseName>ODY_931</TestCaseName><Step Number="1"><LowLevelInfo><StepID>1</StepID><Description>Contact Types section is displaying in the Admin configuration screen</Description><StepExecutedTime>8:07:36 PM</StepExecutedTime><ScreenShot Name="N/A">N/A</ScreenShot><Result>PASS</Result></LowLevelInfo></Step><Step Number="2"><LowLevelInfo><StepID>2</StepID><Description>Address Types section is displaying in the Admin configuration screen</Description><StepExecutedTime>8:07:38 PM</StepExecutedTime><ScreenShot Name="N/A">N/A</ScreenShot><Result>PASS</Result></LowLevelInfo></Step><Step Number="3"><LowLevelInfo><StepID>3</StepID><Description>User Defined SNOMED code field is present for any outcome under Configuration Editor screen</Description><StepExecutedTime>8:08:03 PM</StepExecutedTime><ScreenShot Name="N/A">N/A</ScreenShot><Result>PASS</Result></LowLevelInfo></Step><Step Number="4"><LowLevelInfo><StepID>4</StepID><Description>Test Automation contact type is displaying in the contact type dropdown which has been added in admin</Description><StepExecutedTime>8:08:27 PM</StepExecutedTime><ScreenShot Name="N/A">N/A</ScreenShot><Result>PASS</Result></LowLevelInfo></Step><Step Number="5"><LowLevelInfo><StepID>5</StepID><Description>Test Automation Address type is displaying in the contact type dropdown which has been added in admin</Description><StepExecutedTime>8:08:30 PM</StepExecutedTime><ScreenShot Name="N/A">N/A</ScreenShot><Result>PASS</Result></LowLevelInfo></Step><TestCaseDescription>Functionality to check if a new contact type and Address Type added in Admin is reflected in Contact and Address details</TestCaseDescription><Result>PASS</Result><EndTime>8:08:37 PM</EndTime></TestCase><TestCase StartTime="8:08:37 PM" ModuleName="ODY_928"><TestCaseName>ODY_928</TestCaseName><Step Number="1"><LowLevelInfo><StepID>1</StepID><Description>FirstCall Urgency message heading found for Emergency</Description><StepExecutedTime>8:09:12 PM</StepExecutedTime><ScreenShot Name="N/A">N/A</ScreenShot><Result>PASS</Result></LowLevelInfo></Step><Step Number="2"><LowLevelInfo><StepID>2</StepID><Description>FirstCall Urgency message heading found for Immediate</Description><StepExecutedTime>8:09:22 PM</StepExecutedTime><ScreenShot Name="N/A">N/A</ScreenShot><Result>PASS</Result></LowLevelInfo></Step><Step Number="3"><LowLevelInfo><StepID>3</StepID><Description>FirstCall Urgency message heading found for Immediate 2</Description><StepExecutedTime>8:09:32 PM</StepExecutedTime><ScreenShot Name="N/A">N/A</ScreenShot><Result>PASS</Result></LowLevelInfo></Step><Step Number="4"><LowLevelInfo><StepID>4</StepID><Description>FirstCall Urgency message heading found for Urgent</Description><StepExecutedTime>8:09:42 PM</StepExecutedTime><ScreenShot Name="N/A">N/A</ScreenShot><Result>PASS</Result></LowLevelInfo></Step><Step Number="5"><LowLevelInfo><StepID>5</StepID><Description>FirstCall Urgency message heading found for Moderate Urgency</Description><StepExecutedTime>8:09:52 PM</StepExecutedTime><ScreenShot Name="N/A">N/A</ScreenShot><Result>PASS</Result></LowLevelInfo></Step><Step Number="6"><LowLevelInfo><StepID>6</StepID><Description>FirstCall Urgency message heading found for Routine</Description><StepExecutedTime>8:10:02 PM</StepExecutedTime><ScreenShot Name="N/A">N/A</ScreenShot><Result>PASS</Result></LowLevelInfo></Step><Step Number="7"><LowLevelInfo><StepID>7</StepID><Description>FirstCall Urgency message heading found for No Urgency</Description><StepExecutedTime>8:10:12 PM</StepExecutedTime><ScreenShot Name="N/A">N/A</ScreenShot><Result>PASS</Result></LowLevelInfo></Step><Step Number="8"><LowLevelInfo><StepID>8</StepID><Description>Reception user has been created</Description><StepExecutedTime>8:10:33 PM</StepExecutedTime><ScreenShot Name="N/A">N/A</ScreenShot><Result>PASS</Result></LowLevelInfo></Step><Step Number="9"><LowLevelInfo><StepID>9</StepID><Description>Able to login with the reception user story has been created</Description><StepExecutedTime>8:10:41 PM</StepExecutedTime><ScreenShot Name="N/A">N/A</ScreenShot><Result>PASS</Result></LowLevelInfo></Step><TestCaseDescription>Functionality to create a Reception user from Admin.</TestCaseDescription><Result>PASS</Result><EndTime>8:10:43 PM</EndTime></TestCase><TestCase StartTime="8:10:43 PM" ModuleName="ODY_932"><TestCaseName>ODY_932</TestCaseName><Step Number="1"><LowLevelInfo><StepID>1</StepID><Description>Ethnicity section is displaying in the Admin configuration screen</Description><StepExecutedTime>8:10:52 PM</StepExecutedTime><ScreenShot Name="N/A">N/A</ScreenShot><Result>PASS</Result></LowLevelInfo></Step><Step Number="2"><LowLevelInfo><StepID>2</StepID><Description>Manage Allergies section is displaying in the Admin configuration screen</Description><StepExecutedTime>8:10:54 PM</StepExecutedTime><ScreenShot Name="N/A">N/A</ScreenShot><Result>PASS</Result></LowLevelInfo></Step><Step Number="3"><LowLevelInfo><StepID>3</StepID><Description>Test Automation Allergy is displaying in the contact type dropdown which has been added in admin</Description><StepExecutedTime>8:11:45 PM</StepExecutedTime><ScreenShot Name="N/A">N/A</ScreenShot><Result>PASS</Result></LowLevelInfo></Step><Step Number="4"><LowLevelInfo><StepID>4</StepID><Description>Test Automation Ethnicity is displaying in the contact type dropdown which has been added in admin</Description><StepExecutedTime>8:11:47 PM</StepExecutedTime><ScreenShot Name="N/A">N/A</ScreenShot><Result>PASS</Result></LowLevelInfo></Step><TestCaseDescription>Functionality to check if Ethnicity and Manage Allergies added in Admin is reflected in the Manage Allergies and Ethnicity as a clinician.</TestCaseDescription><Result>PASS</Result><EndTime>8:11:57 PM</EndTime></TestCase><TestCase StartTime="8:11:57 PM" ModuleName="ODY_1535"><TestCaseName>ODY_1535</TestCaseName><Step Number="1"><LowLevelInfo><StepID>1</StepID><Description>Visible and mandatory option is available in the Set Call back number dropdown</Description><StepExecutedTime>8:12:26 PM</StepExecutedTime><ScreenShot Name="N/A">N/A</ScreenShot><Result>PASS</Result></LowLevelInfo></Step><Step Number="2"><LowLevelInfo><StepID>2</StepID><Description>Visible and not mandatory option is available in the Set Call back number dropdown</Description><StepExecutedTime>8:12:27 PM</StepExecutedTime><ScreenShot Name="N/A">N/A</ScreenShot><Result>PASS</Result></LowLevelInfo></Step><Step Number="3"><LowLevelInfo><StepID>3</StepID><Description>Hidden option is available in the Set Call back number dropdown</Description><StepExecutedTime>8:12:30 PM</StepExecutedTime><ScreenShot Name="N/A">N/A</ScreenShot><Result>PASS</Result></LowLevelInfo></Step><Step Number="4"><LowLevelInfo><StepID>4</StepID><Description>Visible and mandatory option is available in the SetCallType dropdown</Description><StepExecutedTime>8:12:31 PM</StepExecutedTime><ScreenShot Name="N/A">N/A</ScreenShot><Result>PASS</Result></LowLevelInfo></Step><Step Number="5"><LowLevelInfo><StepID>5</StepID><Description>Visible and not mandatory option is available in the SetCallType dropdown</Description><StepExecutedTime>8:12:33 PM</StepExecutedTime><ScreenShot Name="N/A">N/A</ScreenShot><Result>PASS</Result></LowLevelInfo></Step><Step Number="6"><LowLevelInfo><StepID>6</StepID><Description>Hidden option is available in the SetCallType dropdown</Description><StepExecutedTime>8:12:35 PM</StepExecutedTime><ScreenShot Name="N/A">N/A</ScreenShot><Result>PASS</Result></LowLevelInfo></Step><Step Number="7"><LowLevelInfo><StepID>7</StepID><Description>Call type border color is set to red when it is mandatory</Description><StepExecutedTime>8:13:07 PM</StepExecutedTime><ScreenShot Name="N/A">N/A</ScreenShot><Result>PASS</Result></LowLevelInfo></Step><Step Number="8"><LowLevelInfo><StepID>8</StepID><Description>Call type red border is visible when it is mandatory and no data has been selected</Description><StepExecutedTime>8:13:08 PM</StepExecutedTime><ScreenShot Name="N/A">N/A</ScreenShot><Result>PASS</Result></LowLevelInfo></Step><Step Number="9"><LowLevelInfo><StepID>9</StepID><Description>Call type is not visible in the presenting complaint screen when it set to hidden</Description><StepExecutedTime>8:14:09 PM</StepExecutedTime><ScreenShot Name="N/A">N/A</ScreenShot><Result>PASS</Result></LowLevelInfo></Step><Step Number="10"><LowLevelInfo><StepID>10</StepID><Description>Call type red border is not visible when it is not mandatory and no data has been selected</Description><StepExecutedTime>8:15:09 PM</StepExecutedTime><ScreenShot Name="N/A">N/A</ScreenShot><Result>PASS</Result></LowLevelInfo></Step><TestCaseDescription>Test case to Call Type has Mandatory, Optional or Hidden options in Admin.</TestCaseDescription><Result>PASS</Result><EndTime>8:15:13 PM</EndTime></TestCase><TestCase StartTime="8:15:13 PM" ModuleName="ODY_3903"><TestCaseName>ODY_3903</TestCaseName><Step Number="1"><LowLevelInfo><StepID>1</StepID><Description>Revert to Default button is not displaying by default when Snomed field is blank</Description><StepExecutedTime>8:15:39 PM</StepExecutedTime><ScreenShot Name="N/A">N/A</ScreenShot><Result>PASS</Result></LowLevelInfo></Step><Step Number="2"><LowLevelInfo><StepID>2</StepID><Description>Revert to Default button is displaying when Snomed field is edited</Description><StepExecutedTime>8:15:44 PM</StepExecutedTime><ScreenShot Name="N/A">N/A</ScreenShot><Result>PASS</Result></LowLevelInfo></Step><Step Number="3"><LowLevelInfo><StepID>3</StepID><Description>Revert to Default button is displaying if Snomed value is already provided</Description><StepExecutedTime>8:15:55 PM</StepExecutedTime><ScreenShot Name="N/A">N/A</ScreenShot><Result>PASS</Result></LowLevelInfo></Step><Step Number="4"><LowLevelInfo><StepID>4</StepID><Description>Audit log is created for adding user defined SNOMED code for urgency EMER</Description><StepExecutedTime>8:16:02 PM</StepExecutedTime><ScreenShot Name="N/A">N/A</ScreenShot><Result>PASS</Result></LowLevelInfo></Step><Step Number="5"><LowLevelInfo><StepID>5</StepID><Description>The current urgency indicates that the patient be treated immediately message is displaying in assessment screen on selecting Born injury option for Skin injury</Description><StepExecutedTime>8:16:38 PM</StepExecutedTime><ScreenShot Name="N/A">N/A</ScreenShot><Result>PASS</Result></LowLevelInfo></Step><Step Number="6"><LowLevelInfo><StepID>6</StepID><Description>User is able to complete assessment with urgency having user-defined SNOMED code</Description><StepExecutedTime>8:16:52 PM</StepExecutedTime><ScreenShot Name="N/A">N/A</ScreenShot><Result>PASS</Result></LowLevelInfo></Step><Step Number="7"><LowLevelInfo><StepID>7</StepID><Description>Revert to Default button is displaying if Snomed value is already provided</Description><StepExecutedTime>8:17:22 PM</StepExecutedTime><ScreenShot Name="N/A">N/A</ScreenShot><Result>PASS</Result></LowLevelInfo></Step><Step Number="8"><LowLevelInfo><StepID>8</StepID><Description>Revert to Default button is not displaying after Snomed value is set to blank</Description><StepExecutedTime>8:17:36 PM</StepExecutedTime><ScreenShot Name="N/A">N/A</ScreenShot><Result>PASS</Result></LowLevelInfo></Step><Step Number="9"><LowLevelInfo><StepID>9</StepID><Description>Audit log is created for reverting user defined SNOMED code for urgency EMER</Description><StepExecutedTime>8:17:41 PM</StepExecutedTime><ScreenShot Name="N/A">N/A</ScreenShot><Result>PASS</Result></LowLevelInfo></Step><TestCaseDescription>Validation of user defined SNOMED code for admin user.</TestCaseDescription><Result>PASS</Result><EndTime>8:17:41 PM</EndTime></TestCase><TestCase StartTime="8:17:41 PM" ModuleName="ODY_1530"><TestCaseName>ODY_1530</TestCaseName><Step Number="1"><LowLevelInfo><StepID>1</StepID><Description>Turn Coloured Short Questions on setting is visible under Site Settings section</Description><StepExecutedTime>8:18:00 PM</StepExecutedTime><ScreenShot Name="N/A">N/A</ScreenShot><Result>PASS</Result></LowLevelInfo></Step><Step Number="2"><LowLevelInfo><StepID>2</StepID><Description>Pain Severity short ques is in RED in assessment screen</Description><StepExecutedTime>8:18:46 PM</StepExecutedTime><ScreenShot Name="N/A">N/A</ScreenShot><Result>PASS</Result></LowLevelInfo></Step><Step Number="3"><LowLevelInfo><StepID>3</StepID><Description>Current State short ques is in INDIGO in assessment screen</Description><StepExecutedTime>8:18:47 PM</StepExecutedTime><ScreenShot Name="N/A">N/A</ScreenShot><Result>PASS</Result></LowLevelInfo></Step><Step Number="4"><LowLevelInfo><StepID>4</StepID><Description>Abrasion Bruise short ques is in YELLOW in assessment screen</Description><StepExecutedTime>8:18:53 PM</StepExecutedTime><ScreenShot Name="N/A">N/A</ScreenShot><Result>PASS</Result></LowLevelInfo></Step><Step Number="5"><LowLevelInfo><StepID>5</StepID><Description>Other Injuries short ques is in BLACK in assessment screen</Description><StepExecutedTime>8:18:55 PM</StepExecutedTime><ScreenShot Name="N/A">N/A</ScreenShot><Result>PASS</Result></LowLevelInfo></Step><Step Number="6"><LowLevelInfo><StepID>6</StepID><Description>Treatment Tried short ques is in BLUE in assessment screen</Description><StepExecutedTime>8:19:01 PM</StepExecutedTime><ScreenShot Name="N/A">N/A</ScreenShot><Result>PASS</Result></LowLevelInfo></Step><Step Number="7"><LowLevelInfo><StepID>7</StepID><Description>User is able to complete assessment with configuration setting for colored short question as check</Description><StepExecutedTime>8:19:14 PM</StepExecutedTime><ScreenShot Name="N/A">N/A</ScreenShot><Result>PASS</Result></LowLevelInfo></Step><Step Number="8"><LowLevelInfo><StepID>8</StepID><Description>Pain Severity short ques is in BLACK in assessment screen</Description><StepExecutedTime>8:20:09 PM</StepExecutedTime><ScreenShot Name="N/A">N/A</ScreenShot><Result>PASS</Result></LowLevelInfo></Step><Step Number="9"><LowLevelInfo><StepID>9</StepID><Description>Current State short ques is in BLACK in assessment screen</Description><StepExecutedTime>8:20:11 PM</StepExecutedTime><ScreenShot Name="N/A">N/A</ScreenShot><Result>PASS</Result></LowLevelInfo></Step><Step Number="10"><LowLevelInfo><StepID>10</StepID><Description>Other Injuries short ques is in BLACK in assessment screen</Description><StepExecutedTime>8:20:18 PM</StepExecutedTime><ScreenShot Name="N/A">N/A</ScreenShot><Result>PASS</Result></LowLevelInfo></Step><Step Number="11"><LowLevelInfo><StepID>11</StepID><Description>Treatment Tried short ques is in BLACK in assessment screen</Description><StepExecutedTime>8:20:24 PM</StepExecutedTime><ScreenShot Name="N/A">N/A</ScreenShot><Result>PASS</Result></LowLevelInfo></Step><Step Number="12"><LowLevelInfo><StepID>12</StepID><Description>User is able to complete assessment with configuration setting for colored short question as uncheck</Description><StepExecutedTime>8:20:37 PM</StepExecutedTime><ScreenShot Name="N/A">N/A</ScreenShot><Result>PASS</Result></LowLevelInfo></Step><TestCaseDescription>Test case to verify configuration setting for colored short question for clinician role in assessment screen.</TestCaseDescription><Result>PASS</Result><EndTime>8:20:40 PM</EndTime></TestCase><TestCase StartTime="8:20:40 PM" ModuleName="ODY_10178"><TestCaseName>ODY_10178</TestCaseName><Step Number="1"><LowLevelInfo><StepID>1</StepID><Description>ConfigEdit screen is displaying on clicking Configuration Editors button in Summary screen</Description><StepExecutedTime>8:20:57 PM</StepExecutedTime><ScreenShot Name="N/A">N/A</ScreenShot><Result>PASS</Result></LowLevelInfo></Step><Step Number="2"><LowLevelInfo><StepID>2</StepID><Description>Enabled Modules label is displaying under Site Settings section</Description><StepExecutedTime>8:21:04 PM</StepExecutedTime><ScreenShot Name="N/A">N/A</ScreenShot><Result>PASS</Result></LowLevelInfo></Step><Step Number="3"><LowLevelInfo><StepID>3</StepID><Description>Domain Name label is displaying under Site Settings section</Description><StepExecutedTime>8:21:06 PM</StepExecutedTime><ScreenShot Name="N/A">N/A</ScreenShot><Result>PASS</Result></LowLevelInfo></Step><Step Number="4"><LowLevelInfo><StepID>4</StepID><Description>EnglishStandalone is displaying as current domain under Site Settings section</Description><StepExecutedTime>8:21:08 PM</StepExecutedTime><ScreenShot Name="N/A">N/A</ScreenShot><Result>PASS</Result></LowLevelInfo></Step><Step Number="5"><LowLevelInfo><StepID>5</StepID><Description>All the enabled modules are checked but in read only mode under site settings</Description><StepExecutedTime>8:21:10 PM</StepExecutedTime><ScreenShot Name="N/A">N/A</ScreenShot><Result>PASS</Result></LowLevelInfo></Step><Step Number="6"><LowLevelInfo><StepID>6</StepID><Description>EnglishStandalone is displaying as current domain under Site Settings section</Description><StepExecutedTime>8:21:52 PM</StepExecutedTime><ScreenShot Name="N/A">N/A</ScreenShot><Result>PASS</Result></LowLevelInfo></Step><Step Number="7"><LowLevelInfo><StepID>7</StepID><Description>All the enabled modules are checked but in read only mode under site settings</Description><StepExecutedTime>8:21:54 PM</StepExecutedTime><ScreenShot Name="N/A">N/A</ScreenShot><Result>PASS</Result></LowLevelInfo></Step><TestCaseDescription>Validate that admin section display list of all the modules enabled for any domain.</TestCaseDescription><Result>PASS</Result><EndTime>8:22:02 PM</EndTime></TestCase><TestCase StartTime="8:22:02 PM" ModuleName="ODY_933"><TestCaseName>ODY_933</TestCaseName><Step Number="1"><LowLevelInfo><StepID>1</StepID><Description>Edit Session Types section is displaying in the Admin configuration screen</Description><StepExecutedTime>8:22:22 PM</StepExecutedTime><ScreenShot Name="N/A">N/A</ScreenShot><Result>PASS</Result></LowLevelInfo></Step><Step Number="2"><LowLevelInfo><StepID>2</StepID><Description>Organisation Name label is displaying under Site Settings in the Admin configuration screen</Description><StepExecutedTime>8:22:32 PM</StepExecutedTime><ScreenShot Name="N/A">N/A</ScreenShot><Result>PASS</Result></LowLevelInfo></Step><Step Number="3"><LowLevelInfo><StepID>3</StepID><Description>Last saved New Organisation Name is displaying under Site Settings in the Admin configuration screen</Description><StepExecutedTime>8:22:47 PM</StepExecutedTime><ScreenShot Name="N/A">N/A</ScreenShot><Result>PASS</Result></LowLevelInfo></Step><Step Number="4"><LowLevelInfo><StepID>4</StepID><Description>Test Automation Session type added from the admin is displaying in the call type dropdown</Description><StepExecutedTime>8:23:12 PM</StepExecutedTime><ScreenShot Name="N/A">N/A</ScreenShot><Result>PASS</Result></LowLevelInfo></Step><Step Number="5"><LowLevelInfo><StepID>5</StepID><Description>Pause assessment option is not available in the Assessment screen for clinician</Description><StepExecutedTime>8:23:24 PM</StepExecutedTime><ScreenShot Name="N/A">N/A</ScreenShot><Result>PASS</Result></LowLevelInfo></Step><Step Number="6"><LowLevelInfo><StepID>6</StepID><Description>Default screen is displaying on completing assessment</Description><StepExecutedTime>8:23:42 PM</StepExecutedTime><ScreenShot Name="N/A">N/A</ScreenShot><Result>PASS</Result></LowLevelInfo></Step><TestCaseDescription>Functionality to check if a new Session Type added in Admin is reflected in Clinician.</TestCaseDescription><Result>PASS</Result><EndTime>8:24:17 PM</EndTime></TestCase><TestCase StartTime="8:24:17 PM" ModuleName="ODY_2096"><TestCaseName>ODY_2096</TestCaseName><Step Number="1"><LowLevelInfo><StepID>1</StepID><Description>Relationship type is selected sucessfully</Description><StepExecutedTime>8:25:09 PM</StepExecutedTime><ScreenShot Name="N/A">N/A</ScreenShot><Result>PASS</Result></LowLevelInfo></Step><Step Number="2"><LowLevelInfo><StepID>2</StepID><Description>Summary screen is displaying on selecting all ans and clicked on continue button in assessment screen</Description><StepExecutedTime>8:25:44 PM</StepExecutedTime><ScreenShot Name="N/A">N/A</ScreenShot><Result>PASS</Result></LowLevelInfo></Step><Step Number="3"><LowLevelInfo><StepID>3</StepID><Description>Default screen is displaying on Completing assessment with additional caller details</Description><StepExecutedTime>8:25:59 PM</StepExecutedTime><ScreenShot Name="N/A">N/A</ScreenShot><Result>PASS</Result></LowLevelInfo></Step><TestCaseDescription>Test case to verify if Patient relationship is added in Admin and is reflected in all the roles.</TestCaseDescription><Result>PASS</Result><EndTime>8:26:03 PM</EndTime></TestCase><TestCase StartTime="8:26:03 PM" ModuleName="ODY_10501"><TestCaseName>ODY_10501</TestCaseName><Step Number="1"><LowLevelInfo><StepID>1</StepID><Description>ConfigEdit screen is displaying on clicking Configuration Editors button in Summary screen</Description><StepExecutedTime>8:26:28 PM</StepExecutedTime><ScreenShot Name="N/A">N/A</ScreenShot><Result>PASS</Result></LowLevelInfo></Step><Step Number="2"><LowLevelInfo><StepID>2</StepID><Description>Turn Purple Coloured Questions on label is displaying under FirstCall Configuration section</Description><StepExecutedTime>8:26:39 PM</StepExecutedTime><ScreenShot Name="N/A">N/A</ScreenShot><Result>PASS</Result></LowLevelInfo></Step><Step Number="3"><LowLevelInfo><StepID>3</StepID><Description>Turning off the Show Purple Question Config byt admin is audited successfully</Description><StepExecutedTime>8:26:55 PM</StepExecutedTime><ScreenShot Name="N/A">N/A</ScreenShot><Result>PASS</Result></LowLevelInfo></Step><Step Number="4"><LowLevelInfo><StepID>4</StepID><Description>Question with answer in purple colour is displayed in purple and at the top of other questions</Description><StepExecutedTime>8:27:39 PM</StepExecutedTime><ScreenShot Name="N/A">N/A</ScreenShot><Result>PASS</Result></LowLevelInfo></Step><Step Number="5"><LowLevelInfo><StepID>5</StepID><Description>Action Required 20 minute clinician call back is displaying at the bottom of the screen</Description><StepExecutedTime>8:27:44 PM</StepExecutedTime><ScreenShot Name="N/A">N/A</ScreenShot><Result>PASS</Result></LowLevelInfo></Step><Step Number="6"><LowLevelInfo><StepID>6</StepID><Description>All Question with answer in purple colour is displayed in purple and at the top of other questions for multiple question set</Description><StepExecutedTime>8:27:45 PM</StepExecutedTime><ScreenShot Name="N/A">N/A</ScreenShot><Result>PASS</Result></LowLevelInfo></Step><Step Number="7"><LowLevelInfo><StepID>7</StepID><Description>Recommended transferring this call to a clinician now message box is displaying</Description><StepExecutedTime>8:27:55 PM</StepExecutedTime><ScreenShot Name="N/A">N/A</ScreenShot><Result>PASS</Result></LowLevelInfo></Step><Step Number="8"><LowLevelInfo><StepID>8</StepID><Description>Continue button is available and enabled</Description><StepExecutedTime>8:27:56 PM</StepExecutedTime><ScreenShot Name="N/A">N/A</ScreenShot><Result>PASS</Result></LowLevelInfo></Step><Step Number="9"><LowLevelInfo><StepID>9</StepID><Description>Go Back button is available and enabled</Description><StepExecutedTime>8:27:57 PM</StepExecutedTime><ScreenShot Name="N/A">N/A</ScreenShot><Result>PASS</Result></LowLevelInfo></Step><Step Number="10"><LowLevelInfo><StepID>10</StepID><Description>Current Suggested Action: 20 minute clinician call back is displaying</Description><StepExecutedTime>8:28:00 PM</StepExecutedTime><ScreenShot Name="N/A">N/A</ScreenShot><Result>PASS</Result></LowLevelInfo></Step><Step Number="11"><LowLevelInfo><StepID>11</StepID><Description>Question with answer in purple colour is not displayed in purple but at the top of other questions</Description><StepExecutedTime>8:28:21 PM</StepExecutedTime><ScreenShot Name="N/A">N/A</ScreenShot><Result>PASS</Result></LowLevelInfo></Step><Step Number="12"><LowLevelInfo><StepID>12</StepID><Description>Question with answer in purple colour is not displayed in purple but at the top of other questions</Description><StepExecutedTime>8:28:25 PM</StepExecutedTime><ScreenShot Name="N/A">N/A</ScreenShot><Result>PASS</Result></LowLevelInfo></Step><TestCaseDescription>Validate that user is able to turn off the purple question setting from Admin Configuration</TestCaseDescription><Result>PASS</Result><EndTime>8:28:43 PM</EndTime></TestCase><TestCase StartTime="8:28:43 PM" ModuleName="ODY_10532"><TestCaseName>ODY_10532</TestCaseName><Step Number="1"><LowLevelInfo><StepID>1</StepID><Description>ConfigEdit screen is displaying on clicking Configuration Editors button in Summary screen</Description><StepExecutedTime>8:29:01 PM</StepExecutedTime><ScreenShot Name="N/A">N/A</ScreenShot><Result>PASS</Result></LowLevelInfo></Step><Step Number="2"><LowLevelInfo><StepID>2</StepID><Description>Turn Purple Coloured Questions on label is displaying under FirstCall Configuration section</Description><StepExecutedTime>8:29:11 PM</StepExecutedTime><ScreenShot Name="N/A">N/A</ScreenShot><Result>PASS</Result></LowLevelInfo></Step><Step Number="3"><LowLevelInfo><StepID>3</StepID><Description>Turning off the Show Purple Question Config byt admin is audited successfully</Description><StepExecutedTime>8:29:23 PM</StepExecutedTime><ScreenShot Name="N/A">N/A</ScreenShot><Result>PASS</Result></LowLevelInfo></Step><Step Number="4"><LowLevelInfo><StepID>4</StepID><Description>Question with answer in purple colour is displayed in purple and at the top of other questions</Description><StepExecutedTime>8:29:58 PM</StepExecutedTime><ScreenShot Name="N/A">N/A</ScreenShot><Result>PASS</Result></LowLevelInfo></Step><Step Number="5"><LowLevelInfo><StepID>5</StepID><Description>Action Required 20 minute clinician call back is displaying at the bottom of the screen</Description><StepExecutedTime>8:30:27 PM</StepExecutedTime><ScreenShot Name="N/A">N/A</ScreenShot><Result>PASS</Result></LowLevelInfo></Step><Step Number="6"><LowLevelInfo><StepID>6</StepID><Description>Recommended transferring this call to a clinician now message box is displaying</Description><StepExecutedTime>8:30:36 PM</StepExecutedTime><ScreenShot Name="N/A">N/A</ScreenShot><Result>PASS</Result></LowLevelInfo></Step><TestCaseDescription>Validate that user is able to turn on the purple question setting from Admin Configuration</TestCaseDescription><Result>PASS</Result><EndTime>8:30:54 PM</EndTime></TestCase><TestCase StartTime="8:30:54 PM" ModuleName="ODY_10616"><TestCaseName>ODY_10616</TestCaseName><Step Number="1"><LowLevelInfo><StepID>1</StepID><Description>ConfigEdit screen is displaying on clicking Configuration Editors button in Summary screen</Description><StepExecutedTime>8:31:11 PM</StepExecutedTime><ScreenShot Name="N/A">N/A</ScreenShot><Result>PASS</Result></LowLevelInfo></Step><Step Number="2"><LowLevelInfo><StepID>2</StepID><Description>Show Ambulance Transport Text for Emergency label is displaying under FirstCall Configuration section</Description><StepExecutedTime>8:31:22 PM</StepExecutedTime><ScreenShot Name="N/A">N/A</ScreenShot><Result>PASS</Result></LowLevelInfo></Step><Step Number="3"><LowLevelInfo><StepID>3</StepID><Description>Turning off the AmbuTransTxt Config by admin is audited successfully</Description><StepExecutedTime>8:31:33 PM</StepExecutedTime><ScreenShot Name="N/A">N/A</ScreenShot><Result>PASS</Result></LowLevelInfo></Step><Step Number="4"><LowLevelInfo><StepID>4</StepID><Description>Warning pop up is displaying on clicking Pass to clinician button when not ans all the PQ</Description><StepExecutedTime>8:32:09 PM</StepExecutedTime><ScreenShot Name="N/A">N/A</ScreenShot><Result>PASS</Result></LowLevelInfo></Step><Step Number="5"><LowLevelInfo><StepID>5</StepID><Description>Title of overlay and advice type as Advice and First Aid advice is displayed under Advice overlay to call handler</Description><StepExecutedTime>8:32:12 PM</StepExecutedTime><ScreenShot Name="N/A">N/A</ScreenShot><Result>PASS</Result></LowLevelInfo></Step><Step Number="6"><LowLevelInfo><StepID>6</StepID><Description>AMBULANCE PREPARATION text is not displayed under Advice overlay to call handler</Description><StepExecutedTime>8:32:13 PM</StepExecutedTime><ScreenShot Name="N/A">N/A</ScreenShot><Result>PASS</Result></LowLevelInfo></Step><Step Number="7"><LowLevelInfo><StepID>7</StepID><Description>Recommended calling an emergency ambulance now message box is displaying</Description><StepExecutedTime>8:32:19 PM</StepExecutedTime><ScreenShot Name="N/A">N/A</ScreenShot><Result>PASS</Result></LowLevelInfo></Step><Step Number="8"><LowLevelInfo><StepID>8</StepID><Description>Continue button is available and enabled</Description><StepExecutedTime>8:32:20 PM</StepExecutedTime><ScreenShot Name="N/A">N/A</ScreenShot><Result>PASS</Result></LowLevelInfo></Step><Step Number="9"><LowLevelInfo><StepID>9</StepID><Description>Go Back button is available and enabled</Description><StepExecutedTime>8:32:21 PM</StepExecutedTime><ScreenShot Name="N/A">N/A</ScreenShot><Result>PASS</Result></LowLevelInfo></Step><Step Number="10"><LowLevelInfo><StepID>10</StepID><Description>Title of overlay and advice type as Advice and First Aid advice is displayed under Advice overlay to call handler</Description><StepExecutedTime>8:32:24 PM</StepExecutedTime><ScreenShot Name="N/A">N/A</ScreenShot><Result>PASS</Result></LowLevelInfo></Step><Step Number="11"><LowLevelInfo><StepID>11</StepID><Description>AMBULANCE PREPARATION text is not displayed under Advice overlay to call handler</Description><StepExecutedTime>8:32:25 PM</StepExecutedTime><ScreenShot Name="N/A">N/A</ScreenShot><Result>PASS</Result></LowLevelInfo></Step><TestCaseDescription>Validate that user is able to turn off the ambulance transport text setting from Admin Configuration</TestCaseDescription><Result>PASS</Result><EndTime>8:32:41 PM</EndTime></TestCase><TestCase StartTime="8:32:41 PM" ModuleName="ODY_10610"><TestCaseName>ODY_10610</TestCaseName><Step Number="1"><LowLevelInfo><StepID>1</StepID><Description>ConfigEdit screen is displaying on clicking Configuration Editors button in Summary screen</Description><StepExecutedTime>8:32:58 PM</StepExecutedTime><ScreenShot Name="N/A">N/A</ScreenShot><Result>PASS</Result></LowLevelInfo></Step><Step Number="2"><LowLevelInfo><StepID>2</StepID><Description>Show Ambulance Transport Text for Emergency label is displaying under FirstCall Configuration section</Description><StepExecutedTime>8:33:08 PM</StepExecutedTime><ScreenShot Name="N/A">N/A</ScreenShot><Result>PASS</Result></LowLevelInfo></Step><Step Number="3"><LowLevelInfo><StepID>3</StepID><Description>Turning on the AmbuTransTxt Config by admin is audited successfully</Description><StepExecutedTime>8:33:19 PM</StepExecutedTime><ScreenShot Name="N/A">N/A</ScreenShot><Result>PASS</Result></LowLevelInfo></Step><Step Number="4"><LowLevelInfo><StepID>4</StepID><Description>Warning message is displaying on trying to save blank for Ambulance Transport Text under FirstCall Configuration section</Description><StepExecutedTime>8:33:34 PM</StepExecutedTime><ScreenShot Name="N/A">N/A</ScreenShot><Result>PASS</Result></LowLevelInfo></Step><Step Number="5"><LowLevelInfo><StepID>5</StepID><Description>IMLT pop up is displaying on answering the PQ</Description><StepExecutedTime>8:34:35 PM</StepExecutedTime><ScreenShot Name="N/A">N/A</ScreenShot><Result>PASS</Result></LowLevelInfo></Step><Step Number="6"><LowLevelInfo><StepID>6</StepID><Description>Title of overlay and advice type as Advice and First Aid advice is displayed under Advice overlay to call handler</Description><StepExecutedTime>8:34:39 PM</StepExecutedTime><ScreenShot Name="N/A">N/A</ScreenShot><Result>PASS</Result></LowLevelInfo></Step><Step Number="7"><LowLevelInfo><StepID>7</StepID><Description>AMBULANCE PREPARATION text is displayed under Advice overlay to call handler</Description><StepExecutedTime>8:34:40 PM</StepExecutedTime><ScreenShot Name="N/A">N/A</ScreenShot><Result>PASS</Result></LowLevelInfo></Step><TestCaseDescription>Validate that user is able to turn on the ambulance transport text setting from Admin Configuration</TestCaseDescription><Result>PASS</Result><EndTime>8:34:56 PM</EndTime></TestCase><TestCase StartTime="8:34:56 PM" ModuleName="ODY_10633"><TestCaseName>ODY_10633</TestCaseName><Step Number="1"><LowLevelInfo><StepID>1</StepID><Description>Turning off the AmbuTransTxt Config by admin is audited successfully</Description><StepExecutedTime>8:35:37 PM</StepExecutedTime><ScreenShot Name="N/A">N/A</ScreenShot><Result>PASS</Result></LowLevelInfo></Step><Step Number="2"><LowLevelInfo><StepID>2</StepID><Description>IMLT pop up is displaying on answering the PQ</Description><StepExecutedTime>8:36:26 PM</StepExecutedTime><ScreenShot Name="N/A">N/A</ScreenShot><Result>PASS</Result></LowLevelInfo></Step><Step Number="3"><LowLevelInfo><StepID>3</StepID><Description>Title of overlay and advice type as Advice and First Aid advice is displayed under Advice overlay to call handler</Description><StepExecutedTime>8:36:29 PM</StepExecutedTime><ScreenShot Name="N/A">N/A</ScreenShot><Result>PASS</Result></LowLevelInfo></Step><Step Number="4"><LowLevelInfo><StepID>4</StepID><Description>AMBULANCE PREPARATION text is displayed under Advice overlay to call handler</Description><StepExecutedTime>8:36:30 PM</StepExecutedTime><ScreenShot Name="N/A">N/A</ScreenShot><Result>PASS</Result></LowLevelInfo></Step><TestCaseDescription>Validate that user is able to configure the ambulance transport text setting from Admin Configuration</TestCaseDescription><Result>PASS</Result><EndTime>8:37:26 PM</EndTime></TestCase><TestCase StartTime="8:37:26 PM" ModuleName="ODY_10663"><TestCaseName>ODY_10663</TestCaseName><Step Number="1"><LowLevelInfo><StepID>1</StepID><Description>Warning message is displaying on trying to save blank for urgency message text for IMLT under FirstCall Configuration section</Description><StepExecutedTime>8:38:01 PM</StepExecutedTime><ScreenShot Name="N/A">N/A</ScreenShot><Result>PASS</Result></LowLevelInfo></Step><Step Number="2"><LowLevelInfo><StepID>2</StepID><Description>Changing urgency message text for IMLT by admin is audited successfully</Description><StepExecutedTime>8:38:21 PM</StepExecutedTime><ScreenShot Name="N/A">N/A</ScreenShot><Result>PASS</Result></LowLevelInfo></Step><Step Number="3"><LowLevelInfo><StepID>3</StepID><Description>IMLT pop up is displaying with updated message on answering the PQ</Description><StepExecutedTime>8:39:07 PM</StepExecutedTime><ScreenShot Name="N/A">N/A</ScreenShot><Result>PASS</Result></LowLevelInfo></Step><Step Number="4"><LowLevelInfo><StepID>4</StepID><Description>Title of overlay and advice type as Advice and First Aid advice is displayed under Advice overlay to call handler</Description><StepExecutedTime>8:39:10 PM</StepExecutedTime><ScreenShot Name="N/A">N/A</ScreenShot><Result>PASS</Result></LowLevelInfo></Step><TestCaseDescription>Validate that user is able to configure the IMLT message for firstcall from Admin Configuration</TestCaseDescription><Result>PASS</Result><EndTime>8:40:09 PM</EndTime></TestCase><TestCase StartTime="8:40:09 PM" ModuleName="ODY_10701"><TestCaseName>ODY_10701</TestCaseName><Step Number="1"><LowLevelInfo><StepID>1</StepID><Description>Warning message is displaying on trying to save blank for urgency message text for EMER under FirstCall Configuration section</Description><StepExecutedTime>8:40:43 PM</StepExecutedTime><ScreenShot Name="N/A">N/A</ScreenShot><Result>PASS</Result></LowLevelInfo></Step><Step Number="2"><LowLevelInfo><StepID>2</StepID><Description>Changing urgency message text for EMER by admin is audited successfully</Description><StepExecutedTime>8:41:03 PM</StepExecutedTime><ScreenShot Name="N/A">N/A</ScreenShot><Result>PASS</Result></LowLevelInfo></Step><Step Number="3"><LowLevelInfo><StepID>3</StepID><Description>EMER pop up is displaying with updated message on answering the PQ</Description><StepExecutedTime>8:42:00 PM</StepExecutedTime><ScreenShot Name="N/A">N/A</ScreenShot><Result>PASS</Result></LowLevelInfo></Step><Step Number="4"><LowLevelInfo><StepID>4</StepID><Description>Title of overlay and advice type as Advice and First Aid advice is displayed under Advice overlay to call handler</Description><StepExecutedTime>8:42:05 PM</StepExecutedTime><ScreenShot Name="N/A">N/A</ScreenShot><Result>PASS</Result></LowLevelInfo></Step><TestCaseDescription>Validate that user is able to configure the EMER message for firstcall from Admin Configuration</TestCaseDescription><Result>PASS</Result><EndTime>8:42:59 PM</EndTime></TestCase><TestCase StartTime="8:42:59 PM" ModuleName="ODY_10702"><TestCaseName>ODY_10702</TestCaseName><Step Number="1"><LowLevelInfo><StepID>1</StepID><Description>Warning message is displaying on trying to save blank for urgency message text for IMM1 under FirstCall Configuration section</Description><StepExecutedTime>8:43:34 PM</StepExecutedTime><ScreenShot Name="N/A">N/A</ScreenShot><Result>PASS</Result></LowLevelInfo></Step><Step Number="2"><LowLevelInfo><StepID>2</StepID><Description>Changing urgency message text for IMM1 by admin is audited successfully</Description><StepExecutedTime>8:43:52 PM</StepExecutedTime><ScreenShot Name="N/A">N/A</ScreenShot><Result>PASS</Result></LowLevelInfo></Step><Step Number="3"><LowLevelInfo><StepID>3</StepID><Description>Current Suggested Action: 20 minute clinician call back is displaying</Description><StepExecutedTime>8:44:38 PM</StepExecutedTime><ScreenShot Name="N/A">N/A</ScreenShot><Result>PASS</Result></LowLevelInfo></Step><Step Number="4"><LowLevelInfo><StepID>4</StepID><Description>IMM1 pop up is displaying with updated message on answering the PQ</Description><StepExecutedTime>8:44:49 PM</StepExecutedTime><ScreenShot Name="N/A">N/A</ScreenShot><Result>PASS</Result></LowLevelInfo></Step><Step Number="5"><LowLevelInfo><StepID>5</StepID><Description>You will not be shown this warning again is displayed in message box along with IMM1 message</Description><StepExecutedTime>8:44:51 PM</StepExecutedTime><ScreenShot Name="N/A">N/A</ScreenShot><Result>PASS</Result></LowLevelInfo></Step><Step Number="6"><LowLevelInfo><StepID>6</StepID><Description>Current Suggested Action: 20 minute clinician call back is displaying</Description><StepExecutedTime>8:44:54 PM</StepExecutedTime><ScreenShot Name="N/A">N/A</ScreenShot><Result>PASS</Result></LowLevelInfo></Step><Step Number="7"><LowLevelInfo><StepID>7</StepID><Description>Title of overlay and advice type as Advice and First Aid advice is displayed under Advice overlay to call handler</Description><StepExecutedTime>8:44:57 PM</StepExecutedTime><ScreenShot Name="N/A">N/A</ScreenShot><Result>PASS</Result></LowLevelInfo></Step><TestCaseDescription>Validate that user is able to configure the IMM1 message for firstcall from Admin Configuration</TestCaseDescription><Result>PASS</Result><EndTime>8:45:49 PM</EndTime><EndExecutionTime>15/Feb/2023   8:45:49 PM</EndExecutionTime><TotalTimeTaken>00:43:05</TotalTimeTaken></TestCase></Root>
