<?xml-stylesheet type='text/xsl' href='DetailXmlReference/LogReport.xsl'?>
<Root><StartTime>16/Feb/2023   12:03:23 AM</StartTime><Browser>BROWSERNAME - Version: BrowserName</Browser><Module>PATIENTOUTCOMESTANDALONEINPROCESS</Module><TestCase StartTime="12:03:23 AM" ModuleName="ODY_877"><TestCaseName>ODY_877</TestCaseName><Step Number="1"><LowLevelInfo><StepID>1</StepID><Description>Close assessment layout is displaying on clicking the close assessment link on assessment screen</Description><StepExecutedTime>12:04:00 AM</StepExecutedTime><ScreenShot Name="N/A">N/A</ScreenShot><Result>PASS</Result></LowLevelInfo></Step><Step Number="2"><LowLevelInfo><StepID>2</StepID><Description>Close Assessment button is disable before selecting the reason for closing the assessment</Description><StepExecutedTime>12:04:01 AM</StepExecutedTime><ScreenShot Name="N/A">N/A</ScreenShot><Result>PASS</Result></LowLevelInfo></Step><Step Number="3"><LowLevelInfo><StepID>3</StepID><Description>Hoax option in available in Reason for close assessment Combobox</Description><StepExecutedTime>12:04:02 AM</StepExecutedTime><ScreenShot Name="N/A">N/A</ScreenShot><Result>PASS</Result></LowLevelInfo></Step><Step Number="4"><LowLevelInfo><StepID>4</StepID><Description>Hangup option in available in Reason for close assessment Combobox</Description><StepExecutedTime>12:04:04 AM</StepExecutedTime><ScreenShot Name="N/A">N/A</ScreenShot><Result>PASS</Result></LowLevelInfo></Step><Step Number="5"><LowLevelInfo><StepID>5</StepID><Description>Other option in available in Reason for close assessment Combobox</Description><StepExecutedTime>12:04:06 AM</StepExecutedTime><ScreenShot Name="N/A">N/A</ScreenShot><Result>PASS</Result></LowLevelInfo></Step><Step Number="6"><LowLevelInfo><StepID>6</StepID><Description>Return to Asssessment button is enable in the Close assessment layout</Description><StepExecutedTime>12:04:07 AM</StepExecutedTime><ScreenShot Name="N/A">N/A</ScreenShot><Result>PASS</Result></LowLevelInfo></Step><Step Number="7"><LowLevelInfo><StepID>7</StepID><Description>Close Assessment button is enable after selecting the reason for closing the assessment</Description><StepExecutedTime>12:04:08 AM</StepExecutedTime><ScreenShot Name="N/A">N/A</ScreenShot><Result>PASS</Result></LowLevelInfo></Step><Step Number="8"><LowLevelInfo><StepID>8</StepID><Description>Reson Text box is not enable since Other option is not selected as Reason for closing the assessment</Description><StepExecutedTime>12:04:09 AM</StepExecutedTime><ScreenShot Name="N/A">N/A</ScreenShot><Result>PASS</Result></LowLevelInfo></Step><Step Number="9"><LowLevelInfo><StepID>9</StepID><Description>Hoax option in available in Reason for close assessment Combobox</Description><StepExecutedTime>12:04:11 AM</StepExecutedTime><ScreenShot Name="N/A">N/A</ScreenShot><Result>PASS</Result></LowLevelInfo></Step><Step Number="10"><LowLevelInfo><StepID>10</StepID><Description>Reson Text box is enable since Other option is selected as Reason for closing the assessment</Description><StepExecutedTime>12:04:12 AM</StepExecutedTime><ScreenShot Name="N/A">N/A</ScreenShot><Result>PASS</Result></LowLevelInfo></Step><Step Number="11"><LowLevelInfo><StepID>11</StepID><Description>Other option in available in Reason for close assessment Combobox</Description><StepExecutedTime>12:04:13 AM</StepExecutedTime><ScreenShot Name="N/A">N/A</ScreenShot><Result>PASS</Result></LowLevelInfo></Step><Step Number="12"><LowLevelInfo><StepID>12</StepID><Description>Close Assessment layout is closed when Resurn to Assessment button clicked</Description><StepExecutedTime>12:04:16 AM</StepExecutedTime><ScreenShot Name="N/A">N/A</ScreenShot><Result>PASS</Result></LowLevelInfo></Step><Step Number="13"><LowLevelInfo><StepID>13</StepID><Description>Other option in available in Reason for close assessment Combobox</Description><StepExecutedTime>12:04:19 AM</StepExecutedTime><ScreenShot Name="N/A">N/A</ScreenShot><Result>PASS</Result></LowLevelInfo></Step><Step Number="14"><LowLevelInfo><StepID>14</StepID><Description>Summary screen is displaying on clicking Close assessment Button</Description><StepExecutedTime>12:04:22 AM</StepExecutedTime><ScreenShot Name="N/A">N/A</ScreenShot><Result>PASS</Result></LowLevelInfo></Step><Step Number="15"><LowLevelInfo><StepID>15</StepID><Description>Closed: Hoxed is displaying in the patient OutCome</Description><StepExecutedTime>12:04:23 AM</StepExecutedTime><ScreenShot Name="N/A">N/A</ScreenShot><Result>PASS</Result></LowLevelInfo></Step><Step Number="16"><LowLevelInfo><StepID>16</StepID><Description>Default screen is displaying on clicking Complete button in Summary screen</Description><StepExecutedTime>12:04:27 AM</StepExecutedTime><ScreenShot Name="N/A">N/A</ScreenShot><Result>PASS</Result></LowLevelInfo></Step><TestCaseDescription>StandaloneClinician-To Check close Assessment option available on the LHS of the Assessment screen</TestCaseDescription><Result>PASS</Result><EndTime>12:04:28 AM</EndTime></TestCase><TestCase StartTime="12:04:28 AM" ModuleName="ODY_9893"><TestCaseName>ODY_9893</TestCaseName><Step Number="1"><LowLevelInfo><StepID>1</StepID><Description>IMLT message displayed on selecting high urgency answer</Description><StepExecutedTime>12:05:01 AM</StepExecutedTime><ScreenShot Name="N/A">N/A</ScreenShot><Result>PASS</Result></LowLevelInfo></Step><Step Number="2"><LowLevelInfo><StepID>2</StepID><Description>Warning message given for showing IMLT message only once</Description><StepExecutedTime>12:05:03 AM</StepExecutedTime><ScreenShot Name="N/A">N/A</ScreenShot><Result>PASS</Result></LowLevelInfo></Step><Step Number="3"><LowLevelInfo><StepID>3</StepID><Description>Proceed to End Call button is enabled and displayed with IMLT popup</Description><StepExecutedTime>12:05:05 AM</StepExecutedTime><ScreenShot Name="N/A">N/A</ScreenShot><Result>PASS</Result></LowLevelInfo></Step><Step Number="4"><LowLevelInfo><StepID>4</StepID><Description>Go Back button is enabled and displayed with IMLT popup</Description><StepExecutedTime>12:05:07 AM</StepExecutedTime><ScreenShot Name="N/A">N/A</ScreenShot><Result>PASS</Result></LowLevelInfo></Step><Step Number="5"><LowLevelInfo><StepID>5</StepID><Description>Audit for IMLT popup is logged once user click on Proceed to End Call</Description><StepExecutedTime>12:05:10 AM</StepExecutedTime><ScreenShot Name="N/A">N/A</ScreenShot><Result>PASS</Result></LowLevelInfo></Step><Step Number="6"><LowLevelInfo><StepID>6</StepID><Description>Recommend Emergency is suggested by odyssey in triage screen</Description><StepExecutedTime>12:05:11 AM</StepExecutedTime><ScreenShot Name="N/A">N/A</ScreenShot><Result>PASS</Result></LowLevelInfo></Step><Step Number="7"><LowLevelInfo><StepID>7</StepID><Description>Assessment has been completed on clicking complete button</Description><StepExecutedTime>12:05:23 AM</StepExecutedTime><ScreenShot Name="N/A">N/A</ScreenShot><Result>PASS</Result></LowLevelInfo></Step><Step Number="8"><LowLevelInfo><StepID>8</StepID><Description>EMER is the urgency code saved against the Assessment completed with IMLT</Description><StepExecutedTime>12:05:27 AM</StepExecutedTime><ScreenShot Name="N/A">N/A</ScreenShot><Result>PASS</Result></LowLevelInfo></Step><TestCaseDescription>StandaloneClinician-Test case to display relevant IMLT message for Clinician based on the number of the call disposals.</TestCaseDescription><Result>PASS</Result><EndTime>12:05:27 AM</EndTime></TestCase><TestCase StartTime="12:05:27 AM" ModuleName="ODY_9892"><TestCaseName>ODY_9892</TestCaseName><Step Number="1"><LowLevelInfo><StepID>1</StepID><Description>EMER message displayed on selecting high urgency answer</Description><StepExecutedTime>12:06:09 AM</StepExecutedTime><ScreenShot Name="N/A">N/A</ScreenShot><Result>PASS</Result></LowLevelInfo></Step><Step Number="2"><LowLevelInfo><StepID>2</StepID><Description>Warning message given for showing EMER message only once</Description><StepExecutedTime>12:06:11 AM</StepExecutedTime><ScreenShot Name="N/A">N/A</ScreenShot><Result>PASS</Result></LowLevelInfo></Step><Step Number="3"><LowLevelInfo><StepID>3</StepID><Description>Proceed to End Call button is enabled and displayed with IMLT popup</Description><StepExecutedTime>12:06:12 AM</StepExecutedTime><ScreenShot Name="N/A">N/A</ScreenShot><Result>PASS</Result></LowLevelInfo></Step><Step Number="4"><LowLevelInfo><StepID>4</StepID><Description>Go Back button is enabled and displayed with IMLT popup</Description><StepExecutedTime>12:06:14 AM</StepExecutedTime><ScreenShot Name="N/A">N/A</ScreenShot><Result>PASS</Result></LowLevelInfo></Step><Step Number="5"><LowLevelInfo><StepID>5</StepID><Description>Audit for EMER popup is logged once user click on Proceed to End Call</Description><StepExecutedTime>12:06:19 AM</StepExecutedTime><ScreenShot Name="N/A">N/A</ScreenShot><Result>PASS</Result></LowLevelInfo></Step><Step Number="6"><LowLevelInfo><StepID>6</StepID><Description>Recommend Emergency is suggested by odyssey in triage screen</Description><StepExecutedTime>12:06:21 AM</StepExecutedTime><ScreenShot Name="N/A">N/A</ScreenShot><Result>PASS</Result></LowLevelInfo></Step><Step Number="7"><LowLevelInfo><StepID>7</StepID><Description>Assessment has been completed on clicking complete button</Description><StepExecutedTime>12:06:31 AM</StepExecutedTime><ScreenShot Name="N/A">N/A</ScreenShot><Result>PASS</Result></LowLevelInfo></Step><Step Number="8"><LowLevelInfo><StepID>8</StepID><Description>EMER is the urgency code saved against the Assessment completed with IMLT</Description><StepExecutedTime>12:06:34 AM</StepExecutedTime><ScreenShot Name="N/A">N/A</ScreenShot><Result>PASS</Result></LowLevelInfo></Step><TestCaseDescription>StandaloneClinician-Test case to display relevant EMER message for Clinician based on the number of the call disposals</TestCaseDescription><Result>PASS</Result><EndTime>12:06:34 AM</EndTime></TestCase><TestCase StartTime="12:06:34 AM" ModuleName="ODY_3314"><TestCaseName>ODY_3314</TestCaseName><Step Number="1"><LowLevelInfo><StepID>1</StepID><Description>Summary screen is displaying on selecting all ans and clicked on continue button in assessment screen</Description><StepExecutedTime>12:07:48 AM</StepExecutedTime><ScreenShot Name="N/A">N/A</ScreenShot><Result>PASS</Result></LowLevelInfo></Step><Step Number="2"><LowLevelInfo><StepID>2</StepID><Description>Action Advised: label is displaying in the Summary screen when application is configured for Patient Outcome</Description><StepExecutedTime>12:07:50 AM</StepExecutedTime><ScreenShot Name="N/A">N/A</ScreenShot><Result>PASS</Result></LowLevelInfo></Step><Step Number="3"><LowLevelInfo><StepID>3</StepID><Description>Action selected: label is displaying in the Summary screen when application is configured for Patient Outcome</Description><StepExecutedTime>12:07:52 AM</StepExecutedTime><ScreenShot Name="N/A">N/A</ScreenShot><Result>PASS</Result></LowLevelInfo></Step><Step Number="4"><LowLevelInfo><StepID>4</StepID><Description>Patient Outcome label is displaying in the Summary screen when application is configured for Patient Outcome</Description><StepExecutedTime>12:07:54 AM</StepExecutedTime><ScreenShot Name="N/A">N/A</ScreenShot><Result>PASS</Result></LowLevelInfo></Step><Step Number="5"><LowLevelInfo><StepID>5</StepID><Description>Default screen is displaying on clicking Complete button in the warning pop up</Description><StepExecutedTime>12:08:08 AM</StepExecutedTime><ScreenShot Name="N/A">N/A</ScreenShot><Result>PASS</Result></LowLevelInfo></Step><Step Number="6"><LowLevelInfo><StepID>6</StepID><Description>Test Outcome is displaying in database after completing an assessment.</Description><StepExecutedTime>12:08:08 AM</StepExecutedTime><ScreenShot Name="N/A">N/A</ScreenShot><Result>PASS</Result></LowLevelInfo></Step><Step Number="7"><LowLevelInfo><StepID>7</StepID><Description>Test Outcome is displaying in database after completing an assessment.</Description><StepExecutedTime>12:08:40 AM</StepExecutedTime><ScreenShot Name="N/A">N/A</ScreenShot><Result>PASS</Result></LowLevelInfo></Step><TestCaseDescription>StandaloneCallHandler-Create an assessment and validate outcomes is populating in the Summary screen.</TestCaseDescription><Result>PASS</Result><EndTime>12:08:44 AM</EndTime></TestCase><TestCase StartTime="12:08:44 AM" ModuleName="ODY_3313"><TestCaseName>ODY_3313</TestCaseName><Step Number="1"><LowLevelInfo><StepID>1</StepID><Description>Change Presenting Complaint button is hidden upon answering question in the assessment screen</Description><StepExecutedTime>12:09:18 AM</StepExecutedTime><ScreenShot Name="N/A">N/A</ScreenShot><Result>PASS</Result></LowLevelInfo></Step><Step Number="2"><LowLevelInfo><StepID>2</StepID><Description>Patient Outcome label is displaying in the CareAdvice popup window</Description><StepExecutedTime>12:09:23 AM</StepExecutedTime><ScreenShot Name="N/A">N/A</ScreenShot><Result>PASS</Result></LowLevelInfo></Step><Step Number="3"><LowLevelInfo><StepID>3</StepID><Description>Pass to Clinician is disabled without selecting patient outcome in the CareAdvice popup window</Description><StepExecutedTime>12:09:26 AM</StepExecutedTime><ScreenShot Name="N/A">N/A</ScreenShot><Result>PASS</Result></LowLevelInfo></Step><Step Number="4"><LowLevelInfo><StepID>4</StepID><Description>Pass to Clinician is enabled after selecting patient outcome in the CareAdvice popup window</Description><StepExecutedTime>12:09:31 AM</StepExecutedTime><ScreenShot Name="N/A">N/A</ScreenShot><Result>PASS</Result></LowLevelInfo></Step><TestCaseDescription>StandaloneCallHandler-To check the functionalities of Patient outcome for call handler in 1st assessment screen.</TestCaseDescription><Result>PASS</Result><EndTime>12:09:37 AM</EndTime></TestCase><TestCase StartTime="12:09:37 AM" ModuleName="ODY_9889"><TestCaseName>ODY_9889</TestCaseName><Step Number="1"><LowLevelInfo><StepID>1</StepID><Description>IMLT message displayed on selecting high urgency answer</Description><StepExecutedTime>12:10:16 AM</StepExecutedTime><ScreenShot Name="N/A">N/A</ScreenShot><Result>PASS</Result></LowLevelInfo></Step><Step Number="2"><LowLevelInfo><StepID>2</StepID><Description>Warning message given for showing IMLT message only once</Description><StepExecutedTime>12:10:19 AM</StepExecutedTime><ScreenShot Name="N/A">N/A</ScreenShot><Result>PASS</Result></LowLevelInfo></Step><Step Number="3"><LowLevelInfo><StepID>3</StepID><Description>Audit for AmbulanceWarning with description as We suggest that an Ambulance is sent for the patient is logged</Description><StepExecutedTime>12:10:19 AM</StepExecutedTime><ScreenShot Name="N/A">N/A</ScreenShot><Result>PASS</Result></LowLevelInfo></Step><Step Number="4"><LowLevelInfo><StepID>4</StepID><Description>Audit for AmbulanceWarning with description as We suggest that an Ambulance is sent for the patient : User Selected - Continue is logged</Description><StepExecutedTime>12:10:20 AM</StepExecutedTime><ScreenShot Name="N/A">N/A</ScreenShot><Result>PASS</Result></LowLevelInfo></Step><Step Number="5"><LowLevelInfo><StepID>5</StepID><Description>Transfer to emergency ambulance service Action required is displaying</Description><StepExecutedTime>12:10:22 AM</StepExecutedTime><ScreenShot Name="N/A">N/A</ScreenShot><Result>PASS</Result></LowLevelInfo></Step><Step Number="6"><LowLevelInfo><StepID>6</StepID><Description>CareAdvice Overlay is displaying on click of Continue</Description><StepExecutedTime>12:10:26 AM</StepExecutedTime><ScreenShot Name="N/A">N/A</ScreenShot><Result>PASS</Result></LowLevelInfo></Step><Step Number="7"><LowLevelInfo><StepID>7</StepID><Description>EMER is the urgency code saved against the Assessment completed with IMLT</Description><StepExecutedTime>12:10:42 AM</StepExecutedTime><ScreenShot Name="N/A">N/A</ScreenShot><Result>PASS</Result></LowLevelInfo></Step><TestCaseDescription>StandaloneCallHandler-Test case to display relevant IMLT message in 1st assessment screen for firstcall based on the number of the call disposals</TestCaseDescription><Result>PASS</Result><EndTime>12:10:42 AM</EndTime></TestCase><TestCase StartTime="12:10:42 AM" ModuleName="ODY_9894"><TestCaseName>ODY_9894</TestCaseName><Step Number="1"><LowLevelInfo><StepID>1</StepID><Description>IMLT message displayed on selecting high urgency answer</Description><StepExecutedTime>12:11:41 AM</StepExecutedTime><ScreenShot Name="N/A">N/A</ScreenShot><Result>PASS</Result></LowLevelInfo></Step><Step Number="2"><LowLevelInfo><StepID>2</StepID><Description>Audit for AmbulanceWarning with description as We suggest that an Ambulance is sent for the patient is logged</Description><StepExecutedTime>12:11:41 AM</StepExecutedTime><ScreenShot Name="N/A">N/A</ScreenShot><Result>PASS</Result></LowLevelInfo></Step><Step Number="3"><LowLevelInfo><StepID>3</StepID><Description>Audit for AmbulanceWarning with description as We suggest that an Ambulance is sent for the patient : User Selected - Continue is logged</Description><StepExecutedTime>12:11:43 AM</StepExecutedTime><ScreenShot Name="N/A">N/A</ScreenShot><Result>PASS</Result></LowLevelInfo></Step><Step Number="4"><LowLevelInfo><StepID>4</StepID><Description>CareAdvice Overlay is displaying on click of Continue</Description><StepExecutedTime>12:11:44 AM</StepExecutedTime><ScreenShot Name="N/A">N/A</ScreenShot><Result>PASS</Result></LowLevelInfo></Step><Step Number="5"><LowLevelInfo><StepID>5</StepID><Description>EMER is the urgency code saved against the Assessment completed with IMLT</Description><StepExecutedTime>12:12:10 AM</StepExecutedTime><ScreenShot Name="N/A">N/A</ScreenShot><Result>PASS</Result></LowLevelInfo></Step><TestCaseDescription>StandaloneCallHandler-Test case to display relevant IMLT message for second assessment screen for FirstCall based on the number of the call disposals</TestCaseDescription><Result>PASS</Result><EndTime>12:12:10 AM</EndTime></TestCase><TestCase StartTime="12:12:10 AM" ModuleName="ODY_9891"><TestCaseName>ODY_9891</TestCaseName><Step Number="1"><LowLevelInfo><StepID>1</StepID><Description>EMER message displayed on selecting high urgency answer</Description><StepExecutedTime>12:13:12 AM</StepExecutedTime><ScreenShot Name="N/A">N/A</ScreenShot><Result>PASS</Result></LowLevelInfo></Step><Step Number="2"><LowLevelInfo><StepID>2</StepID><Description>Audit for AmbulanceWarning with description as We suggest that an Ambulance is sent for the patient is logged</Description><StepExecutedTime>12:13:12 AM</StepExecutedTime><ScreenShot Name="N/A">N/A</ScreenShot><Result>PASS</Result></LowLevelInfo></Step><Step Number="3"><LowLevelInfo><StepID>3</StepID><Description>Audit for AmbulanceWarning with description as We suggest that an Ambulance is sent for the patient : User Selected - Continue is logged</Description><StepExecutedTime>12:13:14 AM</StepExecutedTime><ScreenShot Name="N/A">N/A</ScreenShot><Result>PASS</Result></LowLevelInfo></Step><Step Number="4"><LowLevelInfo><StepID>4</StepID><Description>CareAdvice Overlay is displaying on click of Continue</Description><StepExecutedTime>12:13:15 AM</StepExecutedTime><ScreenShot Name="N/A">N/A</ScreenShot><Result>PASS</Result></LowLevelInfo></Step><Step Number="5"><LowLevelInfo><StepID>5</StepID><Description>EMER is the urgency code saved against the Assessment completed with IMLT</Description><StepExecutedTime>12:13:33 AM</StepExecutedTime><ScreenShot Name="N/A">N/A</ScreenShot><Result>PASS</Result></LowLevelInfo></Step><TestCaseDescription>StandaloneCallHandler-Test case to display relevant EMER message for firstcall based on the number of the call disposals</TestCaseDescription><Result>PASS</Result><EndTime>12:13:33 AM</EndTime><EndExecutionTime>16/Feb/2023   12:13:33 AM</EndExecutionTime><TotalTimeTaken>00:10:11</TotalTimeTaken></TestCase></Root>
