<?xml-stylesheet type='text/xsl' href='DetailXmlReference/LogReport.xsl'?>
<Root><StartTime>16/Feb/2023   1:05:27 AM</StartTime><Browser>BROWSERNAME - Version: BrowserName</Browser><Module>REPORTINGDBSIGNPOST</Module><TestCase StartTime="1:05:27 AM" ModuleName="ODY_10371"><TestCaseName>ODY_10371</TestCaseName><Step Number="1"><LowLevelInfo><StepID>1</StepID><Description>No match found message is displaying for the patient searched before saving the patient detail</Description><StepExecutedTime>1:06:24 AM</StepExecutedTime><ScreenShot Name="N/A">N/A</ScreenShot><Result>PASS</Result></LowLevelInfo></Step><Step Number="2"><LowLevelInfo><StepID>2</StepID><Description>Demographic screen is displaying</Description><StepExecutedTime>1:06:28 AM</StepExecutedTime><ScreenShot Name="N/A">N/A</ScreenShot><Result>PASS</Result></LowLevelInfo></Step><Step Number="3"><LowLevelInfo><StepID>3</StepID><Description>There is one matching GP is displaying in the search results</Description><StepExecutedTime>1:06:51 AM</StepExecutedTime><ScreenShot Name="N/A">N/A</ScreenShot><Result>PASS</Result></LowLevelInfo></Step><Step Number="4"><LowLevelInfo><StepID>4</StepID><Description>GP  has been selected from the search list and it is displaying in the Current GP Section</Description><StepExecutedTime>1:06:55 AM</StepExecutedTime><ScreenShot Name="N/A">N/A</ScreenShot><Result>PASS</Result></LowLevelInfo></Step><Step Number="5"><LowLevelInfo><StepID>5</StepID><Description>Default screen is displaying after assessment is paused</Description><StepExecutedTime>1:07:19 AM</StepExecutedTime><ScreenShot Name="N/A">N/A</ScreenShot><Result>PASS</Result></LowLevelInfo></Step><Step Number="6"><LowLevelInfo><StepID>6</StepID><Description>Preferred signpost GP Assessment is highlighted again on click in summary screen</Description><StepExecutedTime>1:07:52 AM</StepExecutedTime><ScreenShot Name="N/A">N/A</ScreenShot><Result>PASS</Result></LowLevelInfo></Step><Step Number="7"><LowLevelInfo><StepID>7</StepID><Description>Default screen is displaying after assessment is completed</Description><StepExecutedTime>1:07:56 AM</StepExecutedTime><ScreenShot Name="N/A">N/A</ScreenShot><Result>PASS</Result></LowLevelInfo></Step><Step Number="8"><LowLevelInfo><StepID>8</StepID><Description>Details for question Other Symptoms as Backache is saved properly in reporting database for the assessment</Description><StepExecutedTime>1:08:00 AM</StepExecutedTime><ScreenShot Name="N/A">N/A</ScreenShot><Result>PASS</Result></LowLevelInfo></Step><Step Number="9"><LowLevelInfo><StepID>9</StepID><Description>Details for question Other Symptoms as Stiffness is saved properly in reporting database for the assessment</Description><StepExecutedTime>1:08:00 AM</StepExecutedTime><ScreenShot Name="N/A">N/A</ScreenShot><Result>PASS</Result></LowLevelInfo></Step><Step Number="10"><LowLevelInfo><StepID>10</StepID><Description>Details for question Bowel problems is saved properly in reporting database for the assessment</Description><StepExecutedTime>1:08:00 AM</StepExecutedTime><ScreenShot Name="N/A">N/A</ScreenShot><Result>PASS</Result></LowLevelInfo></Step><Step Number="11"><LowLevelInfo><StepID>11</StepID><Description>Conent Details for assessment is saved properly in reporting database</Description><StepExecutedTime>1:08:00 AM</StepExecutedTime><ScreenShot Name="N/A">N/A</ScreenShot><Result>PASS</Result></LowLevelInfo></Step><Step Number="12"><LowLevelInfo><StepID>12</StepID><Description>Patient Details is saved properly in reporting database for the assessment</Description><StepExecutedTime>1:08:00 AM</StepExecutedTime><ScreenShot Name="N/A">N/A</ScreenShot><Result>PASS</Result></LowLevelInfo></Step><Step Number="13"><LowLevelInfo><StepID>13</StepID><Description>Contact Details is saved properly in reporting database for the assessment</Description><StepExecutedTime>1:08:00 AM</StepExecutedTime><ScreenShot Name="N/A">N/A</ScreenShot><Result>PASS</Result></LowLevelInfo></Step><Step Number="14"><LowLevelInfo><StepID>14</StepID><Description>Urgency and outcome details for assessment is saved properly in reporting database</Description><StepExecutedTime>1:08:00 AM</StepExecutedTime><ScreenShot Name="N/A">N/A</ScreenShot><Result>PASS</Result></LowLevelInfo></Step><Step Number="15"><LowLevelInfo><StepID>15</StepID><Description>Signpost details for assessment is saved properly in reporting database</Description><StepExecutedTime>1:08:00 AM</StepExecutedTime><ScreenShot Name="N/A">N/A</ScreenShot><Result>PASS</Result></LowLevelInfo></Step><TestCaseDescription>StandaloneClinician - Validate that all the details of paused assessment is saved in Reporting Database</TestCaseDescription><Result>PASS</Result><EndTime>1:08:00 AM</EndTime></TestCase><TestCase StartTime="1:08:00 AM" ModuleName="ODY_10380"><TestCaseName>ODY_10380</TestCaseName><Step Number="1"><LowLevelInfo><StepID>1</StepID><Description>Recommend transferring this call to a clinician now popup message displaying on selecting emergency ans in the first screen</Description><StepExecutedTime>1:08:40 AM</StepExecutedTime><ScreenShot Name="N/A">N/A</ScreenShot><Result>PASS</Result></LowLevelInfo></Step><Step Number="2"><LowLevelInfo><StepID>2</StepID><Description>CareAdvice Overlay is displaying on click of Continue</Description><StepExecutedTime>1:08:42 AM</StepExecutedTime><ScreenShot Name="N/A">N/A</ScreenShot><Result>PASS</Result></LowLevelInfo></Step><Step Number="3"><LowLevelInfo><StepID>3</StepID><Description>Signposts : label is displayed for CallHandler in the Summary screen</Description><StepExecutedTime>1:08:44 AM</StepExecutedTime><ScreenShot Name="N/A">N/A</ScreenShot><Result>PASS</Result></LowLevelInfo></Step><Step Number="4"><LowLevelInfo><StepID>4</StepID><Description>Only one signpost Call Ambulance is shown and preselected in the assessment screen</Description><StepExecutedTime>1:08:45 AM</StepExecutedTime><ScreenShot Name="N/A">N/A</ScreenShot><Result>PASS</Result></LowLevelInfo></Step><Step Number="5"><LowLevelInfo><StepID>5</StepID><Description>Details for question Current State is saved properly in reporting database for the assessment</Description><StepExecutedTime>1:08:53 AM</StepExecutedTime><ScreenShot Name="N/A">N/A</ScreenShot><Result>PASS</Result></LowLevelInfo></Step><Step Number="6"><LowLevelInfo><StepID>6</StepID><Description>Conent Details for assessment is saved properly in reporting database</Description><StepExecutedTime>1:08:53 AM</StepExecutedTime><ScreenShot Name="N/A">N/A</ScreenShot><Result>PASS</Result></LowLevelInfo></Step><Step Number="7"><LowLevelInfo><StepID>7</StepID><Description>Patient Details is saved properly in reporting database for the assessment</Description><StepExecutedTime>1:08:53 AM</StepExecutedTime><ScreenShot Name="N/A">N/A</ScreenShot><Result>PASS</Result></LowLevelInfo></Step><Step Number="8"><LowLevelInfo><StepID>8</StepID><Description>Contact Details is saved properly in reporting database for the assessment</Description><StepExecutedTime>1:08:54 AM</StepExecutedTime><ScreenShot Name="N/A">N/A</ScreenShot><Result>PASS</Result></LowLevelInfo></Step><Step Number="9"><LowLevelInfo><StepID>9</StepID><Description>Urgency and outcome details for assessment is saved properly in reporting database</Description><StepExecutedTime>1:08:54 AM</StepExecutedTime><ScreenShot Name="N/A">N/A</ScreenShot><Result>PASS</Result></LowLevelInfo></Step><Step Number="10"><LowLevelInfo><StepID>10</StepID><Description>Signpost details for assessment is saved properly in reporting database</Description><StepExecutedTime>1:08:54 AM</StepExecutedTime><ScreenShot Name="N/A">N/A</ScreenShot><Result>PASS</Result></LowLevelInfo></Step><Step Number="11"><LowLevelInfo><StepID>11</StepID><Description>FirstAidAdvice details for assessment is saved properly in reporting database</Description><StepExecutedTime>1:08:54 AM</StepExecutedTime><ScreenShot Name="N/A">N/A</ScreenShot><Result>PASS</Result></LowLevelInfo></Step><Step Number="12"><LowLevelInfo><StepID>12</StepID><Description>QuestionTextType as T thirdperson for assessment is saved properly in reporting database</Description><StepExecutedTime>1:08:54 AM</StepExecutedTime><ScreenShot Name="N/A">N/A</ScreenShot><Result>PASS</Result></LowLevelInfo></Step><TestCaseDescription>StandaloneCallHandler - Validate that all the details of ended assessment with emergency is saved in Reporting Database</TestCaseDescription><Result>PASS</Result><EndTime>1:08:54 AM</EndTime></TestCase><TestCase StartTime="1:08:54 AM" ModuleName="ODY_10381"><TestCaseName>ODY_10381</TestCaseName><Step Number="1"><LowLevelInfo><StepID>1</StepID><Description>No match found message is displaying for the patient searched before saving the patient detail</Description><StepExecutedTime>1:09:26 AM</StepExecutedTime><ScreenShot Name="N/A">N/A</ScreenShot><Result>PASS</Result></LowLevelInfo></Step><Step Number="2"><LowLevelInfo><StepID>2</StepID><Description>Demographic screen is displaying on click of Add new patient</Description><StepExecutedTime>1:09:29 AM</StepExecutedTime><ScreenShot Name="N/A">N/A</ScreenShot><Result>PASS</Result></LowLevelInfo></Step><Step Number="3"><LowLevelInfo><StepID>3</StepID><Description>Recommended transferring this call to a clinician now message box is displaying</Description><StepExecutedTime>1:10:19 AM</StepExecutedTime><ScreenShot Name="N/A">N/A</ScreenShot><Result>PASS</Result></LowLevelInfo></Step><Step Number="4"><LowLevelInfo><StepID>4</StepID><Description>CareAdvice Overlay is displaying on click of Continue</Description><StepExecutedTime>1:10:22 AM</StepExecutedTime><ScreenShot Name="N/A">N/A</ScreenShot><Result>PASS</Result></LowLevelInfo></Step><Step Number="5"><LowLevelInfo><StepID>5</StepID><Description>Signposts  label is displayed for CallHandler in the 2nd assessment screen</Description><StepExecutedTime>1:10:23 AM</StepExecutedTime><ScreenShot Name="N/A">N/A</ScreenShot><Result>PASS</Result></LowLevelInfo></Step><Step Number="6"><LowLevelInfo><StepID>6</StepID><Description>Only one signpost Clinical Assessment Now is shown and preselected in the Summary screen</Description><StepExecutedTime>1:10:25 AM</StepExecutedTime><ScreenShot Name="N/A">N/A</ScreenShot><Result>PASS</Result></LowLevelInfo></Step><Step Number="7"><LowLevelInfo><StepID>7</StepID><Description>Details for question Pain Signs is saved properly in reporting database for the assessment</Description><StepExecutedTime>1:10:34 AM</StepExecutedTime><ScreenShot Name="N/A">N/A</ScreenShot><Result>PASS</Result></LowLevelInfo></Step><Step Number="8"><LowLevelInfo><StepID>8</StepID><Description>Details for question Swelling is saved properly in reporting database for the assessment</Description><StepExecutedTime>1:10:34 AM</StepExecutedTime><ScreenShot Name="N/A">N/A</ScreenShot><Result>PASS</Result></LowLevelInfo></Step><Step Number="9"><LowLevelInfo><StepID>9</StepID><Description>Conent Details for assessment is not saved properly in reporting database</Description><StepExecutedTime>1:10:34 AM</StepExecutedTime><ScreenShot Name="View">..\Module Results\Snapshot\2_16_1_10_34.png</ScreenShot><Result>FAIL</Result></LowLevelInfo></Step><Step Number="10"><LowLevelInfo><StepID>10</StepID><Description>Patient Details is saved properly in reporting database for the assessment</Description><StepExecutedTime>1:10:35 AM</StepExecutedTime><ScreenShot Name="N/A">N/A</ScreenShot><Result>PASS</Result></LowLevelInfo></Step><Step Number="11"><LowLevelInfo><StepID>11</StepID><Description>Contact Details is saved properly in reporting database for the assessment</Description><StepExecutedTime>1:10:35 AM</StepExecutedTime><ScreenShot Name="N/A">N/A</ScreenShot><Result>PASS</Result></LowLevelInfo></Step><Step Number="12"><LowLevelInfo><StepID>12</StepID><Description>Urgency and outcome details for assessment is saved properly in reporting database</Description><StepExecutedTime>1:10:35 AM</StepExecutedTime><ScreenShot Name="N/A">N/A</ScreenShot><Result>PASS</Result></LowLevelInfo></Step><Step Number="13"><LowLevelInfo><StepID>13</StepID><Description>Signpost details for assessment is saved properly in reporting database</Description><StepExecutedTime>1:10:35 AM</StepExecutedTime><ScreenShot Name="N/A">N/A</ScreenShot><Result>PASS</Result></LowLevelInfo></Step><Step Number="14"><LowLevelInfo><StepID>14</StepID><Description>FirstAidAdvice details for assessment is saved properly in reporting database</Description><StepExecutedTime>1:10:35 AM</StepExecutedTime><ScreenShot Name="N/A">N/A</ScreenShot><Result>PASS</Result></LowLevelInfo></Step><Step Number="15"><LowLevelInfo><StepID>15</StepID><Description>QuestionTextType as T thirdperson for assessment is saved properly in reporting database</Description><StepExecutedTime>1:10:35 AM</StepExecutedTime><ScreenShot Name="N/A">N/A</ScreenShot><Result>PASS</Result></LowLevelInfo></Step><Step Number="16"><LowLevelInfo><StepID>16</StepID><Description>Assessment added to queue on clicking pass to clinician from Call handler user</Description><StepExecutedTime>1:10:57 AM</StepExecutedTime><ScreenShot Name="N/A">N/A</ScreenShot><Result>PASS</Result></LowLevelInfo></Step><Step Number="17"><LowLevelInfo><StepID>17</StepID><Description>Accept patient screen is displaying on clicking pick up button from the assessment in the queue</Description><StepExecutedTime>1:11:02 AM</StepExecutedTime><ScreenShot Name="N/A">N/A</ScreenShot><Result>PASS</Result></LowLevelInfo></Step><Step Number="18"><LowLevelInfo><StepID>18</StepID><Description>Default screen is displaying on cliking on complete button</Description><StepExecutedTime>1:11:24 AM</StepExecutedTime><ScreenShot Name="N/A">N/A</ScreenShot><Result>PASS</Result></LowLevelInfo></Step><Step Number="19"><LowLevelInfo><StepID>19</StepID><Description>Details for question Mechanism as Penetrating injury is saved properly in reporting database for the assessment</Description><StepExecutedTime>1:11:28 AM</StepExecutedTime><ScreenShot Name="N/A">N/A</ScreenShot><Result>PASS</Result></LowLevelInfo></Step><Step Number="20"><LowLevelInfo><StepID>20</StepID><Description>Details for question Mechanism as Road accident is saved properly in reporting database for the assessment</Description><StepExecutedTime>1:11:28 AM</StepExecutedTime><ScreenShot Name="N/A">N/A</ScreenShot><Result>PASS</Result></LowLevelInfo></Step><Step Number="21"><LowLevelInfo><StepID>21</StepID><Description>Details for question Child at risk? is saved properly in reporting database for the assessment</Description><StepExecutedTime>1:11:29 AM</StepExecutedTime><ScreenShot Name="N/A">N/A</ScreenShot><Result>PASS</Result></LowLevelInfo></Step><Step Number="22"><LowLevelInfo><StepID>22</StepID><Description>Details for question Swelling is saved properly in reporting database for the assessment</Description><StepExecutedTime>1:11:29 AM</StepExecutedTime><ScreenShot Name="N/A">N/A</ScreenShot><Result>PASS</Result></LowLevelInfo></Step><Step Number="23"><LowLevelInfo><StepID>23</StepID><Description>Patient Details is saved properly in reporting database for the assessment</Description><StepExecutedTime>1:11:29 AM</StepExecutedTime><ScreenShot Name="N/A">N/A</ScreenShot><Result>PASS</Result></LowLevelInfo></Step><Step Number="24"><LowLevelInfo><StepID>24</StepID><Description>Contact Details is saved properly in reporting database for the assessment</Description><StepExecutedTime>1:11:29 AM</StepExecutedTime><ScreenShot Name="N/A">N/A</ScreenShot><Result>PASS</Result></LowLevelInfo></Step><Step Number="25"><LowLevelInfo><StepID>25</StepID><Description>Conent Details for assessment is saved properly in reporting database</Description><StepExecutedTime>1:11:29 AM</StepExecutedTime><ScreenShot Name="N/A">N/A</ScreenShot><Result>PASS</Result></LowLevelInfo></Step><Step Number="26"><LowLevelInfo><StepID>26</StepID><Description>Urgency and outcome details for assessment is saved properly in reporting database</Description><StepExecutedTime>1:11:29 AM</StepExecutedTime><ScreenShot Name="N/A">N/A</ScreenShot><Result>PASS</Result></LowLevelInfo></Step><Step Number="27"><LowLevelInfo><StepID>27</StepID><Description>Urgency and outcome details for assessment is saved properly in reporting database</Description><StepExecutedTime>1:11:29 AM</StepExecutedTime><ScreenShot Name="N/A">N/A</ScreenShot><Result>PASS</Result></LowLevelInfo></Step><Step Number="28"><LowLevelInfo><StepID>28</StepID><Description>Signpost details selected by firstcall for assessment is saved properly in reporting database</Description><StepExecutedTime>1:11:29 AM</StepExecutedTime><ScreenShot Name="N/A">N/A</ScreenShot><Result>PASS</Result></LowLevelInfo></Step><Step Number="29"><LowLevelInfo><StepID>29</StepID><Description>Signpost details selected by clinician for assessment is saved properly in reporting database</Description><StepExecutedTime>1:11:29 AM</StepExecutedTime><ScreenShot Name="N/A">N/A</ScreenShot><Result>PASS</Result></LowLevelInfo></Step><Step Number="30"><LowLevelInfo><StepID>30</StepID><Description>FirstAidAdvice details for assessment is saved properly in reporting database</Description><StepExecutedTime>1:11:29 AM</StepExecutedTime><ScreenShot Name="N/A">N/A</ScreenShot><Result>PASS</Result></LowLevelInfo></Step><Step Number="31"><LowLevelInfo><StepID>31</StepID><Description>QuestionTextType remain as T thirdperson for assessment is saved properly in reporting database</Description><StepExecutedTime>1:11:29 AM</StepExecutedTime><ScreenShot Name="N/A">N/A</ScreenShot><Result>PASS</Result></LowLevelInfo></Step><TestCaseDescription>StandaloneCallHandler - Validate that details of passed assessment and completed by clinician is saved in Reporting Database</TestCaseDescription><Result>FAIL</Result><EndTime>1:11:29 AM</EndTime></TestCase><TestCase StartTime="1:11:29 AM" ModuleName="ODY_10382"><TestCaseName>ODY_10382</TestCaseName><Step Number="1"><LowLevelInfo><StepID>1</StepID><Description>None of the signpost is preselected in summary screen</Description><StepExecutedTime>1:12:54 AM</StepExecutedTime><ScreenShot Name="N/A">N/A</ScreenShot><Result>PASS</Result></LowLevelInfo></Step><Step Number="2"><LowLevelInfo><StepID>2</StepID><Description>Preferred signpost Dentist assessment is highlighted again on click in summary screen</Description><StepExecutedTime>1:12:56 AM</StepExecutedTime><ScreenShot Name="N/A">N/A</ScreenShot><Result>PASS</Result></LowLevelInfo></Step><Step Number="3"><LowLevelInfo><StepID>3</StepID><Description>Details for question Brace Problem is saved properly in reporting database for the assessment</Description><StepExecutedTime>1:13:11 AM</StepExecutedTime><ScreenShot Name="N/A">N/A</ScreenShot><Result>PASS</Result></LowLevelInfo></Step><Step Number="4"><LowLevelInfo><StepID>4</StepID><Description>Conent Details for assessment is saved properly in reporting database</Description><StepExecutedTime>1:13:11 AM</StepExecutedTime><ScreenShot Name="N/A">N/A</ScreenShot><Result>PASS</Result></LowLevelInfo></Step><Step Number="5"><LowLevelInfo><StepID>5</StepID><Description>Patient Details is saved properly in reporting database for the assessment</Description><StepExecutedTime>1:13:11 AM</StepExecutedTime><ScreenShot Name="N/A">N/A</ScreenShot><Result>PASS</Result></LowLevelInfo></Step><Step Number="6"><LowLevelInfo><StepID>6</StepID><Description>Contact Details is saved properly in reporting database for the assessment</Description><StepExecutedTime>1:13:11 AM</StepExecutedTime><ScreenShot Name="N/A">N/A</ScreenShot><Result>PASS</Result></LowLevelInfo></Step><Step Number="7"><LowLevelInfo><StepID>7</StepID><Description>Urgency and outcome details for assessment is saved properly in reporting database</Description><StepExecutedTime>1:13:11 AM</StepExecutedTime><ScreenShot Name="N/A">N/A</ScreenShot><Result>PASS</Result></LowLevelInfo></Step><Step Number="8"><LowLevelInfo><StepID>8</StepID><Description>Signpost details for assessment is saved properly in reporting database</Description><StepExecutedTime>1:13:11 AM</StepExecutedTime><ScreenShot Name="N/A">N/A</ScreenShot><Result>PASS</Result></LowLevelInfo></Step><Step Number="9"><LowLevelInfo><StepID>9</StepID><Description>CareAdvice Details is saved properly in reporting database for the assessment</Description><StepExecutedTime>1:13:11 AM</StepExecutedTime><ScreenShot Name="N/A">N/A</ScreenShot><Result>PASS</Result></LowLevelInfo></Step><Step Number="10"><LowLevelInfo><StepID>10</StepID><Description>WorseningAdvice Details is saved properly in reporting database for the assessment</Description><StepExecutedTime>1:13:11 AM</StepExecutedTime><ScreenShot Name="N/A">N/A</ScreenShot><Result>PASS</Result></LowLevelInfo></Step><Step Number="11"><LowLevelInfo><StepID>11</StepID><Description>WorseningStatement Details is saved properly in reporting database for the assessment</Description><StepExecutedTime>1:13:11 AM</StepExecutedTime><ScreenShot Name="N/A">N/A</ScreenShot><Result>PASS</Result></LowLevelInfo></Step><Step Number="12"><LowLevelInfo><StepID>12</StepID><Description>QuestionTextType as F firstperson for assessment is saved properly in reporting database</Description><StepExecutedTime>1:13:11 AM</StepExecutedTime><ScreenShot Name="N/A">N/A</ScreenShot><Result>PASS</Result></LowLevelInfo></Step><TestCaseDescription>StandaloneCallHandler - Validate that all the details of completed assessment with Routine is saved in Reporting Database</TestCaseDescription><Result>PASS</Result><EndTime>1:13:11 AM</EndTime></TestCase><TestCase StartTime="1:13:11 AM" ModuleName="ODY_10303"><TestCaseName>ODY_10303</TestCaseName><Step Number="1"><LowLevelInfo><StepID>1</StepID><Description>No match found message is displaying for the patient searched before saving the patient detail</Description><StepExecutedTime>1:13:37 AM</StepExecutedTime><ScreenShot Name="N/A">N/A</ScreenShot><Result>PASS</Result></LowLevelInfo></Step><Step Number="2"><LowLevelInfo><StepID>2</StepID><Description>Demographic screen is displaying</Description><StepExecutedTime>1:13:40 AM</StepExecutedTime><ScreenShot Name="N/A">N/A</ScreenShot><Result>PASS</Result></LowLevelInfo></Step><Step Number="3"><LowLevelInfo><StepID>3</StepID><Description>Preferred signpost Dentist assessment is highlighted again on click in summary screen</Description><StepExecutedTime>1:14:49 AM</StepExecutedTime><ScreenShot Name="N/A">N/A</ScreenShot><Result>PASS</Result></LowLevelInfo></Step><Step Number="4"><LowLevelInfo><StepID>4</StepID><Description>Assessment is not added to queue on clicking pass to clinician from Call handler user</Description><StepExecutedTime>1:15:07 AM</StepExecutedTime><ScreenShot Name="N/A">N/A</ScreenShot><Result>PASS</Result></LowLevelInfo></Step><Step Number="5"><LowLevelInfo><StepID>5</StepID><Description>Details for question Weight Bearing is saved properly in reporting database for the assessment</Description><StepExecutedTime>1:15:10 AM</StepExecutedTime><ScreenShot Name="N/A">N/A</ScreenShot><Result>PASS</Result></LowLevelInfo></Step><Step Number="6"><LowLevelInfo><StepID>6</StepID><Description>Details for question Bruising is saved properly in reporting database for the assessment</Description><StepExecutedTime>1:15:11 AM</StepExecutedTime><ScreenShot Name="N/A">N/A</ScreenShot><Result>PASS</Result></LowLevelInfo></Step><Step Number="7"><LowLevelInfo><StepID>7</StepID><Description>Conent Details for assessment is saved properly in reporting database</Description><StepExecutedTime>1:15:11 AM</StepExecutedTime><ScreenShot Name="N/A">N/A</ScreenShot><Result>PASS</Result></LowLevelInfo></Step><Step Number="8"><LowLevelInfo><StepID>8</StepID><Description>Patient Details is saved properly in reporting database for the assessment</Description><StepExecutedTime>1:15:11 AM</StepExecutedTime><ScreenShot Name="N/A">N/A</ScreenShot><Result>PASS</Result></LowLevelInfo></Step><Step Number="9"><LowLevelInfo><StepID>9</StepID><Description>Contact Details is saved properly in reporting database for the assessment</Description><StepExecutedTime>1:15:11 AM</StepExecutedTime><ScreenShot Name="N/A">N/A</ScreenShot><Result>PASS</Result></LowLevelInfo></Step><Step Number="10"><LowLevelInfo><StepID>10</StepID><Description>Urgency and outcome details for assessment is saved properly in reporting database</Description><StepExecutedTime>1:15:11 AM</StepExecutedTime><ScreenShot Name="N/A">N/A</ScreenShot><Result>PASS</Result></LowLevelInfo></Step><Step Number="11"><LowLevelInfo><StepID>11</StepID><Description>Signpost details for assessment is saved properly in reporting database</Description><StepExecutedTime>1:15:11 AM</StepExecutedTime><ScreenShot Name="N/A">N/A</ScreenShot><Result>PASS</Result></LowLevelInfo></Step><Step Number="12"><LowLevelInfo><StepID>12</StepID><Description>Iteration Type is Lay for assessment passed to clinician for firstcall only</Description><StepExecutedTime>1:15:11 AM</StepExecutedTime><ScreenShot Name="N/A">N/A</ScreenShot><Result>PASS</Result></LowLevelInfo></Step><Step Number="13"><LowLevelInfo><StepID>13</StepID><Description>Session status is Closed for assessment passed to clinician for firstcall only</Description><StepExecutedTime>1:15:12 AM</StepExecutedTime><ScreenShot Name="N/A">N/A</ScreenShot><Result>PASS</Result></LowLevelInfo></Step><Step Number="14"><LowLevelInfo><StepID>14</StepID><Description>CareAdvice Details is saved properly in reporting database for the assessment</Description><StepExecutedTime>1:15:12 AM</StepExecutedTime><ScreenShot Name="N/A">N/A</ScreenShot><Result>PASS</Result></LowLevelInfo></Step><Step Number="15"><LowLevelInfo><StepID>15</StepID><Description>WorseningAdvice Details is saved properly in reporting database for the assessment</Description><StepExecutedTime>1:15:12 AM</StepExecutedTime><ScreenShot Name="N/A">N/A</ScreenShot><Result>PASS</Result></LowLevelInfo></Step><Step Number="16"><LowLevelInfo><StepID>16</StepID><Description>WorseningStatement Details is saved properly in reporting database for the assessment</Description><StepExecutedTime>1:15:12 AM</StepExecutedTime><ScreenShot Name="N/A">N/A</ScreenShot><Result>PASS</Result></LowLevelInfo></Step><Step Number="17"><LowLevelInfo><StepID>17</StepID><Description>QuestionTextType as T thirdperson for assessment is saved properly in reporting database</Description><StepExecutedTime>1:15:12 AM</StepExecutedTime><ScreenShot Name="N/A">N/A</ScreenShot><Result>PASS</Result></LowLevelInfo></Step><TestCaseDescription>StandaloneCallHandler - Validate that details of passed assessment is saved in Reporting Database with FirstCall only setting.</TestCaseDescription><Result>PASS</Result><EndTime>1:15:12 AM</EndTime><EndExecutionTime>16/Feb/2023   1:15:12 AM</EndExecutionTime><TotalTimeTaken>00:09:45</TotalTimeTaken></TestCase></Root>
