<?xml-stylesheet type='text/xsl' href='DetailXmlReference/LogReport.xsl'?>
<Root><StartTime>16/May/2023   21:18:14</StartTime><Browser>BROWSERNAME - Version: BrowserName</Browser><Module>STANDALONE312CLINICIAN</Module><TestCase StartTime="21:18:14" ModuleName="ODY_1951"><TestCaseName>ODY_1951</TestCaseName><Step Number="1"><LowLevelInfo><StepID>1</StepID><Description>Admin Summary screen is displaying after login the application</Description><StepExecutedTime>21:18:35</StepExecutedTime><ScreenShot Name="N/A">N/A</ScreenShot><Result>PASS</Result></LowLevelInfo></Step><Step Number="2"><LowLevelInfo><StepID>2</StepID><Description>Clinician user has been created</Description><StepExecutedTime>21:18:57</StepExecutedTime><ScreenShot Name="N/A">N/A</ScreenShot><Result>PASS</Result></LowLevelInfo></Step><Step Number="3"><LowLevelInfo><StepID>3</StepID><Description></Description><StepExecutedTime>21:19:05</StepExecutedTime><ScreenShot Name="View">..\Module Results\Snapshot\5_16_21_19_5.png</ScreenShot><Result>FAIL</Result></LowLevelInfo></Step><TestCaseDescription>Validate that reason for urgency change is asked if the claim 'no reason for urgency change' is not provided to clinician.</TestCaseDescription><Result>FAIL</Result><EndTime>21:19:06</EndTime></TestCase><TestCase StartTime="21:20:28" ModuleName="ODY_2800"><TestCaseName>ODY_2800</TestCaseName><Step Number="1"><LowLevelInfo><StepID>1</StepID><Description>Admin Summary screen is displaying after login the application</Description><StepExecutedTime>21:20:44</StepExecutedTime><ScreenShot Name="N/A">N/A</ScreenShot><Result>PASS</Result></LowLevelInfo></Step><Step Number="2"><LowLevelInfo><StepID>2</StepID><Description>Clinician user has been created</Description><StepExecutedTime>21:21:10</StepExecutedTime><ScreenShot Name="N/A">N/A</ScreenShot><Result>PASS</Result></LowLevelInfo></Step><Step Number="3"><LowLevelInfo><StepID>3</StepID><Description></Description><StepExecutedTime>21:21:18</StepExecutedTime><ScreenShot Name="View">..\Module Results\Snapshot\5_16_21_21_18.png</ScreenShot><Result>FAIL</Result></LowLevelInfo></Step><TestCaseDescription>Validate the User must answer all Urgent/Critical questions to proceed.</TestCaseDescription><Result>FAIL</Result><EndTime>21:21:19</EndTime></TestCase><TestCase StartTime="21:22:46" ModuleName="ODY_2801"><TestCaseName>ODY_2801</TestCaseName><Step Number="1"><LowLevelInfo><StepID>1</StepID><Description>Admin Summary screen is displaying after login the application</Description><StepExecutedTime>21:23:10</StepExecutedTime><ScreenShot Name="N/A">N/A</ScreenShot><Result>PASS</Result></LowLevelInfo></Step><Step Number="2"><LowLevelInfo><StepID>2</StepID><Description>Clinician user has been created</Description><StepExecutedTime>21:23:40</StepExecutedTime><ScreenShot Name="N/A">N/A</ScreenShot><Result>PASS</Result></LowLevelInfo></Step><Step Number="3"><LowLevelInfo><StepID>3</StepID><Description></Description><StepExecutedTime>21:23:49</StepExecutedTime><ScreenShot Name="View">..\Module Results\Snapshot\5_16_21_23_49.png</ScreenShot><Result>FAIL</Result></LowLevelInfo></Step><TestCaseDescription>Validate the User must answer First question set and all Urgent/Critical questions to proceed.</TestCaseDescription><Result>FAIL</Result><EndTime>21:23:50</EndTime></TestCase><TestCase StartTime="21:25:38" ModuleName="ODY_1946"><TestCaseName>ODY_1946</TestCaseName><Step Number="1"><LowLevelInfo><StepID>1</StepID><Description>Demographic window is open on clicking patient name</Description><StepExecutedTime>21:26:49</StepExecutedTime><ScreenShot Name="N/A">N/A</ScreenShot><Result>PASS</Result></LowLevelInfo></Step><Step Number="2"><LowLevelInfo><StepID>2</StepID><Description>Patient details have not been updated: NHS number: from '0000000000' to '2222222222'</Description><StepExecutedTime>21:27:40</StepExecutedTime><ScreenShot Name="N/A">N/A</ScreenShot><Result>PASS</Result></LowLevelInfo></Step><Step Number="3"><LowLevelInfo><StepID>3</StepID><Description>Patient details have not been updated: allergy: animal fur</Description><StepExecutedTime>21:27:42</StepExecutedTime><ScreenShot Name="N/A">N/A</ScreenShot><Result>PASS</Result></LowLevelInfo></Step><Step Number="4"><LowLevelInfo><StepID>4</StepID><Description>Refresh button is enabled in the session audit record window</Description><StepExecutedTime>21:27:44</StepExecutedTime><ScreenShot Name="N/A">N/A</ScreenShot><Result>PASS</Result></LowLevelInfo></Step><Step Number="5"><LowLevelInfo><StepID>5</StepID><Description>Close button is enabled in the session audit record window</Description><StepExecutedTime>21:27:44</StepExecutedTime><ScreenShot Name="N/A">N/A</ScreenShot><Result>PASS</Result></LowLevelInfo></Step><TestCaseDescription>Validate that Patient details are not getting updated after choosing Close and Dont Save.</TestCaseDescription><Result>PASS</Result><EndTime>21:27:51</EndTime></TestCase><TestCase StartTime="21:27:51" ModuleName="ODY_2181"><TestCaseName>ODY_2181</TestCaseName><Step Number="1"><LowLevelInfo><StepID>1</StepID><Description>Default screen is displaying after sign in the application</Description><StepExecutedTime>21:28:27</StepExecutedTime><ScreenShot Name="N/A">N/A</ScreenShot><Result>PASS</Result></LowLevelInfo></Step><Step Number="2"><LowLevelInfo><StepID>2</StepID><Description>Breathlessness question set opened on answering Other Symptoms as Breathlessness</Description><StepExecutedTime>21:28:49</StepExecutedTime><ScreenShot Name="N/A">N/A</ScreenShot><Result>PASS</Result></LowLevelInfo></Step><Step Number="3"><LowLevelInfo><StepID>3</StepID><Description>Diabetes question set opened on answering Diabetes</Description><StepExecutedTime>21:28:56</StepExecutedTime><ScreenShot Name="N/A">N/A</ScreenShot><Result>PASS</Result></LowLevelInfo></Step><Step Number="4"><LowLevelInfo><StepID>4</StepID><Description>Diabetes question set closed on answering Diabetes</Description><StepExecutedTime>21:29:03</StepExecutedTime><ScreenShot Name="N/A">N/A</ScreenShot><Result>PASS</Result></LowLevelInfo></Step><TestCaseDescription>Test case to verify if Linked Qsets auto close when answers are removed via linked answers.</TestCaseDescription><Result>PASS</Result><EndTime>21:29:28</EndTime></TestCase><TestCase StartTime="21:29:28" ModuleName="ODY_5444"><TestCaseName>ODY_5444</TestCaseName><Step Number="1"><LowLevelInfo><StepID>1</StepID><Description>7.410 old content version is available and selected</Description><StepExecutedTime>21:30:04</StepExecutedTime><ScreenShot Name="N/A">N/A</ScreenShot><Result>PASS</Result></LowLevelInfo></Step><Step Number="2"><LowLevelInfo><StepID>2</StepID><Description>Object required</Description><StepExecutedTime>21:31:06</StepExecutedTime><ScreenShot Name="View">..\Module Results\Snapshot\5_16_21_31_6.png</ScreenShot><Result>FAIL</Result></LowLevelInfo></Step><TestCaseDescription>Validate that clinician is able to complete paused assessment created using different content version.</TestCaseDescription><Result>FAIL</Result><EndTime>21:31:07</EndTime></TestCase><TestCase StartTime="21:32:44" ModuleName="ODY_6480"><TestCaseName>ODY_6480</TestCaseName><Step Number="1"><LowLevelInfo><StepID>1</StepID><Description>Clinical Warning Overlay is displaying on linked question set Chest Pain opened automatically</Description><StepExecutedTime>21:34:14</StepExecutedTime><ScreenShot Name="N/A">N/A</ScreenShot><Result>PASS</Result></LowLevelInfo></Step><Step Number="2"><LowLevelInfo><StepID>2</StepID><Description>ClinWarnMessage Ruptured aortic aneurysm is displayed in the overlay</Description><StepExecutedTime>21:34:15</StepExecutedTime><ScreenShot Name="N/A">N/A</ScreenShot><Result>PASS</Result></LowLevelInfo></Step><Step Number="3"><LowLevelInfo><StepID>3</StepID><Description>Clinical Warning Overlay is closed on clicking the Close button</Description><StepExecutedTime>21:34:17</StepExecutedTime><ScreenShot Name="N/A">N/A</ScreenShot><Result>PASS</Result></LowLevelInfo></Step><Step Number="4"><LowLevelInfo><StepID>4</StepID><Description>Clinical Warning Icon is displaying on linked question set Chest Pain opened automatically</Description><StepExecutedTime>21:34:19</StepExecutedTime><ScreenShot Name="N/A">N/A</ScreenShot><Result>PASS</Result></LowLevelInfo></Step><Step Number="5"><LowLevelInfo><StepID>5</StepID><Description>Chest pain question set opened on answering Other Symptoms</Description><StepExecutedTime>21:34:20</StepExecutedTime><ScreenShot Name="N/A">N/A</ScreenShot><Result>PASS</Result></LowLevelInfo></Step><Step Number="6"><LowLevelInfo><StepID>6</StepID><Description>Clinical Warning Overlay is displaying again on clicking the Clinical Warning Icon</Description><StepExecutedTime>21:34:22</StepExecutedTime><ScreenShot Name="N/A">N/A</ScreenShot><Result>PASS</Result></LowLevelInfo></Step><Step Number="7"><LowLevelInfo><StepID>7</StepID><Description>ClinWarnMessage Ruptured aortic aneurysm is displayed in the overlay</Description><StepExecutedTime>21:34:24</StepExecutedTime><ScreenShot Name="N/A">N/A</ScreenShot><Result>PASS</Result></LowLevelInfo></Step><Step Number="8"><LowLevelInfo><StepID>8</StepID><Description>Clinical Warning Icon is removed on unchecking Chest pain from Other Symptoms question</Description><StepExecutedTime>21:34:31</StepExecutedTime><ScreenShot Name="N/A">N/A</ScreenShot><Result>PASS</Result></LowLevelInfo></Step><Step Number="9"><LowLevelInfo><StepID>9</StepID><Description>Clinical Warning section is not displaying in Triage screen on on linked question set Chest Pain closed automatically</Description><StepExecutedTime>21:34:36</StepExecutedTime><ScreenShot Name="N/A">N/A</ScreenShot><Result>PASS</Result></LowLevelInfo></Step><Step Number="10"><LowLevelInfo><StepID>10</StepID><Description>Clinical Warning Overlay is displaying again on linked question set Chest Pain opened automatically</Description><StepExecutedTime>21:34:47</StepExecutedTime><ScreenShot Name="N/A">N/A</ScreenShot><Result>PASS</Result></LowLevelInfo></Step><Step Number="11"><LowLevelInfo><StepID>11</StepID><Description>ClinWarnMessage Ruptured aortic aneurysm is again displayed in the overlay</Description><StepExecutedTime>21:34:48</StepExecutedTime><ScreenShot Name="N/A">N/A</ScreenShot><Result>PASS</Result></LowLevelInfo></Step><Step Number="12"><LowLevelInfo><StepID>12</StepID><Description>Clinical Warning Overlay is closed on clicking the Close button</Description><StepExecutedTime>21:34:50</StepExecutedTime><ScreenShot Name="N/A">N/A</ScreenShot><Result>PASS</Result></LowLevelInfo></Step><Step Number="13"><LowLevelInfo><StepID>13</StepID><Description>Clinical Warning Icon is displaying again on linked question set Chest Pain opened automatically</Description><StepExecutedTime>21:34:51</StepExecutedTime><ScreenShot Name="N/A">N/A</ScreenShot><Result>PASS</Result></LowLevelInfo></Step><Step Number="14"><LowLevelInfo><StepID>14</StepID><Description>Clinical Warning section is displaying in Triage screen on on linked question set Chest Pain opened automatically</Description><StepExecutedTime>21:34:56</StepExecutedTime><ScreenShot Name="N/A">N/A</ScreenShot><Result>PASS</Result></LowLevelInfo></Step><Step Number="15"><LowLevelInfo><StepID>15</StepID><Description>ClinWarnMessage Ruptured aortic aneurysm is displayed in the triage screen</Description><StepExecutedTime>21:34:57</StepExecutedTime><ScreenShot Name="N/A">N/A</ScreenShot><Result>PASS</Result></LowLevelInfo></Step><Step Number="16"><LowLevelInfo><StepID>16</StepID><Description>Viewing of Clinical Warning message Ruptured aortic aneurysm is successully audited</Description><StepExecutedTime>21:35:12</StepExecutedTime><ScreenShot Name="N/A">N/A</ScreenShot><Result>PASS</Result></LowLevelInfo></Step><TestCaseDescription>Test case to validate the display of clinical warning message in Assessment screen on opening linked question sets.</TestCaseDescription><Result>PASS</Result><EndTime>21:35:52</EndTime></TestCase><TestCase StartTime="21:35:52" ModuleName="ODY_6583"><TestCaseName>ODY_6583</TestCaseName><Step Number="1"><LowLevelInfo><StepID>1</StepID><Description>Clinical Warning Overlay is displaying on linked question set Chest Pain opened automatically</Description><StepExecutedTime>21:37:20</StepExecutedTime><ScreenShot Name="N/A">N/A</ScreenShot><Result>PASS</Result></LowLevelInfo></Step><Step Number="2"><LowLevelInfo><StepID>2</StepID><Description>ClinWarnMessage Ruptured aortic aneurysm is displayed in the overlay</Description><StepExecutedTime>21:37:22</StepExecutedTime><ScreenShot Name="N/A">N/A</ScreenShot><Result>PASS</Result></LowLevelInfo></Step><Step Number="3"><LowLevelInfo><StepID>3</StepID><Description>Clinical Warning Icon is displaying on linked question set Chest Pain opened automatically</Description><StepExecutedTime>21:37:24</StepExecutedTime><ScreenShot Name="N/A">N/A</ScreenShot><Result>PASS</Result></LowLevelInfo></Step><Step Number="4"><LowLevelInfo><StepID>4</StepID><Description>Viewing of Clinical Warning message Ruptured aortic aneurysm is successully audited</Description><StepExecutedTime>21:37:25</StepExecutedTime><ScreenShot Name="N/A">N/A</ScreenShot><Result>PASS</Result></LowLevelInfo></Step><Step Number="5"><LowLevelInfo><StepID>5</StepID><Description>Haemoptysis presenting complaint display in add question set search result</Description><StepExecutedTime>21:37:31</StepExecutedTime><ScreenShot Name="N/A">N/A</ScreenShot><Result>PASS</Result></LowLevelInfo></Step><Step Number="6"><LowLevelInfo><StepID>6</StepID><Description>Breathlessness presenting complaint display in add question set search result</Description><StepExecutedTime>21:37:47</StepExecutedTime><ScreenShot Name="N/A">N/A</ScreenShot><Result>PASS</Result></LowLevelInfo></Step><Step Number="7"><LowLevelInfo><StepID>7</StepID><Description>Clinical Warning Overlay is displayed with 3 threshold value on adding question set Breathlessness and Haemoptysis</Description><StepExecutedTime>21:37:51</StepExecutedTime><ScreenShot Name="N/A">N/A</ScreenShot><Result>PASS</Result></LowLevelInfo></Step><Step Number="8"><LowLevelInfo><StepID>8</StepID><Description>ClinWarnMessage Ruptured aortic aneurysm and Pulmonary embolism are displayed in the overlay</Description><StepExecutedTime>21:37:52</StepExecutedTime><ScreenShot Name="N/A">N/A</ScreenShot><Result>PASS</Result></LowLevelInfo></Step><Step Number="9"><LowLevelInfo><StepID>9</StepID><Description>Clinical Warning Icon is displaying in the assessment screen</Description><StepExecutedTime>21:37:55</StepExecutedTime><ScreenShot Name="N/A">N/A</ScreenShot><Result>PASS</Result></LowLevelInfo></Step><Step Number="10"><LowLevelInfo><StepID>10</StepID><Description>Clinical Warning Overlay is displayed on click of Clinical Warning Icon</Description><StepExecutedTime>21:37:58</StepExecutedTime><ScreenShot Name="N/A">N/A</ScreenShot><Result>PASS</Result></LowLevelInfo></Step><Step Number="11"><LowLevelInfo><StepID>11</StepID><Description>ClinWarnMessage Ruptured aortic aneurysm and Pulmonary embolism are displayed in the overlay</Description><StepExecutedTime>21:37:59</StepExecutedTime><ScreenShot Name="N/A">N/A</ScreenShot><Result>PASS</Result></LowLevelInfo></Step><Step Number="12"><LowLevelInfo><StepID>12</StepID><Description>ClinWarnMessage Ruptured aortic aneurysm and Pulmonary embolism are displayed in Triage screen</Description><StepExecutedTime>21:38:06</StepExecutedTime><ScreenShot Name="N/A">N/A</ScreenShot><Result>PASS</Result></LowLevelInfo></Step><Step Number="13"><LowLevelInfo><StepID>13</StepID><Description>Viewing of Clinical Warning message Ruptured aortic aneurysm and Pulmonary embolism are successully audited</Description><StepExecutedTime>21:38:20</StepExecutedTime><ScreenShot Name="N/A">N/A</ScreenShot><Result>PASS</Result></LowLevelInfo></Step><TestCaseDescription>Test case to validate the display clinical warning using static text with 3 threshold values</TestCaseDescription><Result>PASS</Result><EndTime>21:38:58</EndTime></TestCase><TestCase StartTime="21:38:58" ModuleName="ODY_6985"><TestCaseName>ODY_6985</TestCaseName><Step Number="1"><LowLevelInfo><StepID>1</StepID><Description>Admin Summary screen is displaying after login the application</Description><StepExecutedTime>21:39:15</StepExecutedTime><ScreenShot Name="N/A">N/A</ScreenShot><Result>PASS</Result></LowLevelInfo></Step><Step Number="2"><LowLevelInfo><StepID>2</StepID><Description>Clinician user has been created</Description><StepExecutedTime>21:39:37</StepExecutedTime><ScreenShot Name="N/A">N/A</ScreenShot><Result>PASS</Result></LowLevelInfo></Step><Step Number="3"><LowLevelInfo><StepID>3</StepID><Description></Description><StepExecutedTime>21:39:47</StepExecutedTime><ScreenShot Name="View">..\Module Results\Snapshot\5_16_21_39_47.png</ScreenShot><Result>FAIL</Result></LowLevelInfo></Step><TestCaseDescription>Validate the Basic Clinician User must answer all questions to proceed to the Triage screen.</TestCaseDescription><Result>FAIL</Result><EndTime>21:39:48</EndTime></TestCase><TestCase StartTime="21:41:12" ModuleName="ODY_1512"><TestCaseName>ODY_1512</TestCaseName><Step Number="1"><LowLevelInfo><StepID>1</StepID><Description>Default screen is displaying on completing 1st assessment with Self Care</Description><StepExecutedTime>21:42:34</StepExecutedTime><ScreenShot Name="N/A">N/A</ScreenShot><Result>PASS</Result></LowLevelInfo></Step><Step Number="2"><LowLevelInfo><StepID>2</StepID><Description>Default screen is displaying on completing 2nd assessment with Routine</Description><StepExecutedTime>21:43:11</StepExecutedTime><ScreenShot Name="N/A">N/A</ScreenShot><Result>PASS</Result></LowLevelInfo></Step><Step Number="3"><LowLevelInfo><StepID>3</StepID><Description>RuleofThree icon is displaying for the third assessment in Presenting Complaint screen</Description><StepExecutedTime>21:43:18</StepExecutedTime><ScreenShot Name="N/A">N/A</ScreenShot><Result>PASS</Result></LowLevelInfo></Step><Step Number="4"><LowLevelInfo><StepID>4</StepID><Description>RuleofThree icon is displaying for the third assessment in Assessment screen</Description><StepExecutedTime>21:43:26</StepExecutedTime><ScreenShot Name="N/A">N/A</ScreenShot><Result>PASS</Result></LowLevelInfo></Step><Step Number="5"><LowLevelInfo><StepID>5</StepID><Description>RuleofThree icon is displaying for the third assessment in Triage screen</Description><StepExecutedTime>21:43:36</StepExecutedTime><ScreenShot Name="N/A">N/A</ScreenShot><Result>PASS</Result></LowLevelInfo></Step><Step Number="6"><LowLevelInfo><StepID>6</StepID><Description>Urgency of the assessment is bumped up for RuleofThree from Routine to Recommended within 24 hrs.</Description><StepExecutedTime>21:43:38</StepExecutedTime><ScreenShot Name="N/A">N/A</ScreenShot><Result>PASS</Result></LowLevelInfo></Step><Step Number="7"><LowLevelInfo><StepID>7</StepID><Description>RuleofThree icon is displaying for the third assessment in Summary screen</Description><StepExecutedTime>21:43:42</StepExecutedTime><ScreenShot Name="N/A">N/A</ScreenShot><Result>PASS</Result></LowLevelInfo></Step><Step Number="8"><LowLevelInfo><StepID>8</StepID><Description>Urgency of the assessment is bumped up for RuleofThree from Routine to Recommended within 24 hrs.</Description><StepExecutedTime>21:43:44</StepExecutedTime><ScreenShot Name="N/A">N/A</ScreenShot><Result>PASS</Result></LowLevelInfo></Step><Step Number="9"><LowLevelInfo><StepID>9</StepID><Description>Default screen is displaying on completing 3rd assessment with ROT urgency</Description><StepExecutedTime>21:43:50</StepExecutedTime><ScreenShot Name="N/A">N/A</ScreenShot><Result>PASS</Result></LowLevelInfo></Step><TestCaseDescription>Test case to verify rule of three functionality for clinician.</TestCaseDescription><Result>PASS</Result><EndTime>21:43:53</EndTime></TestCase><TestCase StartTime="21:43:53" ModuleName="ODY_2173"><TestCaseName>ODY_2173</TestCaseName><Step Number="1"><LowLevelInfo><StepID>1</StepID><Description>Pregnancy question set opened on answering Pregnancy as Yes</Description><StepExecutedTime>21:44:45</StepExecutedTime><ScreenShot Name="N/A">N/A</ScreenShot><Result>PASS</Result></LowLevelInfo></Step><Step Number="2"><LowLevelInfo><StepID>2</StepID><Description>EDD/LMD is calculated using pregnancy calculator</Description><StepExecutedTime>21:44:54</StepExecutedTime><ScreenShot Name="N/A">N/A</ScreenShot><Result>PASS</Result></LowLevelInfo></Step><Step Number="3"><LowLevelInfo><StepID>3</StepID><Description>EDD/LMD is calculated using pregnancy calculator</Description><StepExecutedTime>21:45:02</StepExecutedTime><ScreenShot Name="N/A">N/A</ScreenShot><Result>PASS</Result></LowLevelInfo></Step><Step Number="4"><LowLevelInfo><StepID>4</StepID><Description>Answered assessment Describe vomit is display in triage screen</Description><StepExecutedTime>21:45:07</StepExecutedTime><ScreenShot Name="N/A">N/A</ScreenShot><Result>PASS</Result></LowLevelInfo></Step><Step Number="5"><LowLevelInfo><StepID>5</StepID><Description>Answered assessment Last Men Period is display in triage screen</Description><StepExecutedTime>21:45:08</StepExecutedTime><ScreenShot Name="N/A">N/A</ScreenShot><Result>PASS</Result></LowLevelInfo></Step><Step Number="6"><LowLevelInfo><StepID>6</StepID><Description>Answered assessment EDD is display in triage screen</Description><StepExecutedTime>21:45:09</StepExecutedTime><ScreenShot Name="N/A">N/A</ScreenShot><Result>PASS</Result></LowLevelInfo></Step><Step Number="7"><LowLevelInfo><StepID>7</StepID><Description></Description><StepExecutedTime>21:45:16</StepExecutedTime><ScreenShot Name="View">..\Module Results\Snapshot\5_16_21_45_16.png</ScreenShot><Result>FAIL</Result></LowLevelInfo></Step><TestCaseDescription>Test case to verify if Pregnancy Calculator is working in TeleAssess</TestCaseDescription><Result>FAIL</Result><EndTime>21:45:16</EndTime></TestCase><TestCase StartTime="21:46:40" ModuleName="ODY_7522"><TestCaseName>ODY_7522</TestCaseName><Step Number="1"><LowLevelInfo><StepID>1</StepID><Description>Clinical Warning Icon is not displaying by default in assessment screen</Description><StepExecutedTime>21:48:08</StepExecutedTime><ScreenShot Name="N/A">N/A</ScreenShot><Result>PASS</Result></LowLevelInfo></Step><Step Number="2"><LowLevelInfo><StepID>2</StepID><Description>Vomiting protocol is added and displayed for the assessment</Description><StepExecutedTime>21:48:16</StepExecutedTime><ScreenShot Name="N/A">N/A</ScreenShot><Result>PASS</Result></LowLevelInfo></Step><Step Number="3"><LowLevelInfo><StepID>3</StepID><Description>Clinical Warning Overlay is displaying on adding the Back Pain question set</Description><StepExecutedTime>21:48:30</StepExecutedTime><ScreenShot Name="N/A">N/A</ScreenShot><Result>PASS</Result></LowLevelInfo></Step><Step Number="4"><LowLevelInfo><StepID>4</StepID><Description>Clinical Warning section is displaying in the overlay on question set Neck Pain/Stiff and Vomiting added manually</Description><StepExecutedTime>21:48:31</StepExecutedTime><ScreenShot Name="N/A">N/A</ScreenShot><Result>PASS</Result></LowLevelInfo></Step><Step Number="5"><LowLevelInfo><StepID>5</StepID><Description>Neck Pain/Stiff protocol is added and displayed for the assessment</Description><StepExecutedTime>21:48:33</StepExecutedTime><ScreenShot Name="N/A">N/A</ScreenShot><Result>PASS</Result></LowLevelInfo></Step><Step Number="6"><LowLevelInfo><StepID>6</StepID><Description>Viewing of Clinical Warning message Meningitis is successully audited</Description><StepExecutedTime>21:48:33</StepExecutedTime><ScreenShot Name="N/A">N/A</ScreenShot><Result>PASS</Result></LowLevelInfo></Step><Step Number="7"><LowLevelInfo><StepID>7</StepID><Description>Clinical Warning Icon is displaying on adding the Back Pain question set in assessment screen</Description><StepExecutedTime>21:48:35</StepExecutedTime><ScreenShot Name="N/A">N/A</ScreenShot><Result>PASS</Result></LowLevelInfo></Step><Step Number="8"><LowLevelInfo><StepID>8</StepID><Description>Clinical Warning section is displaying in Triage screen on question set Neck Pain/Stiff and Vomiting added manually</Description><StepExecutedTime>21:48:40</StepExecutedTime><ScreenShot Name="N/A">N/A</ScreenShot><Result>PASS</Result></LowLevelInfo></Step><Step Number="9"><LowLevelInfo><StepID>9</StepID><Description>ClinWarnMessage Meningitis is displayed in the triage screen</Description><StepExecutedTime>21:48:41</StepExecutedTime><ScreenShot Name="N/A">N/A</ScreenShot><Result>PASS</Result></LowLevelInfo></Step><Step Number="10"><LowLevelInfo><StepID>10</StepID><Description>Clinical Warning Icon is displaying on returning back to assessment screen</Description><StepExecutedTime>21:48:47</StepExecutedTime><ScreenShot Name="N/A">N/A</ScreenShot><Result>PASS</Result></LowLevelInfo></Step><Step Number="11"><LowLevelInfo><StepID>11</StepID><Description>Clinical Warning section is displaying in Triage screen on revisiting Triage screen</Description><StepExecutedTime>21:49:02</StepExecutedTime><ScreenShot Name="N/A">N/A</ScreenShot><Result>PASS</Result></LowLevelInfo></Step><Step Number="12"><LowLevelInfo><StepID>12</StepID><Description>default screen is loading after completing assessment by clinician</Description><StepExecutedTime>21:49:11</StepExecutedTime><ScreenShot Name="N/A">N/A</ScreenShot><Result>PASS</Result></LowLevelInfo></Step><Step Number="13"><LowLevelInfo><StepID>13</StepID><Description>Viewing of Clinical Warning message Meningitis is successully audited</Description><StepExecutedTime>21:49:14</StepExecutedTime><ScreenShot Name="N/A">N/A</ScreenShot><Result>PASS</Result></LowLevelInfo></Step><TestCaseDescription>Clinical warning appear if none of the protocols are mandatory.</TestCaseDescription><Result>PASS</Result><EndTime>21:49:57</EndTime></TestCase><TestCase StartTime="21:49:57" ModuleName="ODY_9486"><TestCaseName>ODY_9486</TestCaseName><Step Number="1"><LowLevelInfo><StepID>1</StepID><Description>Email Advice button is displayed and enabled by default in the summary screen</Description><StepExecutedTime>21:51:04</StepExecutedTime><ScreenShot Name="N/A">N/A</ScreenShot><Result>PASS</Result></LowLevelInfo></Step><Step Number="2"><LowLevelInfo><StepID>2</StepID><Description>Email Advice Overlay is displayed on click of Email Advice button in the Summary scrreen</Description><StepExecutedTime>21:51:06</StepExecutedTime><ScreenShot Name="N/A">N/A</ScreenShot><Result>PASS</Result></LowLevelInfo></Step><Step Number="3"><LowLevelInfo><StepID>3</StepID><Description>Email Advice is displayed as title of the Overlay opened</Description><StepExecutedTime>21:51:07</StepExecutedTime><ScreenShot Name="N/A">N/A</ScreenShot><Result>PASS</Result></LowLevelInfo></Step><Step Number="4"><LowLevelInfo><StepID>4</StepID><Description>Return to call button is enabled by default in Email Advice Overlay</Description><StepExecutedTime>21:51:08</StepExecutedTime><ScreenShot Name="N/A">N/A</ScreenShot><Result>PASS</Result></LowLevelInfo></Step><Step Number="5"><LowLevelInfo><StepID>5</StepID><Description>Send Email button is disabled by default and needs mandatory details in Email Advice Overlay</Description><StepExecutedTime>21:51:10</StepExecutedTime><ScreenShot Name="N/A">N/A</ScreenShot><Result>PASS</Result></LowLevelInfo></Step><Step Number="6"><LowLevelInfo><StepID>6</StepID><Description>Send Email button is disabled until atleast one complaint is selected in Email Advice Overlay</Description><StepExecutedTime>21:51:14</StepExecutedTime><ScreenShot Name="N/A">N/A</ScreenShot><Result>PASS</Result></LowLevelInfo></Step><Step Number="7"><LowLevelInfo><StepID>7</StepID><Description>Send Email button is enabled after providing all mandatory details in Email Advice Overlay</Description><StepExecutedTime>21:51:17</StepExecutedTime><ScreenShot Name="N/A">N/A</ScreenShot><Result>PASS</Result></LowLevelInfo></Step><Step Number="8"><LowLevelInfo><StepID>8</StepID><Description>Send Email button is disabled after clearing email address textbox in Email Advice Overlay</Description><StepExecutedTime>21:51:24</StepExecutedTime><ScreenShot Name="N/A">N/A</ScreenShot><Result>PASS</Result></LowLevelInfo></Step><Step Number="9"><LowLevelInfo><StepID>9</StepID><Description>Send Email button is enabled again after providing all mandatory details in Email Advice Overlay</Description><StepExecutedTime>21:51:28</StepExecutedTime><ScreenShot Name="N/A">N/A</ScreenShot><Result>PASS</Result></LowLevelInfo></Step><Step Number="10"><LowLevelInfo><StepID>10</StepID><Description>Email Advice Overlay is closed on click of Send Email button</Description><StepExecutedTime>21:51:33</StepExecutedTime><ScreenShot Name="N/A">N/A</ScreenShot><Result>PASS</Result></LowLevelInfo></Step><Step Number="11"><LowLevelInfo><StepID>11</StepID><Description>Default screen is displaying on clicking complete button</Description><StepExecutedTime>21:51:40</StepExecutedTime><ScreenShot Name="N/A">N/A</ScreenShot><Result>PASS</Result></LowLevelInfo></Step><TestCaseDescription>Validate that clinician is able to send care advice through email for multiple Question Sets.</TestCaseDescription><Result>PASS</Result><EndTime>21:51:43</EndTime></TestCase><TestCase StartTime="21:51:43" ModuleName="ODY_9487"><TestCaseName>ODY_9487</TestCaseName><Step Number="1"><LowLevelInfo><StepID>1</StepID><Description>Email Advice button is displayed and enabled by default in the summary screen</Description><StepExecutedTime>21:52:41</StepExecutedTime><ScreenShot Name="N/A">N/A</ScreenShot><Result>PASS</Result></LowLevelInfo></Step><Step Number="2"><LowLevelInfo><StepID>2</StepID><Description>Email Advice Overlay is displayed on click of Email Advice button in the Summary scrreen</Description><StepExecutedTime>21:52:43</StepExecutedTime><ScreenShot Name="N/A">N/A</ScreenShot><Result>PASS</Result></LowLevelInfo></Step><Step Number="3"><LowLevelInfo><StepID>3</StepID><Description>Email Advice is displayed as title of the Overlay opened</Description><StepExecutedTime>21:52:45</StepExecutedTime><ScreenShot Name="N/A">N/A</ScreenShot><Result>PASS</Result></LowLevelInfo></Step><Step Number="4"><LowLevelInfo><StepID>4</StepID><Description>Return to call button is enabled by default in Email Advice Overlay</Description><StepExecutedTime>21:52:46</StepExecutedTime><ScreenShot Name="N/A">N/A</ScreenShot><Result>PASS</Result></LowLevelInfo></Step><Step Number="5"><LowLevelInfo><StepID>5</StepID><Description>Send Email button is disabled by default and needs mandatory details in Email Advice Overlay</Description><StepExecutedTime>21:52:48</StepExecutedTime><ScreenShot Name="N/A">N/A</ScreenShot><Result>PASS</Result></LowLevelInfo></Step><Step Number="6"><LowLevelInfo><StepID>6</StepID><Description>Send Email button is disabled until atleast one complaint is selected in Email Advice Overlay</Description><StepExecutedTime>21:52:54</StepExecutedTime><ScreenShot Name="N/A">N/A</ScreenShot><Result>PASS</Result></LowLevelInfo></Step><Step Number="7"><LowLevelInfo><StepID>7</StepID><Description>Send Email button is enabled after providing all mandatory details in Email Advice Overlay</Description><StepExecutedTime>21:52:57</StepExecutedTime><ScreenShot Name="N/A">N/A</ScreenShot><Result>PASS</Result></LowLevelInfo></Step><Step Number="8"><LowLevelInfo><StepID>8</StepID><Description>Send Email button is disabled after clearing email address textbox in Email Advice Overlay</Description><StepExecutedTime>21:53:04</StepExecutedTime><ScreenShot Name="N/A">N/A</ScreenShot><Result>PASS</Result></LowLevelInfo></Step><Step Number="9"><LowLevelInfo><StepID>9</StepID><Description>Send Email button is enabled again after providing all mandatory details in Email Advice Overlay</Description><StepExecutedTime>21:53:08</StepExecutedTime><ScreenShot Name="N/A">N/A</ScreenShot><Result>PASS</Result></LowLevelInfo></Step><Step Number="10"><LowLevelInfo><StepID>10</StepID><Description>Email Advice Overlay is closed on click of Send Email button</Description><StepExecutedTime>21:53:12</StepExecutedTime><ScreenShot Name="N/A">N/A</ScreenShot><Result>PASS</Result></LowLevelInfo></Step><Step Number="11"><LowLevelInfo><StepID>11</StepID><Description>Default screen is displaying on clicking complete button</Description><StepExecutedTime>21:53:18</StepExecutedTime><ScreenShot Name="N/A">N/A</ScreenShot><Result>PASS</Result></LowLevelInfo></Step><TestCaseDescription>Validate that clinician is able to send care advice through email for single Question Set.</TestCaseDescription><Result>PASS</Result><EndTime>21:53:22</EndTime></TestCase><TestCase StartTime="21:53:22" ModuleName="ODY_11183"><TestCaseName>ODY_11183</TestCaseName><Step Number="1"><LowLevelInfo><StepID>1</StepID><Description>Close Question Set popup is showing on clicking Close Questionset Link</Description><StepExecutedTime>21:54:01</StepExecutedTime><ScreenShot Name="N/A">N/A</ScreenShot><Result>PASS</Result></LowLevelInfo></Step><Step Number="2"><LowLevelInfo><StepID>2</StepID><Description>Close question set button is not enable since Question set and reason is not selected</Description><StepExecutedTime>21:54:04</StepExecutedTime><ScreenShot Name="N/A">N/A</ScreenShot><Result>PASS</Result></LowLevelInfo></Step><Step Number="3"><LowLevelInfo><StepID>3</StepID><Description>Only Personal context QSet is displayed for closure</Description><StepExecutedTime>21:54:05</StepExecutedTime><ScreenShot Name="N/A">N/A</ScreenShot><Result>PASS</Result></LowLevelInfo></Step><Step Number="4"><LowLevelInfo><StepID>4</StepID><Description>Close Question Set popup is closed on click of Cancel button</Description><StepExecutedTime>21:54:07</StepExecutedTime><ScreenShot Name="N/A">N/A</ScreenShot><Result>PASS</Result></LowLevelInfo></Step><Step Number="5"><LowLevelInfo><StepID>5</StepID><Description>Close Question Set popup is showing on clicking Close Questionset Link</Description><StepExecutedTime>21:54:19</StepExecutedTime><ScreenShot Name="N/A">N/A</ScreenShot><Result>PASS</Result></LowLevelInfo></Step><Step Number="6"><LowLevelInfo><StepID>6</StepID><Description>All four QSet is displayed for closure</Description><StepExecutedTime>21:54:20</StepExecutedTime><ScreenShot Name="N/A">N/A</ScreenShot><Result>PASS</Result></LowLevelInfo></Step><Step Number="7"><LowLevelInfo><StepID>7</StepID><Description>Confirmation message for removing pain severity as response is displayed</Description><StepExecutedTime>21:54:29</StepExecutedTime><ScreenShot Name="N/A">N/A</ScreenShot><Result>PASS</Result></LowLevelInfo></Step><Step Number="8"><LowLevelInfo><StepID>8</StepID><Description>Close Question Set popup is closed on click of Close button</Description><StepExecutedTime>21:54:32</StepExecutedTime><ScreenShot Name="N/A">N/A</ScreenShot><Result>PASS</Result></LowLevelInfo></Step><Step Number="9"><LowLevelInfo><StepID>9</StepID><Description>Knee Injury QSet is displayed in the Assessment screen</Description><StepExecutedTime>21:54:33</StepExecutedTime><ScreenShot Name="N/A">N/A</ScreenShot><Result>PASS</Result></LowLevelInfo></Step><Step Number="10"><LowLevelInfo><StepID>10</StepID><Description>Abrasion QSet is displayed in the Assessment screen</Description><StepExecutedTime>21:54:34</StepExecutedTime><ScreenShot Name="N/A">N/A</ScreenShot><Result>PASS</Result></LowLevelInfo></Step><Step Number="11"><LowLevelInfo><StepID>11</StepID><Description>Personal context question set  is Closed on click of close Question set button</Description><StepExecutedTime>21:54:35</StepExecutedTime><ScreenShot Name="N/A">N/A</ScreenShot><Result>PASS</Result></LowLevelInfo></Step><Step Number="12"><LowLevelInfo><StepID>12</StepID><Description>Analgesics question set  is Closed on click of close Question set button</Description><StepExecutedTime>21:54:37</StepExecutedTime><ScreenShot Name="N/A">N/A</ScreenShot><Result>PASS</Result></LowLevelInfo></Step><Step Number="13"><LowLevelInfo><StepID>13</StepID><Description>Closure note for Personal context question set  is added under Notes section</Description><StepExecutedTime>21:54:38</StepExecutedTime><ScreenShot Name="N/A">N/A</ScreenShot><Result>PASS</Result></LowLevelInfo></Step><Step Number="14"><LowLevelInfo><StepID>14</StepID><Description>Closure note for Analgesics question set  is added under Notes section</Description><StepExecutedTime>21:54:39</StepExecutedTime><ScreenShot Name="N/A">N/A</ScreenShot><Result>PASS</Result></LowLevelInfo></Step><Step Number="15"><LowLevelInfo><StepID>15</StepID><Description>Close Question Set popup is showing on clicking Close Questionset Link</Description><StepExecutedTime>21:54:41</StepExecutedTime><ScreenShot Name="N/A">N/A</ScreenShot><Result>PASS</Result></LowLevelInfo></Step><Step Number="16"><LowLevelInfo><StepID>16</StepID><Description>Both QSet is displayed for closure</Description><StepExecutedTime>21:54:42</StepExecutedTime><ScreenShot Name="N/A">N/A</ScreenShot><Result>PASS</Result></LowLevelInfo></Step><Step Number="17"><LowLevelInfo><StepID>17</StepID><Description>Confirmation message for removing Abrasion as response is displayed</Description><StepExecutedTime>21:54:54</StepExecutedTime><ScreenShot Name="N/A">N/A</ScreenShot><Result>PASS</Result></LowLevelInfo></Step><Step Number="18"><LowLevelInfo><StepID>18</StepID><Description>Closure note for Abrasion question set  is added under Notes section</Description><StepExecutedTime>21:54:59</StepExecutedTime><ScreenShot Name="N/A">N/A</ScreenShot><Result>PASS</Result></LowLevelInfo></Step><Step Number="19"><LowLevelInfo><StepID>19</StepID><Description>Close Question Set Link is disabled after closed the Personal context Question set</Description><StepExecutedTime>21:55:01</StepExecutedTime><ScreenShot Name="N/A">N/A</ScreenShot><Result>PASS</Result></LowLevelInfo></Step><Step Number="20"><LowLevelInfo><StepID>20</StepID><Description>APPVERSION is 3.24 for assessment interrupted prematurely by Clinician</Description><StepExecutedTime>21:55:06</StepExecutedTime><ScreenShot Name="N/A">N/A</ScreenShot><Result>PASS</Result></LowLevelInfo></Step><TestCaseDescription>Validate that multiple Question Sets can be selected for closure under Close Question Set overlay.</TestCaseDescription><Result>PASS</Result><EndTime>21:55:06</EndTime></TestCase><TestCase StartTime="21:55:06" ModuleName="ODY_11184"><TestCaseName>ODY_11184</TestCaseName><Step Number="1"><LowLevelInfo><StepID>1</StepID><Description>Default screen is displaying after sign in the application</Description><StepExecutedTime>21:55:28</StepExecutedTime><ScreenShot Name="N/A">N/A</ScreenShot><Result>PASS</Result></LowLevelInfo></Step><Step Number="2"><LowLevelInfo><StepID>2</StepID><Description>Close Question Set popup is showing on clicking Close Questionset Link</Description><StepExecutedTime>21:56:01</StepExecutedTime><ScreenShot Name="N/A">N/A</ScreenShot><Result>PASS</Result></LowLevelInfo></Step><Step Number="3"><LowLevelInfo><StepID>3</StepID><Description>Error message is displayed if user try to close all the question sets</Description><StepExecutedTime>21:56:08</StepExecutedTime><ScreenShot Name="N/A">N/A</ScreenShot><Result>PASS</Result></LowLevelInfo></Step><Step Number="4"><LowLevelInfo><StepID>4</StepID><Description>Remove response Backache from Other Symptoms is displaying</Description><StepExecutedTime>21:56:17</StepExecutedTime><ScreenShot Name="N/A">N/A</ScreenShot><Result>PASS</Result></LowLevelInfo></Step><Step Number="5"><LowLevelInfo><StepID>5</StepID><Description>Default screen is displaying after sign in the application</Description><StepExecutedTime>21:56:23</StepExecutedTime><ScreenShot Name="N/A">N/A</ScreenShot><Result>PASS</Result></LowLevelInfo></Step><Step Number="6"><LowLevelInfo><StepID>6</StepID><Description>Back pain Question set is  not displaying in the assessment screen after closing the question sett</Description><StepExecutedTime>21:56:36</StepExecutedTime><ScreenShot Name="N/A">N/A</ScreenShot><Result>PASS</Result></LowLevelInfo></Step><TestCaseDescription>Validate that user is not allowed to close all the opened Question Sets of any assessment.</TestCaseDescription><Result>PASS</Result><EndTime>21:56:41</EndTime></TestCase><TestCase StartTime="21:56:41" ModuleName="ODY_11214"><TestCaseName>ODY_11214</TestCaseName><Step Number="1"><LowLevelInfo><StepID>1</StepID><Description>Assault question set opened on answering Concerns</Description><StepExecutedTime>21:57:42</StepExecutedTime><ScreenShot Name="N/A">N/A</ScreenShot><Result>PASS</Result></LowLevelInfo></Step><Step Number="2"><LowLevelInfo><StepID>2</StepID><Description>Abrasion question set opened on answering Abrasion</Description><StepExecutedTime>21:57:49</StepExecutedTime><ScreenShot Name="N/A">N/A</ScreenShot><Result>PASS</Result></LowLevelInfo></Step><Step Number="3"><LowLevelInfo><StepID>3</StepID><Description>Close Question Set popup is showing on clicking Close Questionset Link</Description><StepExecutedTime>21:57:51</StepExecutedTime><ScreenShot Name="N/A">N/A</ScreenShot><Result>PASS</Result></LowLevelInfo></Step><Step Number="4"><LowLevelInfo><StepID>4</StepID><Description>Assault question set closed on removing question set</Description><StepExecutedTime>21:58:08</StepExecutedTime><ScreenShot Name="N/A">N/A</ScreenShot><Result>PASS</Result></LowLevelInfo></Step><Step Number="5"><LowLevelInfo><StepID>5</StepID><Description>Abrasion question set closed on removing question set</Description><StepExecutedTime>21:58:10</StepExecutedTime><ScreenShot Name="N/A">N/A</ScreenShot><Result>PASS</Result></LowLevelInfo></Step><Step Number="6"><LowLevelInfo><StepID>6</StepID><Description>Closure note for Assault question set is added under Notes section</Description><StepExecutedTime>21:58:11</StepExecutedTime><ScreenShot Name="N/A">N/A</ScreenShot><Result>PASS</Result></LowLevelInfo></Step><Step Number="7"><LowLevelInfo><StepID>7</StepID><Description>Closure note for Abrasion question set is added under Notes section</Description><StepExecutedTime>21:58:13</StepExecutedTime><ScreenShot Name="N/A">N/A</ScreenShot><Result>PASS</Result></LowLevelInfo></Step><Step Number="8"><LowLevelInfo><StepID>8</StepID><Description>Assault presenting complaint display in add question set</Description><StepExecutedTime>21:58:19</StepExecutedTime><ScreenShot Name="N/A">N/A</ScreenShot><Result>PASS</Result></LowLevelInfo></Step><Step Number="9"><LowLevelInfo><StepID>9</StepID><Description>Assault question set opened after adding manually</Description><StepExecutedTime>21:58:24</StepExecutedTime><ScreenShot Name="N/A">N/A</ScreenShot><Result>PASS</Result></LowLevelInfo></Step><Step Number="10"><LowLevelInfo><StepID>10</StepID><Description>Negative answer is set to question Child at risk? on selecting Yes to confirmation message</Description><StepExecutedTime>21:58:26</StepExecutedTime><ScreenShot Name="N/A">N/A</ScreenShot><Result>PASS</Result></LowLevelInfo></Step><Step Number="11"><LowLevelInfo><StepID>11</StepID><Description>Abrasion remains selected for question Skin Injury on selecting No to confirmation message</Description><StepExecutedTime>21:58:32</StepExecutedTime><ScreenShot Name="N/A">N/A</ScreenShot><Result>PASS</Result></LowLevelInfo></Step><Step Number="12"><LowLevelInfo><StepID>12</StepID><Description>Default screen is displaying completing assessment</Description><StepExecutedTime>21:58:46</StepExecutedTime><ScreenShot Name="N/A">N/A</ScreenShot><Result>PASS</Result></LowLevelInfo></Step><TestCaseDescription>Validate that user is able to close multiple question set at a time and pop-up messages to appear in sequence.</TestCaseDescription><Result>PASS</Result><EndTime>21:58:49</EndTime></TestCase><TestCase StartTime="21:58:49" ModuleName="ODY_11215"><TestCaseName>ODY_11215</TestCaseName><Step Number="1"><LowLevelInfo><StepID>1</StepID><Description>Add note for Site of surgery Spine is displaying as title of additional note text box</Description><StepExecutedTime>21:59:55</StepExecutedTime><ScreenShot Name="N/A">N/A</ScreenShot><Result>PASS</Result></LowLevelInfo></Step><Step Number="2"><LowLevelInfo><StepID>2</StepID><Description>By default Close Question Set button is disabled without selecting mandatory details</Description><StepExecutedTime>22:00:20</StepExecutedTime><ScreenShot Name="N/A">N/A</ScreenShot><Result>PASS</Result></LowLevelInfo></Step><Step Number="3"><LowLevelInfo><StepID>3</StepID><Description>Close Question Set button remains disabled untill reason is selected</Description><StepExecutedTime>22:00:25</StepExecutedTime><ScreenShot Name="N/A">N/A</ScreenShot><Result>PASS</Result></LowLevelInfo></Step><Step Number="4"><LowLevelInfo><StepID>4</StepID><Description>Remove response Thirst from Other Symptoms confirmation message is displaying</Description><StepExecutedTime>22:00:34</StepExecutedTime><ScreenShot Name="N/A">N/A</ScreenShot><Result>PASS</Result></LowLevelInfo></Step><Step Number="5"><LowLevelInfo><StepID>5</StepID><Description>Thirst Question set is  not displaying in the assessment screen on selecting after closing the question set</Description><StepExecutedTime>22:00:36</StepExecutedTime><ScreenShot Name="N/A">N/A</ScreenShot><Result>PASS</Result></LowLevelInfo></Step><Step Number="6"><LowLevelInfo><StepID>6</StepID><Description>Spine (at native place) displaying with additional info for Other wishes in the right side of the screen</Description><StepExecutedTime>22:00:42</StepExecutedTime><ScreenShot Name="N/A">N/A</ScreenShot><Result>PASS</Result></LowLevelInfo></Step><Step Number="7"><LowLevelInfo><StepID>7</StepID><Description>Thirst Question set is  not displaying in the assessment screen after returning back from triage screen</Description><StepExecutedTime>22:00:46</StepExecutedTime><ScreenShot Name="N/A">N/A</ScreenShot><Result>PASS</Result></LowLevelInfo></Step><Step Number="8"><LowLevelInfo><StepID>8</StepID><Description>laser surgery is saved as response text in DB for completed assessment</Description><StepExecutedTime>22:00:47</StepExecutedTime><ScreenShot Name="N/A">N/A</ScreenShot><Result>PASS</Result></LowLevelInfo></Step><Step Number="9"><LowLevelInfo><StepID>9</StepID><Description>Default screen is displaying completing assessment</Description><StepExecutedTime>22:01:00</StepExecutedTime><ScreenShot Name="N/A">N/A</ScreenShot><Result>PASS</Result></LowLevelInfo></Step><TestCaseDescription>Validate that user is able to close multiple question set at a time and able to add it again if required.</TestCaseDescription><Result>PASS</Result><EndTime>22:01:04</EndTime><EndExecutionTime>16/May/2023   22:01:04</EndExecutionTime><TotalTimeTaken>00:42:52</TotalTimeTaken></TestCase></Root>
