<?xml-stylesheet type='text/xsl' href='DetailXmlReference/LogReport.xsl'?>
<Root><StartTime>16/May/2023   22:01:04</StartTime><Browser>BROWSERNAME - Version: BrowserName</Browser><Module>PATIENTOUTCOMESTANDALONEINPROCESS</Module><TestCase StartTime="22:01:04" ModuleName="ODY_892"><TestCaseName>ODY_892</TestCaseName><Step Number="1"><LowLevelInfo><StepID>1</StepID><Description>URL of all the PILS are correct and matched for the assessment</Description><StepExecutedTime>22:02:56</StepExecutedTime><ScreenShot Name="N/A">N/A</ScreenShot><Result>PASS</Result></LowLevelInfo></Step><Step Number="2"><LowLevelInfo><StepID>2</StepID><Description>Patient Outcome label is displaying on summary screen when patient outcome is configured</Description><StepExecutedTime>22:02:58</StepExecutedTime><ScreenShot Name="N/A">N/A</ScreenShot><Result>PASS</Result></LowLevelInfo></Step><Step Number="3"><LowLevelInfo><StepID>3</StepID><Description>Additional advice is not displaying on summary screen when patient outcome is not selected</Description><StepExecutedTime>22:03:00</StepExecutedTime><ScreenShot Name="N/A">N/A</ScreenShot><Result>PASS</Result></LowLevelInfo></Step><Step Number="4"><LowLevelInfo><StepID>4</StepID><Description>Additional advice is displaying on summary screen on selecting patient outcome</Description><StepExecutedTime>22:03:04</StepExecutedTime><ScreenShot Name="N/A">N/A</ScreenShot><Result>PASS</Result></LowLevelInfo></Step><Step Number="5"><LowLevelInfo><StepID>5</StepID><Description>Notes section is displaying in the summary screen</Description><StepExecutedTime>22:03:05</StepExecutedTime><ScreenShot Name="N/A">N/A</ScreenShot><Result>PASS</Result></LowLevelInfo></Step><Step Number="6"><LowLevelInfo><StepID>6</StepID><Description>Notes entered in the notes section has been saved and displaying</Description><StepExecutedTime>22:03:12</StepExecutedTime><ScreenShot Name="N/A">N/A</ScreenShot><Result>PASS</Result></LowLevelInfo></Step><Step Number="7"><LowLevelInfo><StepID>7</StepID><Description>Notes entered in the notes section and cancelled has not been saved</Description><StepExecutedTime>22:03:25</StepExecutedTime><ScreenShot Name="N/A">N/A</ScreenShot><Result>PASS</Result></LowLevelInfo></Step><Step Number="8"><LowLevelInfo><StepID>8</StepID><Description>Edit text window is displaying on double clicking saved notes</Description><StepExecutedTime>22:03:28</StepExecutedTime><ScreenShot Name="N/A">N/A</ScreenShot><Result>PASS</Result></LowLevelInfo></Step><Step Number="9"><LowLevelInfo><StepID>9</StepID><Description>Edit text window is not displaying on clicking cancel button</Description><StepExecutedTime>22:03:31</StepExecutedTime><ScreenShot Name="N/A">N/A</ScreenShot><Result>PASS</Result></LowLevelInfo></Step><Step Number="10"><LowLevelInfo><StepID>10</StepID><Description>Text Test Automation is displaying in the saved notes section</Description><StepExecutedTime>22:03:33</StepExecutedTime><ScreenShot Name="N/A">N/A</ScreenShot><Result>PASS</Result></LowLevelInfo></Step><Step Number="11"><LowLevelInfo><StepID>11</StepID><Description>Text Test Automation12345 is displaying in the saved notes section</Description><StepExecutedTime>22:03:41</StepExecutedTime><ScreenShot Name="N/A">N/A</ScreenShot><Result>PASS</Result></LowLevelInfo></Step><Step Number="12"><LowLevelInfo><StepID>12</StepID><Description>Striked text is displaying in the saved notes section</Description><StepExecutedTime>22:03:49</StepExecutedTime><ScreenShot Name="N/A">N/A</ScreenShot><Result>PASS</Result></LowLevelInfo></Step><Step Number="13"><LowLevelInfo><StepID>13</StepID><Description>Additional advice is displaying on summary screen on selecting patient outcome as Attend emergency department</Description><StepExecutedTime>22:03:53</StepExecutedTime><ScreenShot Name="N/A">N/A</ScreenShot><Result>PASS</Result></LowLevelInfo></Step><Step Number="14"><LowLevelInfo><StepID>14</StepID><Description>Additional advice is not displaying on summary screen when patient outcome is not selected</Description><StepExecutedTime>22:04:05</StepExecutedTime><ScreenShot Name="N/A">N/A</ScreenShot><Result>PASS</Result></LowLevelInfo></Step><Step Number="15"><LowLevelInfo><StepID>15</StepID><Description>Additional advice is displaying on summary screen on selecting patient outcome as Attend emergency department</Description><StepExecutedTime>22:04:10</StepExecutedTime><ScreenShot Name="N/A">N/A</ScreenShot><Result>PASS</Result></LowLevelInfo></Step><Step Number="16"><LowLevelInfo><StepID>16</StepID><Description>Assessment has been completed on clicking complete button</Description><StepExecutedTime>22:04:15</StepExecutedTime><ScreenShot Name="N/A">N/A</ScreenShot><Result>PASS</Result></LowLevelInfo></Step><TestCaseDescription>StandaloneClinician-To check the functionalities of Patient outcome, Additional Advice and Notes section in the Summary screen.</TestCaseDescription><Result>PASS</Result><EndTime>22:04:19</EndTime></TestCase><TestCase StartTime="22:04:19" ModuleName="ODY_877"><TestCaseName>ODY_877</TestCaseName><Step Number="1"><LowLevelInfo><StepID>1</StepID><Description>Close assessment layout is displaying on clicking the close assessment link on assessment screen</Description><StepExecutedTime>22:05:01</StepExecutedTime><ScreenShot Name="N/A">N/A</ScreenShot><Result>PASS</Result></LowLevelInfo></Step><Step Number="2"><LowLevelInfo><StepID>2</StepID><Description>Close Assessment button is disable before selecting the reason for closing the assessment</Description><StepExecutedTime>22:05:02</StepExecutedTime><ScreenShot Name="N/A">N/A</ScreenShot><Result>PASS</Result></LowLevelInfo></Step><Step Number="3"><LowLevelInfo><StepID>3</StepID><Description>Hoax option in available in Reason for close assessment Combobox</Description><StepExecutedTime>22:05:04</StepExecutedTime><ScreenShot Name="N/A">N/A</ScreenShot><Result>PASS</Result></LowLevelInfo></Step><Step Number="4"><LowLevelInfo><StepID>4</StepID><Description>Hangup option in available in Reason for close assessment Combobox</Description><StepExecutedTime>22:05:06</StepExecutedTime><ScreenShot Name="N/A">N/A</ScreenShot><Result>PASS</Result></LowLevelInfo></Step><Step Number="5"><LowLevelInfo><StepID>5</StepID><Description>Other option in available in Reason for close assessment Combobox</Description><StepExecutedTime>22:05:07</StepExecutedTime><ScreenShot Name="N/A">N/A</ScreenShot><Result>PASS</Result></LowLevelInfo></Step><Step Number="6"><LowLevelInfo><StepID>6</StepID><Description>Return to Asssessment button is enable in the Close assessment layout</Description><StepExecutedTime>22:05:08</StepExecutedTime><ScreenShot Name="N/A">N/A</ScreenShot><Result>PASS</Result></LowLevelInfo></Step><Step Number="7"><LowLevelInfo><StepID>7</StepID><Description>Close Assessment button is enable after selecting the reason for closing the assessment</Description><StepExecutedTime>22:05:09</StepExecutedTime><ScreenShot Name="N/A">N/A</ScreenShot><Result>PASS</Result></LowLevelInfo></Step><Step Number="8"><LowLevelInfo><StepID>8</StepID><Description>Reson Text box is not enable since Other option is not selected as Reason for closing the assessment</Description><StepExecutedTime>22:05:10</StepExecutedTime><ScreenShot Name="N/A">N/A</ScreenShot><Result>PASS</Result></LowLevelInfo></Step><Step Number="9"><LowLevelInfo><StepID>9</StepID><Description>Hoax option in available in Reason for close assessment Combobox</Description><StepExecutedTime>22:05:12</StepExecutedTime><ScreenShot Name="N/A">N/A</ScreenShot><Result>PASS</Result></LowLevelInfo></Step><Step Number="10"><LowLevelInfo><StepID>10</StepID><Description>Reson Text box is enable since Other option is selected as Reason for closing the assessment</Description><StepExecutedTime>22:05:13</StepExecutedTime><ScreenShot Name="N/A">N/A</ScreenShot><Result>PASS</Result></LowLevelInfo></Step><Step Number="11"><LowLevelInfo><StepID>11</StepID><Description>Other option in available in Reason for close assessment Combobox</Description><StepExecutedTime>22:05:15</StepExecutedTime><ScreenShot Name="N/A">N/A</ScreenShot><Result>PASS</Result></LowLevelInfo></Step><Step Number="12"><LowLevelInfo><StepID>12</StepID><Description>Close Assessment layout is closed when Resurn to Assessment button clicked</Description><StepExecutedTime>22:05:17</StepExecutedTime><ScreenShot Name="N/A">N/A</ScreenShot><Result>PASS</Result></LowLevelInfo></Step><Step Number="13"><LowLevelInfo><StepID>13</StepID><Description>Other option in available in Reason for close assessment Combobox</Description><StepExecutedTime>22:05:20</StepExecutedTime><ScreenShot Name="N/A">N/A</ScreenShot><Result>PASS</Result></LowLevelInfo></Step><Step Number="14"><LowLevelInfo><StepID>14</StepID><Description>Summary screen is displaying on clicking Close assessment Button</Description><StepExecutedTime>22:05:24</StepExecutedTime><ScreenShot Name="N/A">N/A</ScreenShot><Result>PASS</Result></LowLevelInfo></Step><Step Number="15"><LowLevelInfo><StepID>15</StepID><Description>Closed: Hoxed is displaying in the patient OutCome</Description><StepExecutedTime>22:05:26</StepExecutedTime><ScreenShot Name="N/A">N/A</ScreenShot><Result>PASS</Result></LowLevelInfo></Step><Step Number="16"><LowLevelInfo><StepID>16</StepID><Description>Default screen is displaying on clicking Complete button in Summary screen</Description><StepExecutedTime>22:05:31</StepExecutedTime><ScreenShot Name="N/A">N/A</ScreenShot><Result>PASS</Result></LowLevelInfo></Step><TestCaseDescription>StandaloneClinician-To Check close Assessment option available on the LHS of the Assessment screen</TestCaseDescription><Result>PASS</Result><EndTime>22:05:32</EndTime></TestCase><TestCase StartTime="22:05:32" ModuleName="ODY_9893"><TestCaseName>ODY_9893</TestCaseName><Step Number="1"><LowLevelInfo><StepID>1</StepID><Description>IMLT message displayed on selecting high urgency answer</Description><StepExecutedTime>22:06:10</StepExecutedTime><ScreenShot Name="N/A">N/A</ScreenShot><Result>PASS</Result></LowLevelInfo></Step><Step Number="2"><LowLevelInfo><StepID>2</StepID><Description>Warning message given for showing IMLT message only once</Description><StepExecutedTime>22:06:12</StepExecutedTime><ScreenShot Name="N/A">N/A</ScreenShot><Result>PASS</Result></LowLevelInfo></Step><Step Number="3"><LowLevelInfo><StepID>3</StepID><Description>Proceed to End Call button is enabled and displayed with IMLT popup</Description><StepExecutedTime>22:06:14</StepExecutedTime><ScreenShot Name="N/A">N/A</ScreenShot><Result>PASS</Result></LowLevelInfo></Step><Step Number="4"><LowLevelInfo><StepID>4</StepID><Description>Go Back button is enabled and displayed with IMLT popup</Description><StepExecutedTime>22:06:16</StepExecutedTime><ScreenShot Name="N/A">N/A</ScreenShot><Result>PASS</Result></LowLevelInfo></Step><Step Number="5"><LowLevelInfo><StepID>5</StepID><Description>Audit for IMLT popup is logged once user click on Proceed to End Call</Description><StepExecutedTime>22:06:20</StepExecutedTime><ScreenShot Name="N/A">N/A</ScreenShot><Result>PASS</Result></LowLevelInfo></Step><Step Number="6"><LowLevelInfo><StepID>6</StepID><Description>Recommend Emergency is suggested by odyssey in triage screen</Description><StepExecutedTime>22:06:21</StepExecutedTime><ScreenShot Name="N/A">N/A</ScreenShot><Result>PASS</Result></LowLevelInfo></Step><Step Number="7"><LowLevelInfo><StepID>7</StepID><Description>Assessment has been completed on clicking complete button</Description><StepExecutedTime>22:06:32</StepExecutedTime><ScreenShot Name="N/A">N/A</ScreenShot><Result>PASS</Result></LowLevelInfo></Step><Step Number="8"><LowLevelInfo><StepID>8</StepID><Description>EMER is the urgency code saved against the Assessment completed with IMLT</Description><StepExecutedTime>22:06:36</StepExecutedTime><ScreenShot Name="N/A">N/A</ScreenShot><Result>PASS</Result></LowLevelInfo></Step><TestCaseDescription>StandaloneClinician-Test case to display relevant IMLT message for Clinician based on the number of the call disposals.</TestCaseDescription><Result>PASS</Result><EndTime>22:06:36</EndTime></TestCase><TestCase StartTime="22:06:36" ModuleName="ODY_9892"><TestCaseName>ODY_9892</TestCaseName><Step Number="1"><LowLevelInfo><StepID>1</StepID><Description>EMER message displayed on selecting high urgency answer</Description><StepExecutedTime>22:07:21</StepExecutedTime><ScreenShot Name="N/A">N/A</ScreenShot><Result>PASS</Result></LowLevelInfo></Step><Step Number="2"><LowLevelInfo><StepID>2</StepID><Description>Warning message given for showing EMER message only once</Description><StepExecutedTime>22:07:23</StepExecutedTime><ScreenShot Name="N/A">N/A</ScreenShot><Result>PASS</Result></LowLevelInfo></Step><Step Number="3"><LowLevelInfo><StepID>3</StepID><Description>Proceed to End Call button is enabled and displayed with IMLT popup</Description><StepExecutedTime>22:07:25</StepExecutedTime><ScreenShot Name="N/A">N/A</ScreenShot><Result>PASS</Result></LowLevelInfo></Step><Step Number="4"><LowLevelInfo><StepID>4</StepID><Description>Go Back button is enabled and displayed with IMLT popup</Description><StepExecutedTime>22:07:27</StepExecutedTime><ScreenShot Name="N/A">N/A</ScreenShot><Result>PASS</Result></LowLevelInfo></Step><Step Number="5"><LowLevelInfo><StepID>5</StepID><Description>Audit for EMER popup is logged once user click on Proceed to End Call</Description><StepExecutedTime>22:07:33</StepExecutedTime><ScreenShot Name="N/A">N/A</ScreenShot><Result>PASS</Result></LowLevelInfo></Step><Step Number="6"><LowLevelInfo><StepID>6</StepID><Description>Recommend Emergency is suggested by odyssey in triage screen</Description><StepExecutedTime>22:07:34</StepExecutedTime><ScreenShot Name="N/A">N/A</ScreenShot><Result>PASS</Result></LowLevelInfo></Step><Step Number="7"><LowLevelInfo><StepID>7</StepID><Description>Assessment has been completed on clicking complete button</Description><StepExecutedTime>22:07:45</StepExecutedTime><ScreenShot Name="N/A">N/A</ScreenShot><Result>PASS</Result></LowLevelInfo></Step><Step Number="8"><LowLevelInfo><StepID>8</StepID><Description>EMER is the urgency code saved against the Assessment completed with IMLT</Description><StepExecutedTime>22:07:49</StepExecutedTime><ScreenShot Name="N/A">N/A</ScreenShot><Result>PASS</Result></LowLevelInfo></Step><TestCaseDescription>StandaloneClinician-Test case to display relevant EMER message for Clinician based on the number of the call disposals</TestCaseDescription><Result>PASS</Result><EndTime>22:07:49</EndTime><EndExecutionTime>16/May/2023   22:07:49</EndExecutionTime><TotalTimeTaken>00:06:45</TotalTimeTaken></TestCase></Root>
