<?xml-stylesheet type='text/xsl' href='DetailXmlReference/LogReport.xsl'?>
<Root><StartTime>16/May/2023   19:09:35</StartTime><Browser>BROWSERNAME - Version: BrowserName</Browser><Module>SMOKETEST</Module><TestCase StartTime="19:09:35" ModuleName="ODY_892"><TestCaseName>ODY_892</TestCaseName><Step Number="1"><LowLevelInfo><StepID>1</StepID><Description>Clinician is able to login and default screen is displayed</Description><StepExecutedTime>19:09:58</StepExecutedTime><ScreenShot Name="N/A">N/A</ScreenShot><Result>PASS</Result></LowLevelInfo></Step><Step Number="2"><LowLevelInfo><StepID>2</StepID><Description>Clinician is able to select presenting complaint as Knee Injury from list and come to Assessment screen</Description><StepExecutedTime>19:10:23</StepExecutedTime><ScreenShot Name="N/A">N/A</ScreenShot><Result>PASS</Result></LowLevelInfo></Step><Step Number="3"><LowLevelInfo><StepID>3</StepID><Description>Notes section is displaying in the summary screen</Description><StepExecutedTime>19:10:51</StepExecutedTime><ScreenShot Name="N/A">N/A</ScreenShot><Result>PASS</Result></LowLevelInfo></Step><Step Number="4"><LowLevelInfo><StepID>4</StepID><Description>Notes entered in the notes section has been saved and displaying</Description><StepExecutedTime>19:10:59</StepExecutedTime><ScreenShot Name="N/A">N/A</ScreenShot><Result>PASS</Result></LowLevelInfo></Step><Step Number="5"><LowLevelInfo><StepID>5</StepID><Description>Assessment has been completed on clicking complete button</Description><StepExecutedTime>19:11:03</StepExecutedTime><ScreenShot Name="N/A">N/A</ScreenShot><Result>PASS</Result></LowLevelInfo></Step><TestCaseDescription>Standalone-Clinician-To check the functionalities of Patient outcome and Notes section in the Summary screen and complete assessment.</TestCaseDescription><Result>PASS</Result><EndTime>19:11:07</EndTime></TestCase><TestCase StartTime="19:11:07" ModuleName="ODY_1004A"><TestCaseName>ODY_1004A</TestCaseName><Step Number="1"><LowLevelInfo><StepID>1</StepID><Description>Add Question Set popup is showing on clicking Add Questionset Link</Description><StepExecutedTime>19:11:53</StepExecutedTime><ScreenShot Name="N/A">N/A</ScreenShot><Result>PASS</Result></LowLevelInfo></Step><Step Number="2"><LowLevelInfo><StepID>2</StepID><Description>Cold/flu protocol is added for the assessment</Description><StepExecutedTime>19:12:02</StepExecutedTime><ScreenShot Name="N/A">N/A</ScreenShot><Result>PASS</Result></LowLevelInfo></Step><Step Number="3"><LowLevelInfo><StepID>3</StepID><Description>default screen is displaying on clicking Pause assessment link in Assessment screen</Description><StepExecutedTime>19:12:10</StepExecutedTime><ScreenShot Name="N/A">N/A</ScreenShot><Result>PASS</Result></LowLevelInfo></Step><Step Number="4"><LowLevelInfo><StepID>4</StepID><Description>Accept patient screen is displaying on clicking pick up patient from default screen</Description><StepExecutedTime>19:12:33</StepExecutedTime><ScreenShot Name="N/A">N/A</ScreenShot><Result>PASS</Result></LowLevelInfo></Step><Step Number="5"><LowLevelInfo><StepID>5</StepID><Description>Presenting complaint Abdominal injury is displaying on the screen on pickup the patient from the queue</Description><StepExecutedTime>19:12:35</StepExecutedTime><ScreenShot Name="N/A">N/A</ScreenShot><Result>PASS</Result></LowLevelInfo></Step><Step Number="6"><LowLevelInfo><StepID>6</StepID><Description>Yes: Dark/old blood displaying for Post op bleed now in the right side of the screen</Description><StepExecutedTime>19:12:51</StepExecutedTime><ScreenShot Name="N/A">N/A</ScreenShot><Result>PASS</Result></LowLevelInfo></Step><Step Number="7"><LowLevelInfo><StepID>7</StepID><Description>Mild displaying for Neck Stiffness in the right side of the screen</Description><StepExecutedTime>19:12:52</StepExecutedTime><ScreenShot Name="N/A">N/A</ScreenShot><Result>PASS</Result></LowLevelInfo></Step><Step Number="8"><LowLevelInfo><StepID>8</StepID><Description>Assessment has been completed on clicking complete button</Description><StepExecutedTime>19:13:03</StepExecutedTime><ScreenShot Name="N/A">N/A</ScreenShot><Result>PASS</Result></LowLevelInfo></Step><TestCaseDescription>Standalone-Clinician-To check that add question set and pause functionality is working for any assessment</TestCaseDescription><Result>PASS</Result><EndTime>19:13:06</EndTime></TestCase><TestCase StartTime="19:13:06" ModuleName="ODY_877"><TestCaseName>ODY_877</TestCaseName><Step Number="1"><LowLevelInfo><StepID>1</StepID><Description>Close assessment layout is displaying on clicking the close assessment link on assessment screen</Description><StepExecutedTime>19:13:49</StepExecutedTime><ScreenShot Name="N/A">N/A</ScreenShot><Result>PASS</Result></LowLevelInfo></Step><Step Number="2"><LowLevelInfo><StepID>2</StepID><Description>Other option in available in Reason for close assessment Combobox</Description><StepExecutedTime>19:13:51</StepExecutedTime><ScreenShot Name="N/A">N/A</ScreenShot><Result>PASS</Result></LowLevelInfo></Step><Step Number="3"><LowLevelInfo><StepID>3</StepID><Description>Summary screen is displaying on clicking Close assessment Button</Description><StepExecutedTime>19:13:54</StepExecutedTime><ScreenShot Name="N/A">N/A</ScreenShot><Result>PASS</Result></LowLevelInfo></Step><Step Number="4"><LowLevelInfo><StepID>4</StepID><Description>Closed: Hoxed is displaying in the patient OutCome</Description><StepExecutedTime>19:13:56</StepExecutedTime><ScreenShot Name="N/A">N/A</ScreenShot><Result>PASS</Result></LowLevelInfo></Step><Step Number="5"><LowLevelInfo><StepID>5</StepID><Description>Default screen displayed upon premature closure of assessment</Description><StepExecutedTime>19:13:59</StepExecutedTime><ScreenShot Name="N/A">N/A</ScreenShot><Result>PASS</Result></LowLevelInfo></Step><TestCaseDescription>Standalone-Clinician-To Check close Assessment option available on the LHS of the Assessment screen</TestCaseDescription><Result>PASS</Result><EndTime>19:14:02</EndTime><EndExecutionTime>16/May/2023   19:14:02</EndExecutionTime><TotalTimeTaken>00:04:27</TotalTimeTaken></TestCase></Root>
