<?xml-stylesheet type='text/xsl' href='DetailXmlReference/LogReport.xsl'?>
<Root><StartTime>16/May/2023   22:24:17</StartTime><Browser>BROWSERNAME - Version: BrowserName</Browser><Module>LOCATIONCULTURESPECIFIC</Module><TestCase StartTime="22:24:17" ModuleName="ODY_901"><TestCaseName>ODY_901</TestCaseName><Step Number="1"><LowLevelInfo><StepID>1</StepID><Description>No match found message is displating for the patient searched</Description><StepExecutedTime>22:24:50</StepExecutedTime><ScreenShot Name="N/A">N/A</ScreenShot><Result>PASS</Result></LowLevelInfo></Step><Step Number="2"><LowLevelInfo><StepID>2</StepID><Description>Demographic screen is displaying</Description><StepExecutedTime>22:24:54</StepExecutedTime><ScreenShot Name="N/A">N/A</ScreenShot><Result>PASS</Result></LowLevelInfo></Step><Step Number="3"><LowLevelInfo><StepID>3</StepID><Description>MELBOURNE is autopopulated as the town name using address lookup functionality</Description><StepExecutedTime>22:25:18</StepExecutedTime><ScreenShot Name="N/A">N/A</ScreenShot><Result>PASS</Result></LowLevelInfo></Step><Step Number="4"><LowLevelInfo><StepID>4</StepID><Description>VIC is autopopulated as the County name using address lookup functionality</Description><StepExecutedTime>22:25:19</StepExecutedTime><ScreenShot Name="N/A">N/A</ScreenShot><Result>PASS</Result></LowLevelInfo></Step><Step Number="5"><LowLevelInfo><StepID>5</StepID><Description>Address is shown on the patient banner which is added using lookup in demographics screen</Description><StepExecutedTime>22:25:25</StepExecutedTime><ScreenShot Name="N/A">N/A</ScreenShot><Result>PASS</Result></LowLevelInfo></Step><Step Number="6"><LowLevelInfo><StepID>6</StepID><Description>New Address is shown on the patient banner which is added using lookup through patient banner</Description><StepExecutedTime>22:25:50</StepExecutedTime><ScreenShot Name="N/A">N/A</ScreenShot><Result>PASS</Result></LowLevelInfo></Step><Step Number="7"><LowLevelInfo><StepID>7</StepID><Description>Urgency of the assessment is bumped upBased on the answers completed Odyssey recommends face to face assessment within 12 hours but consider &lt; 2 hours.</Description><StepExecutedTime>22:26:10</StepExecutedTime><ScreenShot Name="N/A">N/A</ScreenShot><Result>PASS</Result></LowLevelInfo></Step><Step Number="8"><LowLevelInfo><StepID>8</StepID><Description>Urgency of the assessment is shown as face to face assessment within 12 hours</Description><StepExecutedTime>22:26:15</StepExecutedTime><ScreenShot Name="N/A">N/A</ScreenShot><Result>PASS</Result></LowLevelInfo></Step><Step Number="9"><LowLevelInfo><StepID>9</StepID><Description>Call Type option is shown in the summary screen below patient putcome</Description><StepExecutedTime>22:26:17</StepExecutedTime><ScreenShot Name="N/A">N/A</ScreenShot><Result>PASS</Result></LowLevelInfo></Step><TestCaseDescription>AUS - To check the functionality of Address lookup in the Demographic Screen and Patient Banner</TestCaseDescription><Result>PASS</Result><EndTime>22:26:29</EndTime><EndExecutionTime>16/May/2023   22:26:29</EndExecutionTime><TotalTimeTaken>00:02:12</TotalTimeTaken></TestCase></Root>
