<?xml-stylesheet type='text/xsl' href='DetailXmlReference/LogReport.xsl'?>
<Root><StartTime>16/May/2023   22:13:06</StartTime><Browser>BROWSERNAME - Version: BrowserName</Browser><Module>STANDALONEBUGS</Module><TestCase StartTime="22:13:06" ModuleName="ODY_2791"><TestCaseName>ODY_2791</TestCaseName><Step Number="1"><LowLevelInfo><StepID>1</StepID><Description>Search result is displaying on hitting Enter key after search key is entered</Description><StepExecutedTime>22:13:31</StepExecutedTime><ScreenShot Name="N/A">N/A</ScreenShot><Result>PASS</Result></LowLevelInfo></Step><Step Number="2"><LowLevelInfo><StepID>2</StepID><Description>Default screen is displaying after patient is created</Description><StepExecutedTime>22:13:55</StepExecutedTime><ScreenShot Name="N/A">N/A</ScreenShot><Result>PASS</Result></LowLevelInfo></Step><Step Number="3"><LowLevelInfo><StepID>3</StepID><Description>Search result is displaying for the name Automation on hitting Enter key after search key is entered</Description><StepExecutedTime>22:14:00</StepExecutedTime><ScreenShot Name="N/A">N/A</ScreenShot><Result>PASS</Result></LowLevelInfo></Step><Step Number="4"><LowLevelInfo><StepID>4</StepID><Description>Address details is displaying for the Test Automation patient under Address Preview section of banner</Description><StepExecutedTime>22:14:05</StepExecutedTime><ScreenShot Name="N/A">N/A</ScreenShot><Result>PASS</Result></LowLevelInfo></Step><Step Number="5"><LowLevelInfo><StepID>5</StepID><Description>Address details is displaying for the Test Automation patient under Address Preview section of banner</Description><StepExecutedTime>22:14:15</StepExecutedTime><ScreenShot Name="N/A">N/A</ScreenShot><Result>PASS</Result></LowLevelInfo></Step><Step Number="6"><LowLevelInfo><StepID>6</StepID><Description>Demographic window is open on clicking patient name</Description><StepExecutedTime>22:14:18</StepExecutedTime><ScreenShot Name="N/A">N/A</ScreenShot><Result>PASS</Result></LowLevelInfo></Step><Step Number="7"><LowLevelInfo><StepID>7</StepID><Description>Age textbox is disabled in the demographic popup window</Description><StepExecutedTime>22:14:19</StepExecutedTime><ScreenShot Name="N/A">N/A</ScreenShot><Result>PASS</Result></LowLevelInfo></Step><Step Number="8"><LowLevelInfo><StepID>8</StepID><Description>Years radiobutton is disabled in the demographic popup window</Description><StepExecutedTime>22:14:21</StepExecutedTime><ScreenShot Name="N/A">N/A</ScreenShot><Result>PASS</Result></LowLevelInfo></Step><Step Number="9"><LowLevelInfo><StepID>9</StepID><Description>Months radiobutton is disabled in the demographic popup window</Description><StepExecutedTime>22:14:23</StepExecutedTime><ScreenShot Name="N/A">N/A</ScreenShot><Result>PASS</Result></LowLevelInfo></Step><Step Number="10"><LowLevelInfo><StepID>10</StepID><Description>Weeks radiobutton is disabled in the demographic popup window</Description><StepExecutedTime>22:14:24</StepExecutedTime><ScreenShot Name="N/A">N/A</ScreenShot><Result>PASS</Result></LowLevelInfo></Step><Step Number="11"><LowLevelInfo><StepID>11</StepID><Description>Gender combobox is disabled in the demographic popup window</Description><StepExecutedTime>22:14:27</StepExecutedTime><ScreenShot Name="N/A">N/A</ScreenShot><Result>PASS</Result></LowLevelInfo></Step><TestCaseDescription>Clinician-Unable to search patient after pressing Enter key in the default screen.</TestCaseDescription><Result>PASS</Result><EndTime>22:14:33</EndTime></TestCase><TestCase StartTime="22:14:33" ModuleName="ODY_1119"><TestCaseName>ODY_1119</TestCaseName><Step Number="1"><LowLevelInfo><StepID>1</StepID><Description>Gender is displaying in the banner details</Description><StepExecutedTime>22:15:01</StepExecutedTime><ScreenShot Name="N/A">N/A</ScreenShot><Result>PASS</Result></LowLevelInfo></Step><Step Number="2"><LowLevelInfo><StepID>2</StepID><Description>Unknown is showing for the NHS number</Description><StepExecutedTime>22:15:02</StepExecutedTime><ScreenShot Name="N/A">N/A</ScreenShot><Result>PASS</Result></LowLevelInfo></Step><Step Number="3"><LowLevelInfo><StepID>3</StepID><Description>Unknown is showing for the NHS number</Description><StepExecutedTime>22:15:09</StepExecutedTime><ScreenShot Name="N/A">N/A</ScreenShot><Result>PASS</Result></LowLevelInfo></Step><Step Number="4"><LowLevelInfo><StepID>4</StepID><Description>0000000 is showing for t he NHS number</Description><StepExecutedTime>22:15:15</StepExecutedTime><ScreenShot Name="N/A">N/A</ScreenShot><Result>PASS</Result></LowLevelInfo></Step><Step Number="5"><LowLevelInfo><StepID>5</StepID><Description>1111111111 is not showing for the NHS number</Description><StepExecutedTime>22:15:20</StepExecutedTime><ScreenShot Name="N/A">N/A</ScreenShot><Result>PASS</Result></LowLevelInfo></Step><Step Number="6"><LowLevelInfo><StepID>6</StepID><Description>Male is not displaying in the banner details</Description><StepExecutedTime>22:15:29</StepExecutedTime><ScreenShot Name="N/A">N/A</ScreenShot><Result>PASS</Result></LowLevelInfo></Step><TestCaseDescription>Clinician_Close and Dont Save Option is not working as expected in the Demographic screen for the NHS number field.</TestCaseDescription><Result>PASS</Result><EndTime>22:15:36</EndTime></TestCase><TestCase StartTime="22:15:36" ModuleName="ODY_1118"><TestCaseName>ODY_1118</TestCaseName><Step Number="1"><LowLevelInfo><StepID>1</StepID><Description>Age is displaying in the banner details</Description><StepExecutedTime>22:16:08</StepExecutedTime><ScreenShot Name="N/A">N/A</ScreenShot><Result>PASS</Result></LowLevelInfo></Step><Step Number="2"><LowLevelInfo><StepID>2</StepID><Description>Unknown is showing for the NHS number</Description><StepExecutedTime>22:16:09</StepExecutedTime><ScreenShot Name="N/A">N/A</ScreenShot><Result>PASS</Result></LowLevelInfo></Step><Step Number="3"><LowLevelInfo><StepID>3</StepID><Description>Gender is displaying in the banner details</Description><StepExecutedTime>22:16:10</StepExecutedTime><ScreenShot Name="N/A">N/A</ScreenShot><Result>PASS</Result></LowLevelInfo></Step><Step Number="4"><LowLevelInfo><StepID>4</StepID><Description>Save and close button is disabled when selecting Gender as Please select</Description><StepExecutedTime>22:16:17</StepExecutedTime><ScreenShot Name="N/A">N/A</ScreenShot><Result>PASS</Result></LowLevelInfo></Step><Step Number="5"><LowLevelInfo><StepID>5</StepID><Description>Save and close button is enabled when selecting Gender</Description><StepExecutedTime>22:16:21</StepExecutedTime><ScreenShot Name="N/A">N/A</ScreenShot><Result>PASS</Result></LowLevelInfo></Step><Step Number="6"><LowLevelInfo><StepID>6</StepID><Description>Female is displaying in the banner details</Description><StepExecutedTime>22:16:23</StepExecutedTime><ScreenShot Name="N/A">N/A</ScreenShot><Result>PASS</Result></LowLevelInfo></Step><TestCaseDescription>Clinician_Application crashes when user selects the option 'Please Select' from the dropdown for selecting gender in the Banner Details</TestCaseDescription><Result>PASS</Result><EndTime>22:16:31</EndTime></TestCase><TestCase StartTime="22:16:31" ModuleName="ODY_1247"><TestCaseName>ODY_1247</TestCaseName><Step Number="1"><LowLevelInfo><StepID>1</StepID><Description>No match found message is displating for the patient searched</Description><StepExecutedTime>22:17:23</StepExecutedTime><ScreenShot Name="N/A">N/A</ScreenShot><Result>PASS</Result></LowLevelInfo></Step><Step Number="2"><LowLevelInfo><StepID>2</StepID><Description>Summary screen is displaying on clicking Continue to summary screen</Description><StepExecutedTime>22:18:14</StepExecutedTime><ScreenShot Name="N/A">N/A</ScreenShot><Result>PASS</Result></LowLevelInfo></Step><Step Number="3"><LowLevelInfo><StepID>3</StepID><Description>Patient has been picked up from queue and completed the assessment</Description><StepExecutedTime>22:18:22</StepExecutedTime><ScreenShot Name="N/A">N/A</ScreenShot><Result>PASS</Result></LowLevelInfo></Step><TestCaseDescription>ADMIN-Unable to add Contact Type in Standalone application.</TestCaseDescription><Result>PASS</Result><EndTime>22:18:27</EndTime></TestCase><TestCase StartTime="22:18:27" ModuleName="ODY_2186"><TestCaseName>ODY_2186</TestCaseName><Step Number="1"><LowLevelInfo><StepID>1</StepID><Description>Default screen is displaying after sign in the application</Description><StepExecutedTime>22:18:50</StepExecutedTime><ScreenShot Name="N/A">N/A</ScreenShot><Result>PASS</Result></LowLevelInfo></Step><Step Number="2"><LowLevelInfo><StepID>2</StepID><Description>Assessment is completed successfully and  home screen is displaying</Description><StepExecutedTime>22:19:39</StepExecutedTime><ScreenShot Name="N/A">N/A</ScreenShot><Result>PASS</Result></LowLevelInfo></Step><TestCaseDescription>Clinician-Unable to change answer and application is crashing on click of Continue.</TestCaseDescription><Result>PASS</Result><EndTime>22:19:43</EndTime></TestCase><TestCase StartTime="22:19:43" ModuleName="ODY_2994"><TestCaseName>ODY_2994</TestCaseName><Step Number="1"><LowLevelInfo><StepID>1</StepID><Description>Inactive user clinicianTestAutomation@advanced.engb is displaying when Include inactive Users is checked</Description><StepExecutedTime>22:20:20</StepExecutedTime><ScreenShot Name="N/A">N/A</ScreenShot><Result>PASS</Result></LowLevelInfo></Step><Step Number="2"><LowLevelInfo><StepID>2</StepID><Description>Inactive user clinicianTestAutomation@advanced.engb is not displaying when Include inactive Users is unchecked</Description><StepExecutedTime>22:20:25</StepExecutedTime><ScreenShot Name="N/A">N/A</ScreenShot><Result>PASS</Result></LowLevelInfo></Step><TestCaseDescription>Admin-Include inactive Users checkbox is not filtering user list under User Admin.</TestCaseDescription><Result>PASS</Result><EndTime>22:20:26</EndTime></TestCase><TestCase StartTime="22:20:26" ModuleName="ODY_3455"><TestCaseName>ODY_3455</TestCaseName><Step Number="1"><LowLevelInfo><StepID>1</StepID><Description>Default screen is displaying after sign in the application</Description><StepExecutedTime>22:20:37</StepExecutedTime><ScreenShot Name="N/A">N/A</ScreenShot><Result>PASS</Result></LowLevelInfo></Step><Step Number="2"><LowLevelInfo><StepID>2</StepID><Description>Presenting complaint screen is displaying on clicking Continue button</Description><StepExecutedTime>22:21:05</StepExecutedTime><ScreenShot Name="N/A">N/A</ScreenShot><Result>PASS</Result></LowLevelInfo></Step><Step Number="3"><LowLevelInfo><StepID>3</StepID><Description>Analgesics question set opened on answering Pain Severity</Description><StepExecutedTime>22:21:29</StepExecutedTime><ScreenShot Name="N/A">N/A</ScreenShot><Result>PASS</Result></LowLevelInfo></Step><Step Number="4"><LowLevelInfo><StepID>4</StepID><Description>Remove response Analgesics from Other Symptoms is displaying</Description><StepExecutedTime>22:21:38</StepExecutedTime><ScreenShot Name="N/A">N/A</ScreenShot><Result>PASS</Result></LowLevelInfo></Step><Step Number="5"><LowLevelInfo><StepID>5</StepID><Description>Psychological State question set opened on answering Current State</Description><StepExecutedTime>22:22:04</StepExecutedTime><ScreenShot Name="N/A">N/A</ScreenShot><Result>PASS</Result></LowLevelInfo></Step><Step Number="6"><LowLevelInfo><StepID>6</StepID><Description>Remove response Psychological State from Other Symptoms is not displaying</Description><StepExecutedTime>22:22:18</StepExecutedTime><ScreenShot Name="View">..\Module Results\Snapshot\5_16_22_22_18.png</ScreenShot><Result>FAIL</Result></LowLevelInfo></Step><Step Number="7"><LowLevelInfo><StepID>7</StepID><Description>Default screen is displaying after sign in the application</Description><StepExecutedTime>22:22:25</StepExecutedTime><ScreenShot Name="N/A">N/A</ScreenShot><Result>PASS</Result></LowLevelInfo></Step><Step Number="8"><LowLevelInfo><StepID>8</StepID><Description>Analgesics question set  not opened on answering Pain Severity</Description><StepExecutedTime>22:22:32</StepExecutedTime><ScreenShot Name="N/A">N/A</ScreenShot><Result>PASS</Result></LowLevelInfo></Step><TestCaseDescription>Clinician-Closed question set is reappearing on reloading paused assessment or coming back to assessment screen for clinician.</TestCaseDescription><Result>FAIL</Result><EndTime>22:22:52</EndTime></TestCase><TestCase StartTime="22:22:52" ModuleName="ODY_3673"><TestCaseName>ODY_3673</TestCaseName><Step Number="1"><LowLevelInfo><StepID>1</StepID><Description>Default screen is displaying after sign in the application</Description><StepExecutedTime>22:23:13</StepExecutedTime><ScreenShot Name="N/A">N/A</ScreenShot><Result>PASS</Result></LowLevelInfo></Step><Step Number="2"><LowLevelInfo><StepID>2</StepID><Description>After selecting another presenting complaint from searcg result previously selected presenting complaint Analgesics is deselected</Description><StepExecutedTime>22:23:59</StepExecutedTime><ScreenShot Name="N/A">N/A</ScreenShot><Result>PASS</Result></LowLevelInfo></Step><Step Number="3"><LowLevelInfo><StepID>3</StepID><Description>After selecting another presenting complaint from searcg result previously selected presenting complaint Analgesics is deselected</Description><StepExecutedTime>22:24:12</StepExecutedTime><ScreenShot Name="N/A">N/A</ScreenShot><Result>PASS</Result></LowLevelInfo></Step><TestCaseDescription>Clincian-Additional question set will appears by clicking Return to assessment screen as well as Review assessment</TestCaseDescription><Result>PASS</Result><EndTime>22:24:17</EndTime><EndExecutionTime>16/May/2023   22:24:17</EndExecutionTime><TotalTimeTaken>00:11:11</TotalTimeTaken></TestCase></Root>
