<?xml-stylesheet type='text/xsl' href='DetailXmlReference/LogReport.xsl'?>
<Root><StartTime>16/May/2023   22:07:49</StartTime><Browser>BROWSERNAME - Version: BrowserName</Browser><Module>REPORTINGDBPATOUTCOME</Module><TestCase StartTime="22:07:49" ModuleName="ODY_10368"><TestCaseName>ODY_10368</TestCaseName><Step Number="1"><LowLevelInfo><StepID>1</StepID><Description>No match found message is displaying for the patient searched before saving the patient detail</Description><StepExecutedTime>22:09:13</StepExecutedTime><ScreenShot Name="N/A">N/A</ScreenShot><Result>PASS</Result></LowLevelInfo></Step><Step Number="2"><LowLevelInfo><StepID>2</StepID><Description>Demographic screen is displaying</Description><StepExecutedTime>22:09:18</StepExecutedTime><ScreenShot Name="N/A">N/A</ScreenShot><Result>PASS</Result></LowLevelInfo></Step><Step Number="3"><LowLevelInfo><StepID>3</StepID><Description>Variance popup box is not displaying with the water mark on changing the urgency and clicking on Continue summary screen button</Description><StepExecutedTime>22:10:05</StepExecutedTime><ScreenShot Name="N/A">N/A</ScreenShot><Result>PASS</Result></LowLevelInfo></Step><Step Number="4"><LowLevelInfo><StepID>4</StepID><Description></Description><StepExecutedTime>22:10:23</StepExecutedTime><ScreenShot Name="View">..\Module Results\Snapshot\5_16_22_10_23.png</ScreenShot><Result>FAIL</Result></LowLevelInfo></Step><TestCaseDescription>StandaloneClinician - Validate that all the details of completed assessment is saved in Reporting Database</TestCaseDescription><Result>FAIL</Result><EndTime>22:10:24</EndTime></TestCase><TestCase StartTime="22:11:56" ModuleName="ODY_10369"><TestCaseName>ODY_10369</TestCaseName><Step Number="1"><LowLevelInfo><StepID>1</StepID><Description>Close assessment layout is displaying on clicking the close assessment link on assessment screen</Description><StepExecutedTime>22:12:51</StepExecutedTime><ScreenShot Name="N/A">N/A</ScreenShot><Result>PASS</Result></LowLevelInfo></Step><Step Number="2"><LowLevelInfo><StepID>2</StepID><Description>Hoax option in available in Reason for close assessment Combobox</Description><StepExecutedTime>22:12:53</StepExecutedTime><ScreenShot Name="N/A">N/A</ScreenShot><Result>PASS</Result></LowLevelInfo></Step><Step Number="3"><LowLevelInfo><StepID>3</StepID><Description>Summary screen is displaying on clicking Close assessment Button</Description><StepExecutedTime>22:12:56</StepExecutedTime><ScreenShot Name="N/A">N/A</ScreenShot><Result>PASS</Result></LowLevelInfo></Step><Step Number="4"><LowLevelInfo><StepID>4</StepID><Description>Closed: Hoxed is displaying in the patient OutCome</Description><StepExecutedTime>22:12:57</StepExecutedTime><ScreenShot Name="N/A">N/A</ScreenShot><Result>PASS</Result></LowLevelInfo></Step><Step Number="5"><LowLevelInfo><StepID>5</StepID><Description>Default screen is displaying on clicking Complete button in Summary screen</Description><StepExecutedTime>22:13:02</StepExecutedTime><ScreenShot Name="N/A">N/A</ScreenShot><Result>PASS</Result></LowLevelInfo></Step><Step Number="6"><LowLevelInfo><StepID>6</StepID><Description>Details for question Swelling is saved properly in reporting database for the assessment</Description><StepExecutedTime>22:13:06</StepExecutedTime><ScreenShot Name="N/A">N/A</ScreenShot><Result>PASS</Result></LowLevelInfo></Step><Step Number="7"><LowLevelInfo><StepID>7</StepID><Description>Conent Details for assessment is saved properly in reporting database</Description><StepExecutedTime>22:13:06</StepExecutedTime><ScreenShot Name="N/A">N/A</ScreenShot><Result>PASS</Result></LowLevelInfo></Step><Step Number="8"><LowLevelInfo><StepID>8</StepID><Description>Patient Details is saved properly in reporting database for the assessment</Description><StepExecutedTime>22:13:06</StepExecutedTime><ScreenShot Name="N/A">N/A</ScreenShot><Result>PASS</Result></LowLevelInfo></Step><Step Number="9"><LowLevelInfo><StepID>9</StepID><Description>Contact Details is saved properly in reporting database for the assessment</Description><StepExecutedTime>22:13:06</StepExecutedTime><ScreenShot Name="N/A">N/A</ScreenShot><Result>PASS</Result></LowLevelInfo></Step><Step Number="10"><LowLevelInfo><StepID>10</StepID><Description>Urgency and outcome details for assessment is saved properly in reporting database</Description><StepExecutedTime>22:13:06</StepExecutedTime><ScreenShot Name="N/A">N/A</ScreenShot><Result>PASS</Result></LowLevelInfo></Step><TestCaseDescription>StandaloneClinician - Validate that all the details of closed assessment is saved in Reporting Database</TestCaseDescription><Result>PASS</Result><EndTime>22:13:06</EndTime><EndExecutionTime>16/May/2023   22:13:06</EndExecutionTime><TotalTimeTaken>00:05:17</TotalTimeTaken></TestCase></Root>
