<?xml-stylesheet type='text/xsl' href='DetailXmlReference/LogReport.xsl'?>
<Root><StartTime>16/May/2023   22:39:38</StartTime><Browser>BROWSERNAME - Version: BrowserName</Browser><Module>REPORTINGDBSIGNPOST</Module><TestCase StartTime="22:39:38" ModuleName="ODY_10371"><TestCaseName>ODY_10371</TestCaseName><Step Number="1"><LowLevelInfo><StepID>1</StepID><Description>No match found message is displaying for the patient searched before saving the patient detail</Description><StepExecutedTime>22:40:59</StepExecutedTime><ScreenShot Name="N/A">N/A</ScreenShot><Result>PASS</Result></LowLevelInfo></Step><Step Number="2"><LowLevelInfo><StepID>2</StepID><Description>Demographic screen is displaying</Description><StepExecutedTime>22:41:03</StepExecutedTime><ScreenShot Name="N/A">N/A</ScreenShot><Result>PASS</Result></LowLevelInfo></Step><Step Number="3"><LowLevelInfo><StepID>3</StepID><Description>There is one matching GP is displaying in the search results</Description><StepExecutedTime>22:41:31</StepExecutedTime><ScreenShot Name="N/A">N/A</ScreenShot><Result>PASS</Result></LowLevelInfo></Step><Step Number="4"><LowLevelInfo><StepID>4</StepID><Description>GP  has been selected from the search list and it is displaying in the Current GP Section</Description><StepExecutedTime>22:41:36</StepExecutedTime><ScreenShot Name="N/A">N/A</ScreenShot><Result>PASS</Result></LowLevelInfo></Step><Step Number="5"><LowLevelInfo><StepID>5</StepID><Description>Default screen is displaying after assessment is paused</Description><StepExecutedTime>22:42:05</StepExecutedTime><ScreenShot Name="N/A">N/A</ScreenShot><Result>PASS</Result></LowLevelInfo></Step><Step Number="6"><LowLevelInfo><StepID>6</StepID><Description>Preferred signpost GP Assessment is highlighted again on click in summary screen</Description><StepExecutedTime>22:42:47</StepExecutedTime><ScreenShot Name="N/A">N/A</ScreenShot><Result>PASS</Result></LowLevelInfo></Step><Step Number="7"><LowLevelInfo><StepID>7</StepID><Description>Default screen is displaying after assessment is completed</Description><StepExecutedTime>22:42:50</StepExecutedTime><ScreenShot Name="N/A">N/A</ScreenShot><Result>PASS</Result></LowLevelInfo></Step><Step Number="8"><LowLevelInfo><StepID>8</StepID><Description>Either BOF or EOF is True, or the current record has been deleted. Requested operation requires a current record.</Description><StepExecutedTime>22:42:55</StepExecutedTime><ScreenShot Name="View">..\Module Results\Snapshot\5_16_22_42_55.png</ScreenShot><Result>FAIL</Result></LowLevelInfo></Step><TestCaseDescription>StandaloneClinician - Validate that all the details of paused assessment is saved in Reporting Database</TestCaseDescription><Result>FAIL</Result><EndTime>22:42:56</EndTime><EndExecutionTime>16/May/2023   22:44:26</EndExecutionTime><TotalTimeTaken>00:04:48</TotalTimeTaken></TestCase></Root>
