<?xml-stylesheet type='text/xsl' href='DetailXmlReference/LogReport.xsl'?>
<Root><StartTime>16/May/2023   20:44:20</StartTime><Browser>BROWSERNAME - Version: BrowserName</Browser><Module>STANDALONE310ADMIN</Module><TestCase StartTime="20:44:20" ModuleName="ODY_929"><TestCaseName>ODY_929</TestCaseName><Step Number="1"><LowLevelInfo><StepID>1</StepID><Description>Admin Summary screen is displaying after login the application</Description><StepExecutedTime>20:44:39</StepExecutedTime><ScreenShot Name="N/A">N/A</ScreenShot><Result>PASS</Result></LowLevelInfo></Step><Step Number="2"><LowLevelInfo><StepID>2</StepID><Description>System Admin reports section is displaying on the admin summary screen</Description><StepExecutedTime>20:44:40</StepExecutedTime><ScreenShot Name="N/A">N/A</ScreenShot><Result>PASS</Result></LowLevelInfo></Step><Step Number="3"><LowLevelInfo><StepID>3</StepID><Description>Total Contacts section is displaying on the admin summary screen</Description><StepExecutedTime>20:44:41</StepExecutedTime><ScreenShot Name="N/A">N/A</ScreenShot><Result>PASS</Result></LowLevelInfo></Step><Step Number="4"><LowLevelInfo><StepID>4</StepID><Description>Outcome Summary section is displaying on the admin summary screen</Description><StepExecutedTime>20:44:42</StepExecutedTime><ScreenShot Name="N/A">N/A</ScreenShot><Result>PASS</Result></LowLevelInfo></Step><Step Number="5"><LowLevelInfo><StepID>5</StepID><Description>Logged on users Section is displaying on the admin summary screen</Description><StepExecutedTime>20:44:43</StepExecutedTime><ScreenShot Name="N/A">N/A</ScreenShot><Result>PASS</Result></LowLevelInfo></Step><Step Number="6"><LowLevelInfo><StepID>6</StepID><Description>Disable User button is displaying after clicking User Admin button and navigated to next screen</Description><StepExecutedTime>20:44:48</StepExecutedTime><ScreenShot Name="N/A">N/A</ScreenShot><Result>PASS</Result></LowLevelInfo></Step><Step Number="7"><LowLevelInfo><StepID>7</StepID><Description>Back to Admin Summary button is displaying after clicking User Admin button and navigated to next screen</Description><StepExecutedTime>20:44:49</StepExecutedTime><ScreenShot Name="N/A">N/A</ScreenShot><Result>PASS</Result></LowLevelInfo></Step><Step Number="8"><LowLevelInfo><StepID>8</StepID><Description>New User button is displaying after clicking User Admin button and navigated to next screen</Description><StepExecutedTime>20:44:50</StepExecutedTime><ScreenShot Name="N/A">N/A</ScreenShot><Result>PASS</Result></LowLevelInfo></Step><Step Number="9"><LowLevelInfo><StepID>9</StepID><Description>Disable User button is displaying after clicking User Admin button and navigated to next screen</Description><StepExecutedTime>20:44:51</StepExecutedTime><ScreenShot Name="N/A">N/A</ScreenShot><Result>PASS</Result></LowLevelInfo></Step><Step Number="10"><LowLevelInfo><StepID>10</StepID><Description>Clinician user has been created</Description><StepExecutedTime>20:45:09</StepExecutedTime><ScreenShot Name="N/A">N/A</ScreenShot><Result>PASS</Result></LowLevelInfo></Step><Step Number="11"><LowLevelInfo><StepID>11</StepID><Description>Upon rejection of Terms and Conditions new clinician user is not allowed to login and remain on the login screen</Description><StepExecutedTime>20:45:18</StepExecutedTime><ScreenShot Name="N/A">N/A</ScreenShot><Result>PASS</Result></LowLevelInfo></Step><Step Number="12"><LowLevelInfo><StepID>12</StepID><Description>Upon Acceptance of Terms and Conditions Able to login with the clinician user has been created</Description><StepExecutedTime>20:45:37</StepExecutedTime><ScreenShot Name="N/A">N/A</ScreenShot><Result>PASS</Result></LowLevelInfo></Step><TestCaseDescription>Functionality to create a Clinician user from Admin.</TestCaseDescription><Result>PASS</Result><EndTime>20:45:39</EndTime></TestCase><TestCase StartTime="20:45:39" ModuleName="ODY_930"><TestCaseName>ODY_930</TestCaseName><Step Number="1"><LowLevelInfo><StepID>1</StepID><Description>Able to login with the clinician user has been created</Description><StepExecutedTime>20:46:09</StepExecutedTime><ScreenShot Name="N/A">N/A</ScreenShot><Result>PASS</Result></LowLevelInfo></Step><Step Number="2"><LowLevelInfo><StepID>2</StepID><Description>Training Completed checkbox is disabled once it is checked for a user</Description><StepExecutedTime>20:46:21</StepExecutedTime><ScreenShot Name="N/A">N/A</ScreenShot><Result>PASS</Result></LowLevelInfo></Step><Step Number="3"><LowLevelInfo><StepID>3</StepID><Description>User Account has been disabled by admin message is displaying on try to log in with disabled clinician user</Description><StepExecutedTime>20:46:32</StepExecutedTime><ScreenShot Name="N/A">N/A</ScreenShot><Result>PASS</Result></LowLevelInfo></Step><Step Number="4"><LowLevelInfo><StepID>4</StepID><Description>Able to login with the clinician user which is reenabled by admin</Description><StepExecutedTime>20:46:52</StepExecutedTime><ScreenShot Name="N/A">N/A</ScreenShot><Result>PASS</Result></LowLevelInfo></Step><TestCaseDescription>Functionality to check the Disable user option in the Admin</TestCaseDescription><Result>PASS</Result><EndTime>20:46:56</EndTime></TestCase><TestCase StartTime="20:46:56" ModuleName="ODY_937"><TestCaseName>ODY_937</TestCaseName><Step Number="1"><LowLevelInfo><StepID>1</StepID><Description>Question Set Closure Reasons section is displaying in the Admin configuration screen</Description><StepExecutedTime>20:47:15</StepExecutedTime><ScreenShot Name="N/A">N/A</ScreenShot><Result>PASS</Result></LowLevelInfo></Step><Step Number="2"><LowLevelInfo><StepID>2</StepID><Description>Audit record is created in Database for changing Email Message in Admin Configuration module</Description><StepExecutedTime>20:47:45</StepExecutedTime><ScreenShot Name="N/A">N/A</ScreenShot><Result>PASS</Result></LowLevelInfo></Step><Step Number="3"><LowLevelInfo><StepID>3</StepID><Description>Test Automation Reason for closing question set added from the admin is displaying in the reason for closure dropdown</Description><StepExecutedTime>20:48:21</StepExecutedTime><ScreenShot Name="N/A">N/A</ScreenShot><Result>PASS</Result></LowLevelInfo></Step><TestCaseDescription>Functionality to check if a new Question set closure reason added reflects in the clinician.</TestCaseDescription><Result>PASS</Result><EndTime>20:48:26</EndTime></TestCase><TestCase StartTime="20:48:26" ModuleName="ODY_954"><TestCaseName>ODY_954</TestCaseName><Step Number="1"><LowLevelInfo><StepID>1</StepID><Description>Assessment Closure Reasons section is displaying in the Admin configuration screen</Description><StepExecutedTime>20:48:51</StepExecutedTime><ScreenShot Name="N/A">N/A</ScreenShot><Result>PASS</Result></LowLevelInfo></Step><Step Number="2"><LowLevelInfo><StepID>2</StepID><Description>Audit record is created in Database for changing Email Subject in Admin Configuration module</Description><StepExecutedTime>20:49:21</StepExecutedTime><ScreenShot Name="N/A">N/A</ScreenShot><Result>PASS</Result></LowLevelInfo></Step><Step Number="3"><LowLevelInfo><StepID>3</StepID><Description>Test Automation Reason for closing Assessment added from the admin is displaying in the reason for closure dropdown</Description><StepExecutedTime>20:49:52</StepExecutedTime><ScreenShot Name="N/A">N/A</ScreenShot><Result>PASS</Result></LowLevelInfo></Step><TestCaseDescription>Functionality to check if a new Assessment closure reason added reflects in the clinician.</TestCaseDescription><Result>PASS</Result><EndTime>20:49:57</EndTime></TestCase><TestCase StartTime="20:49:57" ModuleName="ODY_931"><TestCaseName>ODY_931</TestCaseName><Step Number="1"><LowLevelInfo><StepID>1</StepID><Description>Contact Types section is displaying in the Admin configuration screen</Description><StepExecutedTime>20:50:21</StepExecutedTime><ScreenShot Name="N/A">N/A</ScreenShot><Result>PASS</Result></LowLevelInfo></Step><Step Number="2"><LowLevelInfo><StepID>2</StepID><Description>Address Types section is displaying in the Admin configuration screen</Description><StepExecutedTime>20:50:23</StepExecutedTime><ScreenShot Name="N/A">N/A</ScreenShot><Result>PASS</Result></LowLevelInfo></Step><Step Number="3"><LowLevelInfo><StepID>3</StepID><Description>User Defined SNOMED code field is present for any outcome under Configuration Editor screen</Description><StepExecutedTime>20:50:55</StepExecutedTime><ScreenShot Name="N/A">N/A</ScreenShot><Result>PASS</Result></LowLevelInfo></Step><Step Number="4"><LowLevelInfo><StepID>4</StepID><Description>Test Automation contact type is displaying in the contact type dropdown which has been added in admin</Description><StepExecutedTime>20:51:19</StepExecutedTime><ScreenShot Name="N/A">N/A</ScreenShot><Result>PASS</Result></LowLevelInfo></Step><Step Number="5"><LowLevelInfo><StepID>5</StepID><Description>Test Automation Address type is displaying in the contact type dropdown which has been added in admin</Description><StepExecutedTime>20:51:22</StepExecutedTime><ScreenShot Name="N/A">N/A</ScreenShot><Result>PASS</Result></LowLevelInfo></Step><TestCaseDescription>Functionality to check if a new contact type and Address Type added in Admin is reflected in Contact and Address details</TestCaseDescription><Result>PASS</Result><EndTime>20:51:31</EndTime></TestCase><TestCase StartTime="20:51:31" ModuleName="ODY_928"><TestCaseName>ODY_928</TestCaseName><Step Number="1"><LowLevelInfo><StepID>1</StepID><Description>FirstCall Urgency message heading found for Emergency</Description><StepExecutedTime>20:52:07</StepExecutedTime><ScreenShot Name="N/A">N/A</ScreenShot><Result>PASS</Result></LowLevelInfo></Step><Step Number="2"><LowLevelInfo><StepID>2</StepID><Description>FirstCall Urgency message heading found for Immediate</Description><StepExecutedTime>20:52:17</StepExecutedTime><ScreenShot Name="N/A">N/A</ScreenShot><Result>PASS</Result></LowLevelInfo></Step><Step Number="3"><LowLevelInfo><StepID>3</StepID><Description>FirstCall Urgency message heading found for Immediate 2</Description><StepExecutedTime>20:52:29</StepExecutedTime><ScreenShot Name="N/A">N/A</ScreenShot><Result>PASS</Result></LowLevelInfo></Step><Step Number="4"><LowLevelInfo><StepID>4</StepID><Description>FirstCall Urgency message heading found for Urgent</Description><StepExecutedTime>20:52:40</StepExecutedTime><ScreenShot Name="N/A">N/A</ScreenShot><Result>PASS</Result></LowLevelInfo></Step><Step Number="5"><LowLevelInfo><StepID>5</StepID><Description>FirstCall Urgency message heading found for Moderate Urgency</Description><StepExecutedTime>20:52:49</StepExecutedTime><ScreenShot Name="N/A">N/A</ScreenShot><Result>PASS</Result></LowLevelInfo></Step><Step Number="6"><LowLevelInfo><StepID>6</StepID><Description>FirstCall Urgency message heading found for Routine</Description><StepExecutedTime>20:52:59</StepExecutedTime><ScreenShot Name="N/A">N/A</ScreenShot><Result>PASS</Result></LowLevelInfo></Step><Step Number="7"><LowLevelInfo><StepID>7</StepID><Description>FirstCall Urgency message heading found for No Urgency</Description><StepExecutedTime>20:53:09</StepExecutedTime><ScreenShot Name="N/A">N/A</ScreenShot><Result>PASS</Result></LowLevelInfo></Step><Step Number="8"><LowLevelInfo><StepID>8</StepID><Description>Reception user has been created</Description><StepExecutedTime>20:53:33</StepExecutedTime><ScreenShot Name="N/A">N/A</ScreenShot><Result>PASS</Result></LowLevelInfo></Step><Step Number="9"><LowLevelInfo><StepID>9</StepID><Description>Able to login with the reception user story has been created</Description><StepExecutedTime>20:53:42</StepExecutedTime><ScreenShot Name="N/A">N/A</ScreenShot><Result>PASS</Result></LowLevelInfo></Step><TestCaseDescription>Functionality to create a Reception user from Admin.</TestCaseDescription><Result>PASS</Result><EndTime>20:53:43</EndTime></TestCase><TestCase StartTime="20:53:43" ModuleName="ODY_932"><TestCaseName>ODY_932</TestCaseName><Step Number="1"><LowLevelInfo><StepID>1</StepID><Description>Ethnicity section is displaying in the Admin configuration screen</Description><StepExecutedTime>20:53:55</StepExecutedTime><ScreenShot Name="N/A">N/A</ScreenShot><Result>PASS</Result></LowLevelInfo></Step><Step Number="2"><LowLevelInfo><StepID>2</StepID><Description>Manage Allergies section is displaying in the Admin configuration screen</Description><StepExecutedTime>20:53:56</StepExecutedTime><ScreenShot Name="N/A">N/A</ScreenShot><Result>PASS</Result></LowLevelInfo></Step><Step Number="3"><LowLevelInfo><StepID>3</StepID><Description>Test Automation Allergy is displaying in the contact type dropdown which has been added in admin</Description><StepExecutedTime>20:54:57</StepExecutedTime><ScreenShot Name="N/A">N/A</ScreenShot><Result>PASS</Result></LowLevelInfo></Step><Step Number="4"><LowLevelInfo><StepID>4</StepID><Description>Test Automation Ethnicity is displaying in the contact type dropdown which has been added in admin</Description><StepExecutedTime>20:55:00</StepExecutedTime><ScreenShot Name="N/A">N/A</ScreenShot><Result>PASS</Result></LowLevelInfo></Step><TestCaseDescription>Functionality to check if Ethnicity and Manage Allergies added in Admin is reflected in the Manage Allergies and Ethnicity as a clinician.</TestCaseDescription><Result>PASS</Result><EndTime>20:55:09</EndTime></TestCase><TestCase StartTime="20:55:09" ModuleName="ODY_1535"><TestCaseName>ODY_1535</TestCaseName><Step Number="1"><LowLevelInfo><StepID>1</StepID><Description>Visible and mandatory option is available in the Set Call back number dropdown</Description><StepExecutedTime>20:55:35</StepExecutedTime><ScreenShot Name="N/A">N/A</ScreenShot><Result>PASS</Result></LowLevelInfo></Step><Step Number="2"><LowLevelInfo><StepID>2</StepID><Description>Visible and not mandatory option is available in the Set Call back number dropdown</Description><StepExecutedTime>20:55:37</StepExecutedTime><ScreenShot Name="N/A">N/A</ScreenShot><Result>PASS</Result></LowLevelInfo></Step><Step Number="3"><LowLevelInfo><StepID>3</StepID><Description>Hidden option is available in the Set Call back number dropdown</Description><StepExecutedTime>20:55:39</StepExecutedTime><ScreenShot Name="N/A">N/A</ScreenShot><Result>PASS</Result></LowLevelInfo></Step><Step Number="4"><LowLevelInfo><StepID>4</StepID><Description>Visible and mandatory option is available in the SetCallType dropdown</Description><StepExecutedTime>20:55:41</StepExecutedTime><ScreenShot Name="N/A">N/A</ScreenShot><Result>PASS</Result></LowLevelInfo></Step><Step Number="5"><LowLevelInfo><StepID>5</StepID><Description>Visible and not mandatory option is available in the SetCallType dropdown</Description><StepExecutedTime>20:55:43</StepExecutedTime><ScreenShot Name="N/A">N/A</ScreenShot><Result>PASS</Result></LowLevelInfo></Step><Step Number="6"><LowLevelInfo><StepID>6</StepID><Description>Hidden option is available in the SetCallType dropdown</Description><StepExecutedTime>20:55:45</StepExecutedTime><ScreenShot Name="N/A">N/A</ScreenShot><Result>PASS</Result></LowLevelInfo></Step><Step Number="7"><LowLevelInfo><StepID>7</StepID><Description>Call type border color is set to red when it is mandatory</Description><StepExecutedTime>20:56:20</StepExecutedTime><ScreenShot Name="N/A">N/A</ScreenShot><Result>PASS</Result></LowLevelInfo></Step><Step Number="8"><LowLevelInfo><StepID>8</StepID><Description>Call type red border is visible when it is mandatory and no data has been selected</Description><StepExecutedTime>20:56:21</StepExecutedTime><ScreenShot Name="N/A">N/A</ScreenShot><Result>PASS</Result></LowLevelInfo></Step><Step Number="9"><LowLevelInfo><StepID>9</StepID><Description>Call type is not visible in the presenting complaint screen when it set to hidden</Description><StepExecutedTime>20:57:23</StepExecutedTime><ScreenShot Name="N/A">N/A</ScreenShot><Result>PASS</Result></LowLevelInfo></Step><Step Number="10"><LowLevelInfo><StepID>10</StepID><Description>Call type red border is not visible when it is not mandatory and no data has been selected</Description><StepExecutedTime>20:58:48</StepExecutedTime><ScreenShot Name="N/A">N/A</ScreenShot><Result>PASS</Result></LowLevelInfo></Step><TestCaseDescription>Test case to Call Type has Mandatory, Optional or Hidden options in Admin.</TestCaseDescription><Result>PASS</Result><EndTime>20:58:52</EndTime></TestCase><TestCase StartTime="20:58:52" ModuleName="ODY_3903"><TestCaseName>ODY_3903</TestCaseName><Step Number="1"><LowLevelInfo><StepID>1</StepID><Description>Revert to Default button is not displaying by default when Snomed field is blank</Description><StepExecutedTime>20:59:16</StepExecutedTime><ScreenShot Name="N/A">N/A</ScreenShot><Result>PASS</Result></LowLevelInfo></Step><Step Number="2"><LowLevelInfo><StepID>2</StepID><Description>Revert to Default button is displaying when Snomed field is edited</Description><StepExecutedTime>20:59:23</StepExecutedTime><ScreenShot Name="N/A">N/A</ScreenShot><Result>PASS</Result></LowLevelInfo></Step><Step Number="3"><LowLevelInfo><StepID>3</StepID><Description>Revert to Default button is displaying if Snomed value is already provided</Description><StepExecutedTime>20:59:35</StepExecutedTime><ScreenShot Name="N/A">N/A</ScreenShot><Result>PASS</Result></LowLevelInfo></Step><Step Number="4"><LowLevelInfo><StepID>4</StepID><Description>Audit log is created for adding user defined SNOMED code for urgency EMER</Description><StepExecutedTime>20:59:43</StepExecutedTime><ScreenShot Name="N/A">N/A</ScreenShot><Result>PASS</Result></LowLevelInfo></Step><Step Number="5"><LowLevelInfo><StepID>5</StepID><Description>The current urgency indicates that the patient be treated immediately message is displaying in assessment screen on selecting Born injury option for Skin injury</Description><StepExecutedTime>21:00:25</StepExecutedTime><ScreenShot Name="N/A">N/A</ScreenShot><Result>PASS</Result></LowLevelInfo></Step><Step Number="6"><LowLevelInfo><StepID>6</StepID><Description>User is able to complete assessment with urgency having user-defined SNOMED code</Description><StepExecutedTime>21:00:41</StepExecutedTime><ScreenShot Name="N/A">N/A</ScreenShot><Result>PASS</Result></LowLevelInfo></Step><Step Number="7"><LowLevelInfo><StepID>7</StepID><Description>Revert to Default button is displaying if Snomed value is already provided</Description><StepExecutedTime>21:01:11</StepExecutedTime><ScreenShot Name="N/A">N/A</ScreenShot><Result>PASS</Result></LowLevelInfo></Step><Step Number="8"><LowLevelInfo><StepID>8</StepID><Description>Revert to Default button is not displaying after Snomed value is set to blank</Description><StepExecutedTime>21:01:28</StepExecutedTime><ScreenShot Name="N/A">N/A</ScreenShot><Result>PASS</Result></LowLevelInfo></Step><Step Number="9"><LowLevelInfo><StepID>9</StepID><Description>Audit log is created for reverting user defined SNOMED code for urgency EMER</Description><StepExecutedTime>21:01:34</StepExecutedTime><ScreenShot Name="N/A">N/A</ScreenShot><Result>PASS</Result></LowLevelInfo></Step><TestCaseDescription>Validation of user defined SNOMED code for admin user.</TestCaseDescription><Result>PASS</Result><EndTime>21:01:34</EndTime></TestCase><TestCase StartTime="21:01:34" ModuleName="ODY_1530"><TestCaseName>ODY_1530</TestCaseName><Step Number="1"><LowLevelInfo><StepID>1</StepID><Description>Turn Coloured Short Questions on setting is visible under Site Settings section</Description><StepExecutedTime>21:02:03</StepExecutedTime><ScreenShot Name="N/A">N/A</ScreenShot><Result>PASS</Result></LowLevelInfo></Step><Step Number="2"><LowLevelInfo><StepID>2</StepID><Description>Pain Severity short ques is in RED in assessment screen</Description><StepExecutedTime>21:03:01</StepExecutedTime><ScreenShot Name="N/A">N/A</ScreenShot><Result>PASS</Result></LowLevelInfo></Step><Step Number="3"><LowLevelInfo><StepID>3</StepID><Description>Current State short ques is in INDIGO in assessment screen</Description><StepExecutedTime>21:03:05</StepExecutedTime><ScreenShot Name="N/A">N/A</ScreenShot><Result>PASS</Result></LowLevelInfo></Step><Step Number="4"><LowLevelInfo><StepID>4</StepID><Description>Abrasion Bruise short ques is in YELLOW in assessment screen</Description><StepExecutedTime>21:03:14</StepExecutedTime><ScreenShot Name="N/A">N/A</ScreenShot><Result>PASS</Result></LowLevelInfo></Step><Step Number="5"><LowLevelInfo><StepID>5</StepID><Description>Other Injuries short ques is in BLACK in assessment screen</Description><StepExecutedTime>21:03:17</StepExecutedTime><ScreenShot Name="N/A">N/A</ScreenShot><Result>PASS</Result></LowLevelInfo></Step><Step Number="6"><LowLevelInfo><StepID>6</StepID><Description>Expectations short ques is in BLUE in assessment screen</Description><StepExecutedTime>21:03:28</StepExecutedTime><ScreenShot Name="N/A">N/A</ScreenShot><Result>PASS</Result></LowLevelInfo></Step><Step Number="7"><LowLevelInfo><StepID>7</StepID><Description>User is able to complete assessment with configuration setting for colored short question as check</Description><StepExecutedTime>21:03:43</StepExecutedTime><ScreenShot Name="N/A">N/A</ScreenShot><Result>PASS</Result></LowLevelInfo></Step><Step Number="8"><LowLevelInfo><StepID>8</StepID><Description>Pain Severity short ques is in BLACK in assessment screen</Description><StepExecutedTime>21:04:56</StepExecutedTime><ScreenShot Name="N/A">N/A</ScreenShot><Result>PASS</Result></LowLevelInfo></Step><Step Number="9"><LowLevelInfo><StepID>9</StepID><Description>Current State short ques is in BLACK in assessment screen</Description><StepExecutedTime>21:04:58</StepExecutedTime><ScreenShot Name="N/A">N/A</ScreenShot><Result>PASS</Result></LowLevelInfo></Step><Step Number="10"><LowLevelInfo><StepID>10</StepID><Description>Other Injuries short ques is in BLACK in assessment screen</Description><StepExecutedTime>21:05:07</StepExecutedTime><ScreenShot Name="N/A">N/A</ScreenShot><Result>PASS</Result></LowLevelInfo></Step><Step Number="11"><LowLevelInfo><StepID>11</StepID><Description>Expectations short ques is in BLUE in assessment screen</Description><StepExecutedTime>21:05:16</StepExecutedTime><ScreenShot Name="N/A">N/A</ScreenShot><Result>PASS</Result></LowLevelInfo></Step><Step Number="12"><LowLevelInfo><StepID>12</StepID><Description>User is able to complete assessment with configuration setting for colored short question as uncheck</Description><StepExecutedTime>21:05:30</StepExecutedTime><ScreenShot Name="N/A">N/A</ScreenShot><Result>PASS</Result></LowLevelInfo></Step><TestCaseDescription>Test case to verify configuration setting for colored short question for clinician role in assessment screen.</TestCaseDescription><Result>PASS</Result><EndTime>21:05:34</EndTime></TestCase><TestCase StartTime="21:05:34" ModuleName="ODY_10178"><TestCaseName>ODY_10178</TestCaseName><Step Number="1"><LowLevelInfo><StepID>1</StepID><Description>ConfigEdit screen is displaying on clicking Configuration Editors button in Summary screen</Description><StepExecutedTime>21:05:56</StepExecutedTime><ScreenShot Name="N/A">N/A</ScreenShot><Result>PASS</Result></LowLevelInfo></Step><Step Number="2"><LowLevelInfo><StepID>2</StepID><Description>Enabled Modules label is displaying under Site Settings section</Description><StepExecutedTime>21:06:03</StepExecutedTime><ScreenShot Name="N/A">N/A</ScreenShot><Result>PASS</Result></LowLevelInfo></Step><Step Number="3"><LowLevelInfo><StepID>3</StepID><Description>Domain Name label is displaying under Site Settings section</Description><StepExecutedTime>21:06:05</StepExecutedTime><ScreenShot Name="N/A">N/A</ScreenShot><Result>PASS</Result></LowLevelInfo></Step><Step Number="4"><LowLevelInfo><StepID>4</StepID><Description>EnglishStandalone is displaying as current domain under Site Settings section</Description><StepExecutedTime>21:06:07</StepExecutedTime><ScreenShot Name="N/A">N/A</ScreenShot><Result>PASS</Result></LowLevelInfo></Step><Step Number="5"><LowLevelInfo><StepID>5</StepID><Description>All the enabled modules are checked but in read only mode under site settings</Description><StepExecutedTime>21:06:10</StepExecutedTime><ScreenShot Name="N/A">N/A</ScreenShot><Result>PASS</Result></LowLevelInfo></Step><Step Number="6"><LowLevelInfo><StepID>6</StepID><Description>EnglishStandalone is displaying as current domain under Site Settings section</Description><StepExecutedTime>21:06:51</StepExecutedTime><ScreenShot Name="N/A">N/A</ScreenShot><Result>PASS</Result></LowLevelInfo></Step><Step Number="7"><LowLevelInfo><StepID>7</StepID><Description>All the enabled modules are checked but in read only mode under site settings</Description><StepExecutedTime>21:06:53</StepExecutedTime><ScreenShot Name="N/A">N/A</ScreenShot><Result>PASS</Result></LowLevelInfo></Step><TestCaseDescription>Validate that admin section display list of all the modules enabled for any domain.</TestCaseDescription><Result>PASS</Result><EndTime>21:07:02</EndTime></TestCase><TestCase StartTime="21:07:02" ModuleName="ODY_933"><TestCaseName>ODY_933</TestCaseName><Step Number="1"><LowLevelInfo><StepID>1</StepID><Description>Edit Session Types section is displaying in the Admin configuration screen</Description><StepExecutedTime>21:07:28</StepExecutedTime><ScreenShot Name="N/A">N/A</ScreenShot><Result>PASS</Result></LowLevelInfo></Step><Step Number="2"><LowLevelInfo><StepID>2</StepID><Description>Organisation Name label is displaying under Site Settings in the Admin configuration screen</Description><StepExecutedTime>21:07:43</StepExecutedTime><ScreenShot Name="N/A">N/A</ScreenShot><Result>PASS</Result></LowLevelInfo></Step><Step Number="3"><LowLevelInfo><StepID>3</StepID><Description>Last saved New Organisation Name is displaying under Site Settings in the Admin configuration screen</Description><StepExecutedTime>21:08:08</StepExecutedTime><ScreenShot Name="N/A">N/A</ScreenShot><Result>PASS</Result></LowLevelInfo></Step><Step Number="4"><LowLevelInfo><StepID>4</StepID><Description>Test Automation Session type added from the admin is displaying in the call type dropdown</Description><StepExecutedTime>21:08:36</StepExecutedTime><ScreenShot Name="N/A">N/A</ScreenShot><Result>PASS</Result></LowLevelInfo></Step><Step Number="5"><LowLevelInfo><StepID>5</StepID><Description>Pause assessment option is not available in the Assessment screen for clinician</Description><StepExecutedTime>21:08:48</StepExecutedTime><ScreenShot Name="N/A">N/A</ScreenShot><Result>PASS</Result></LowLevelInfo></Step><Step Number="6"><LowLevelInfo><StepID>6</StepID><Description>Default screen is displaying on completing assessment</Description><StepExecutedTime>21:09:11</StepExecutedTime><ScreenShot Name="N/A">N/A</ScreenShot><Result>PASS</Result></LowLevelInfo></Step><TestCaseDescription>Functionality to check if a new Session Type added in Admin is reflected in Clinician.</TestCaseDescription><Result>PASS</Result><EndTime>21:10:09</EndTime></TestCase><TestCase StartTime="21:10:09" ModuleName="ODY_11921"><TestCaseName>ODY_11921</TestCaseName><Step Number="1"><LowLevelInfo><StepID>1</StepID><Description>Inactive urgency change reason is not available for selection to Clinician</Description><StepExecutedTime>21:12:12</StepExecutedTime><ScreenShot Name="N/A">N/A</ScreenShot><Result>PASS</Result></LowLevelInfo></Step><Step Number="2"><LowLevelInfo><StepID>2</StepID><Description>Updated urgency change reason is available for selection to Clinician</Description><StepExecutedTime>21:12:15</StepExecutedTime><ScreenShot Name="N/A">N/A</ScreenShot><Result>PASS</Result></LowLevelInfo></Step><Step Number="3"><LowLevelInfo><StepID>3</StepID><Description>Default screen is displaying on completing assessment</Description><StepExecutedTime>21:12:26</StepExecutedTime><ScreenShot Name="N/A">N/A</ScreenShot><Result>PASS</Result></LowLevelInfo></Step><TestCaseDescription>Validate that admin is able to configure urgency upgrade message for TeleAssess.</TestCaseDescription><Result>PASS</Result><EndTime>21:13:35</EndTime></TestCase><TestCase StartTime="21:13:35" ModuleName="ODY_11923"><TestCaseName>ODY_11923</TestCaseName><Step Number="1"><LowLevelInfo><StepID>1</StepID><Description>Inactive urgency change reason is not available for selection to Clinician</Description><StepExecutedTime>21:15:30</StepExecutedTime><ScreenShot Name="N/A">N/A</ScreenShot><Result>PASS</Result></LowLevelInfo></Step><Step Number="2"><LowLevelInfo><StepID>2</StepID><Description>Updated urgency change reason is available for selection to Clinician</Description><StepExecutedTime>21:15:32</StepExecutedTime><ScreenShot Name="N/A">N/A</ScreenShot><Result>PASS</Result></LowLevelInfo></Step><Step Number="3"><LowLevelInfo><StepID>3</StepID><Description>Default screen is displaying on completing assessment</Description><StepExecutedTime>21:15:43</StepExecutedTime><ScreenShot Name="N/A">N/A</ScreenShot><Result>PASS</Result></LowLevelInfo></Step><TestCaseDescription>Validate that admin is able to configure urgency downgrade message for TeleAssess.</TestCaseDescription><Result>PASS</Result><EndTime>21:16:48</EndTime></TestCase><TestCase StartTime="21:16:48" ModuleName="ODY_12075"><TestCaseName>ODY_12075</TestCaseName><Step Number="1"><LowLevelInfo><StepID>1</StepID><Description>Clinician user Automation Test has been created</Description><StepExecutedTime>21:17:28</StepExecutedTime><ScreenShot Name="N/A">N/A</ScreenShot><Result>PASS</Result></LowLevelInfo></Step><Step Number="2"><LowLevelInfo><StepID>2</StepID><Description>Complete training to log-in to Odyssey message is displaying when try to login without completing training</Description><StepExecutedTime>21:17:39</StepExecutedTime><ScreenShot Name="N/A">N/A</ScreenShot><Result>PASS</Result></LowLevelInfo></Step><Step Number="3"><LowLevelInfo><StepID>3</StepID><Description>User remain in the Login screen when error message is displayed</Description><StepExecutedTime>21:17:40</StepExecutedTime><ScreenShot Name="N/A">N/A</ScreenShot><Result>PASS</Result></LowLevelInfo></Step><Step Number="4"><LowLevelInfo><StepID>4</StepID><Description>Upon Acceptance of Terms and Conditions Able to login with the clinician user has been created</Description><StepExecutedTime>21:18:10</StepExecutedTime><ScreenShot Name="N/A">N/A</ScreenShot><Result>PASS</Result></LowLevelInfo></Step><TestCaseDescription>Validate that user is restricted from logging into Odyssey if training field not selected in user admin.</TestCaseDescription><Result>PASS</Result><EndTime>21:18:14</EndTime><EndExecutionTime>16/May/2023   21:18:14</EndExecutionTime><TotalTimeTaken>00:33:56</TotalTimeTaken></TestCase></Root>
