<?xml-stylesheet type='text/xsl' href='DetailXmlReference/LogReport.xsl'?>
<Root><StartTime>16/May/2023   22:26:29</StartTime><Browser>BROWSERNAME - Version: BrowserName</Browser><Module>SIGNPOSTSTANDALONEINPROCESS</Module><TestCase StartTime="22:26:29" ModuleName="ODY_5566"><TestCaseName>ODY_5566</TestCaseName><Step Number="1"><LowLevelInfo><StepID>1</StepID><Description>Default screen is displaying after sign in the application</Description><StepExecutedTime>22:27:30</StepExecutedTime><ScreenShot Name="N/A">N/A</ScreenShot><Result>PASS</Result></LowLevelInfo></Step><Step Number="2"><LowLevelInfo><StepID>2</StepID><Description>face to face assessment within 2 hours is displayed for assessment urgency in the Summary screen</Description><StepExecutedTime>22:28:10</StepExecutedTime><ScreenShot Name="N/A">N/A</ScreenShot><Result>PASS</Result></LowLevelInfo></Step><Step Number="3"><LowLevelInfo><StepID>3</StepID><Description>Multiple signpost is shown and none of those are preselected in the Summary screen</Description><StepExecutedTime>22:28:11</StepExecutedTime><ScreenShot Name="N/A">N/A</ScreenShot><Result>PASS</Result></LowLevelInfo></Step><Step Number="4"><LowLevelInfo><StepID>4</StepID><Description>ED is not displaying as preferred signpost with star icon in summary screen</Description><StepExecutedTime>22:28:12</StepExecutedTime><ScreenShot Name="N/A">N/A</ScreenShot><Result>PASS</Result></LowLevelInfo></Step><Step Number="5"><LowLevelInfo><StepID>5</StepID><Description>Suitable for GP telephone assessment is displaying as preferred signpost with star icon in summary screen</Description><StepExecutedTime>22:28:13</StepExecutedTime><ScreenShot Name="N/A">N/A</ScreenShot><Result>PASS</Result></LowLevelInfo></Step><Step Number="6"><LowLevelInfo><StepID>6</StepID><Description>Urgent care practitioner assessment is not displaying as preferred signpost with star icon in summary screen</Description><StepExecutedTime>22:28:15</StepExecutedTime><ScreenShot Name="N/A">N/A</ScreenShot><Result>PASS</Result></LowLevelInfo></Step><Step Number="7"><LowLevelInfo><StepID>7</StepID><Description>Only one signpost Clinical Assessment Now is shown and preselected in the Summary screen</Description><StepExecutedTime>22:28:31</StepExecutedTime><ScreenShot Name="N/A">N/A</ScreenShot><Result>PASS</Result></LowLevelInfo></Step><Step Number="8"><LowLevelInfo><StepID>8</StepID><Description>Suggested Sigpnost as Clinical Assessment Now is displaying in db</Description><StepExecutedTime>22:28:39</StepExecutedTime><ScreenShot Name="N/A">N/A</ScreenShot><Result>PASS</Result></LowLevelInfo></Step><Step Number="9"><LowLevelInfo><StepID>9</StepID><Description>Selected Sigpnost as Clinical Assessment Now is displaying in db</Description><StepExecutedTime>22:28:39</StepExecutedTime><ScreenShot Name="N/A">N/A</ScreenShot><Result>PASS</Result></LowLevelInfo></Step><TestCaseDescription>StandaloneClinician-Test case to validate the preselect signpost when a "Clinical assessment Now"  signpost is presented.</TestCaseDescription><Result>PASS</Result><EndTime>22:28:39</EndTime></TestCase><TestCase StartTime="22:28:39" ModuleName="ODY_5565"><TestCaseName>ODY_5565</TestCaseName><Step Number="1"><LowLevelInfo><StepID>1</StepID><Description>Default screen is displaying after sign in the application</Description><StepExecutedTime>22:29:01</StepExecutedTime><ScreenShot Name="N/A">N/A</ScreenShot><Result>PASS</Result></LowLevelInfo></Step><Step Number="2"><LowLevelInfo><StepID>2</StepID><Description>Multiple signposts are displaying and none of them are preselected</Description><StepExecutedTime>22:29:30</StepExecutedTime><ScreenShot Name="N/A">N/A</ScreenShot><Result>PASS</Result></LowLevelInfo></Step><Step Number="3"><LowLevelInfo><StepID>3</StepID><Description>Signposts : label is displayed for Clinician in the Summary screen after assessment review</Description><StepExecutedTime>22:29:47</StepExecutedTime><ScreenShot Name="N/A">N/A</ScreenShot><Result>PASS</Result></LowLevelInfo></Step><Step Number="4"><LowLevelInfo><StepID>4</StepID><Description>Only one signpost Call Ambulance is shown and preselected in the Summary screen</Description><StepExecutedTime>22:29:48</StepExecutedTime><ScreenShot Name="N/A">N/A</ScreenShot><Result>PASS</Result></LowLevelInfo></Step><Step Number="5"><LowLevelInfo><StepID>5</StepID><Description>Suggested Sigpnost as Call Ambulance(999) is displaying in db</Description><StepExecutedTime>22:29:53</StepExecutedTime><ScreenShot Name="N/A">N/A</ScreenShot><Result>PASS</Result></LowLevelInfo></Step><Step Number="6"><LowLevelInfo><StepID>6</StepID><Description>Selected Sigpnost as Call Ambulance(999) is displaying in db</Description><StepExecutedTime>22:29:53</StepExecutedTime><ScreenShot Name="N/A">N/A</ScreenShot><Result>PASS</Result></LowLevelInfo></Step><TestCaseDescription>StandaloneClinician-Test case to validate the preselect signpost when "Call Ambulance" signpost is presented.</TestCaseDescription><Result>PASS</Result><EndTime>22:29:58</EndTime></TestCase><TestCase StartTime="22:29:58" ModuleName="ODY_5564"><TestCaseName>ODY_5564</TestCaseName><Step Number="1"><LowLevelInfo><StepID>1</StepID><Description>Default screen is displaying after sign in the application</Description><StepExecutedTime>22:30:23</StepExecutedTime><ScreenShot Name="N/A">N/A</ScreenShot><Result>PASS</Result></LowLevelInfo></Step><Step Number="2"><LowLevelInfo><StepID>2</StepID><Description>URL of all the PILS are correct and matched for the assessment</Description><StepExecutedTime>22:30:55</StepExecutedTime><ScreenShot Name="N/A">N/A</ScreenShot><Result>PASS</Result></LowLevelInfo></Step><Step Number="3"><LowLevelInfo><StepID>3</StepID><Description>Signposts : label is displayed for Clinician in the Summary screen</Description><StepExecutedTime>22:30:57</StepExecutedTime><ScreenShot Name="N/A">N/A</ScreenShot><Result>PASS</Result></LowLevelInfo></Step><Step Number="4"><LowLevelInfo><StepID>4</StepID><Description>Only one signpost Self care is shown and preselected in the Summary screen</Description><StepExecutedTime>22:30:58</StepExecutedTime><ScreenShot Name="N/A">N/A</ScreenShot><Result>PASS</Result></LowLevelInfo></Step><Step Number="5"><LowLevelInfo><StepID>5</StepID><Description>Suggested Sigpnost as selfCare is displaying in db</Description><StepExecutedTime>22:31:02</StepExecutedTime><ScreenShot Name="N/A">N/A</ScreenShot><Result>PASS</Result></LowLevelInfo></Step><Step Number="6"><LowLevelInfo><StepID>6</StepID><Description>Selected Sigpnost as selfCare is displaying in db</Description><StepExecutedTime>22:31:02</StepExecutedTime><ScreenShot Name="N/A">N/A</ScreenShot><Result>PASS</Result></LowLevelInfo></Step><TestCaseDescription>StandaloneClinician-Test case to validate the preselect signpost when self care signpost is presented</TestCaseDescription><Result>PASS</Result><EndTime>22:31:06</EndTime></TestCase><TestCase StartTime="22:31:06" ModuleName="ODY_5745A"><TestCaseName>ODY_5745A</TestCaseName><Step Number="1"><LowLevelInfo><StepID>1</StepID><Description>face to face assessment within 6 hours is not displaying as Urgency Selected in summary screen</Description><StepExecutedTime>22:32:08</StepExecutedTime><ScreenShot Name="View">..\Module Results\Snapshot\5_16_22_32_8.png</ScreenShot><Result>FAIL</Result></LowLevelInfo></Step><Step Number="2"><LowLevelInfo><StepID>2</StepID><Description>Suitable for GP telephone assessment is displaying as preferred signpost with star icon in summary screen</Description><StepExecutedTime>22:32:10</StepExecutedTime><ScreenShot Name="N/A">N/A</ScreenShot><Result>PASS</Result></LowLevelInfo></Step><Step Number="3"><LowLevelInfo><StepID>3</StepID><Description>Suitable for ANP f2f is not displaying as preferred signpost with star icon in summary screen</Description><StepExecutedTime>22:32:11</StepExecutedTime><ScreenShot Name="N/A">N/A</ScreenShot><Result>PASS</Result></LowLevelInfo></Step><Step Number="4"><LowLevelInfo><StepID>4</StepID><Description>Signpost Suitable for ANP f2f is highlighted on click in summary screen</Description><StepExecutedTime>22:32:13</StepExecutedTime><ScreenShot Name="N/A">N/A</ScreenShot><Result>PASS</Result></LowLevelInfo></Step><Step Number="5"><LowLevelInfo><StepID>5</StepID><Description>Preferred signpost ED is highlighted on click in summary screen</Description><StepExecutedTime>22:32:16</StepExecutedTime><ScreenShot Name="N/A">N/A</ScreenShot><Result>PASS</Result></LowLevelInfo></Step><Step Number="6"><LowLevelInfo><StepID>6</StepID><Description>List of Suggested Sigpnost are displaying in db</Description><StepExecutedTime>22:32:19</StepExecutedTime><ScreenShot Name="N/A">N/A</ScreenShot><Result>PASS</Result></LowLevelInfo></Step><Step Number="7"><LowLevelInfo><StepID>7</StepID><Description>Selected Sigpnost as ED is displaying in db</Description><StepExecutedTime>22:32:19</StepExecutedTime><ScreenShot Name="N/A">N/A</ScreenShot><Result>PASS</Result></LowLevelInfo></Step><Step Number="8"><LowLevelInfo><StepID>8</StepID><Description>Assessment has been completed on clicking complete button</Description><StepExecutedTime>22:32:21</StepExecutedTime><ScreenShot Name="N/A">N/A</ScreenShot><Result>PASS</Result></LowLevelInfo></Step><TestCaseDescription>StandaloneClinician-To check that preferred signposts are shown with star icon in Summary screen.</TestCaseDescription><Result>FAIL</Result><EndTime>22:32:25</EndTime></TestCase><TestCase StartTime="22:32:25" ModuleName="ODY_877"><TestCaseName>ODY_877</TestCaseName><Step Number="1"><LowLevelInfo><StepID>1</StepID><Description>Close assessment layout is displaying on clicking the close assessment link on assessment screen</Description><StepExecutedTime>22:33:03</StepExecutedTime><ScreenShot Name="N/A">N/A</ScreenShot><Result>PASS</Result></LowLevelInfo></Step><Step Number="2"><LowLevelInfo><StepID>2</StepID><Description>Close Assessment button is disable before selecting the reason for closing the assessment</Description><StepExecutedTime>22:33:04</StepExecutedTime><ScreenShot Name="N/A">N/A</ScreenShot><Result>PASS</Result></LowLevelInfo></Step><Step Number="3"><LowLevelInfo><StepID>3</StepID><Description>Hoax option in available in Reason for close assessment Combobox</Description><StepExecutedTime>22:33:06</StepExecutedTime><ScreenShot Name="N/A">N/A</ScreenShot><Result>PASS</Result></LowLevelInfo></Step><Step Number="4"><LowLevelInfo><StepID>4</StepID><Description>Hangup option in available in Reason for close assessment Combobox</Description><StepExecutedTime>22:33:08</StepExecutedTime><ScreenShot Name="N/A">N/A</ScreenShot><Result>PASS</Result></LowLevelInfo></Step><Step Number="5"><LowLevelInfo><StepID>5</StepID><Description>Other option in available in Reason for close assessment Combobox</Description><StepExecutedTime>22:33:10</StepExecutedTime><ScreenShot Name="N/A">N/A</ScreenShot><Result>PASS</Result></LowLevelInfo></Step><Step Number="6"><LowLevelInfo><StepID>6</StepID><Description>Return to Asssessment button is enable in the Close assessment layout</Description><StepExecutedTime>22:33:11</StepExecutedTime><ScreenShot Name="N/A">N/A</ScreenShot><Result>PASS</Result></LowLevelInfo></Step><Step Number="7"><LowLevelInfo><StepID>7</StepID><Description>Close Assessment button is enable after selecting the reason for closing the assessment</Description><StepExecutedTime>22:33:12</StepExecutedTime><ScreenShot Name="N/A">N/A</ScreenShot><Result>PASS</Result></LowLevelInfo></Step><Step Number="8"><LowLevelInfo><StepID>8</StepID><Description>Reson Text box is not enable since Other option is not selected as Reason for closing the assessment</Description><StepExecutedTime>22:33:13</StepExecutedTime><ScreenShot Name="N/A">N/A</ScreenShot><Result>PASS</Result></LowLevelInfo></Step><Step Number="9"><LowLevelInfo><StepID>9</StepID><Description>Hoax option in available in Reason for close assessment Combobox</Description><StepExecutedTime>22:33:15</StepExecutedTime><ScreenShot Name="N/A">N/A</ScreenShot><Result>PASS</Result></LowLevelInfo></Step><Step Number="10"><LowLevelInfo><StepID>10</StepID><Description>Reson Text box is enable since Other option is selected as Reason for closing the assessment</Description><StepExecutedTime>22:33:16</StepExecutedTime><ScreenShot Name="N/A">N/A</ScreenShot><Result>PASS</Result></LowLevelInfo></Step><Step Number="11"><LowLevelInfo><StepID>11</StepID><Description>Other option in available in Reason for close assessment Combobox</Description><StepExecutedTime>22:33:18</StepExecutedTime><ScreenShot Name="N/A">N/A</ScreenShot><Result>PASS</Result></LowLevelInfo></Step><Step Number="12"><LowLevelInfo><StepID>12</StepID><Description>Close Assessment layout is closed when Resurn to Assessment button clicked</Description><StepExecutedTime>22:33:20</StepExecutedTime><ScreenShot Name="N/A">N/A</ScreenShot><Result>PASS</Result></LowLevelInfo></Step><Step Number="13"><LowLevelInfo><StepID>13</StepID><Description>Other option in available in Reason for close assessment Combobox</Description><StepExecutedTime>22:33:24</StepExecutedTime><ScreenShot Name="N/A">N/A</ScreenShot><Result>PASS</Result></LowLevelInfo></Step><Step Number="14"><LowLevelInfo><StepID>14</StepID><Description>Summary screen is displaying on clicking Close assessment Button</Description><StepExecutedTime>22:33:27</StepExecutedTime><ScreenShot Name="N/A">N/A</ScreenShot><Result>PASS</Result></LowLevelInfo></Step><Step Number="15"><LowLevelInfo><StepID>15</StepID><Description>Closed: Hoxed is displaying in the patient OutCome</Description><StepExecutedTime>22:33:29</StepExecutedTime><ScreenShot Name="N/A">N/A</ScreenShot><Result>PASS</Result></LowLevelInfo></Step><Step Number="16"><LowLevelInfo><StepID>16</StepID><Description>Default screen is displaying on clicking Complete button in Summary screen</Description><StepExecutedTime>22:33:34</StepExecutedTime><ScreenShot Name="N/A">N/A</ScreenShot><Result>PASS</Result></LowLevelInfo></Step><Step Number="17"><LowLevelInfo><StepID>17</StepID><Description>Self care is not saved in DB for as selected signpost for the assessment closed abruptly</Description><StepExecutedTime>22:33:37</StepExecutedTime><ScreenShot Name="N/A">N/A</ScreenShot><Result>PASS</Result></LowLevelInfo></Step><TestCaseDescription>StandaloneClinician-To Check close Assessment option available on the LHS of the Assessment screen</TestCaseDescription><Result>PASS</Result><EndTime>22:33:37</EndTime></TestCase><TestCase StartTime="22:33:37" ModuleName="ODY_9893A"><TestCaseName>ODY_9893A</TestCaseName><Step Number="1"><LowLevelInfo><StepID>1</StepID><Description>IMLT message not displayed on selecting high urgency answer</Description><StepExecutedTime>22:34:24</StepExecutedTime><ScreenShot Name="View">..\Module Results\Snapshot\5_16_22_34_24.png</ScreenShot><Result>FAIL</Result></LowLevelInfo></Step><Step Number="2"><LowLevelInfo><StepID>2</StepID><Description></Description><StepExecutedTime>22:34:29</StepExecutedTime><ScreenShot Name="View">..\Module Results\Snapshot\5_16_22_34_29.png</ScreenShot><Result>FAIL</Result></LowLevelInfo></Step><TestCaseDescription>StandaloneClinician-Test case to display relevant IMLT message for Clinician based on the number of the call disposals</TestCaseDescription><Result>FAIL</Result><EndTime>22:34:30</EndTime></TestCase><TestCase StartTime="22:35:49" ModuleName="ODY_9892A"><TestCaseName>ODY_9892A</TestCaseName><Step Number="1"><LowLevelInfo><StepID>1</StepID><Description>EMER message displayed on selecting high urgency answer</Description><StepExecutedTime>22:36:38</StepExecutedTime><ScreenShot Name="N/A">N/A</ScreenShot><Result>PASS</Result></LowLevelInfo></Step><Step Number="2"><LowLevelInfo><StepID>2</StepID><Description>Audit for AmbulanceWarning with description as We suggest that an Ambulance is sent for the patient : User Selected - Continue is logged</Description><StepExecutedTime>22:36:40</StepExecutedTime><ScreenShot Name="N/A">N/A</ScreenShot><Result>PASS</Result></LowLevelInfo></Step><Step Number="3"><LowLevelInfo><StepID>3</StepID><Description>Recommend Emergency Ambulance message displayed as bannertext in triage screen</Description><StepExecutedTime>22:36:50</StepExecutedTime><ScreenShot Name="N/A">N/A</ScreenShot><Result>PASS</Result></LowLevelInfo></Step><Step Number="4"><LowLevelInfo><StepID>4</StepID><Description>Recommend Emergency is suggested by odyssey in triage screen</Description><StepExecutedTime>22:36:51</StepExecutedTime><ScreenShot Name="N/A">N/A</ScreenShot><Result>PASS</Result></LowLevelInfo></Step><Step Number="5"><LowLevelInfo><StepID>5</StepID><Description>Emergency Ambulance is selected urgency by clinician in shown Summary screen</Description><StepExecutedTime>22:36:56</StepExecutedTime><ScreenShot Name="N/A">N/A</ScreenShot><Result>PASS</Result></LowLevelInfo></Step><Step Number="6"><LowLevelInfo><StepID>6</StepID><Description>Only one signpost Call Ambulance(999) is shown and preselected in the Summary screen</Description><StepExecutedTime>22:36:58</StepExecutedTime><ScreenShot Name="N/A">N/A</ScreenShot><Result>PASS</Result></LowLevelInfo></Step><Step Number="7"><LowLevelInfo><StepID>7</StepID><Description>Assessment has been completed on clicking complete button</Description><StepExecutedTime>22:37:02</StepExecutedTime><ScreenShot Name="N/A">N/A</ScreenShot><Result>PASS</Result></LowLevelInfo></Step><Step Number="8"><LowLevelInfo><StepID>8</StepID><Description>EMER is the urgency code saved against the Assessment completed with IMLT</Description><StepExecutedTime>22:37:05</StepExecutedTime><ScreenShot Name="N/A">N/A</ScreenShot><Result>PASS</Result></LowLevelInfo></Step><Step Number="9"><LowLevelInfo><StepID>9</StepID><Description>Suggested Sigpnost as Call Ambulance(999) is displaying in db</Description><StepExecutedTime>22:37:05</StepExecutedTime><ScreenShot Name="N/A">N/A</ScreenShot><Result>PASS</Result></LowLevelInfo></Step><Step Number="10"><LowLevelInfo><StepID>10</StepID><Description>Selected Sigpnost as Call Ambulance(999) is displaying in db</Description><StepExecutedTime>22:37:05</StepExecutedTime><ScreenShot Name="N/A">N/A</ScreenShot><Result>PASS</Result></LowLevelInfo></Step><TestCaseDescription>StandaloneClinician-Test case to display relevant EMER message for Clinician based on the number of the call disposals</TestCaseDescription><Result>PASS</Result><EndTime>22:37:05</EndTime></TestCase><TestCase StartTime="22:37:05" ModuleName="ODY_11562"><TestCaseName>ODY_11562</TestCaseName><Step Number="1"><LowLevelInfo><StepID>1</StepID><Description>Default screen is displaying on completing 1st assessment with Self Care</Description><StepExecutedTime>22:38:22</StepExecutedTime><ScreenShot Name="N/A">N/A</ScreenShot><Result>PASS</Result></LowLevelInfo></Step><Step Number="2"><LowLevelInfo><StepID>2</StepID><Description>Default screen is displaying on completing 2nd assessment with Routine</Description><StepExecutedTime>22:38:56</StepExecutedTime><ScreenShot Name="N/A">N/A</ScreenShot><Result>PASS</Result></LowLevelInfo></Step><Step Number="3"><LowLevelInfo><StepID>3</StepID><Description>RuleofThree icon is displaying for the third assessment in Presenting Complaint screen</Description><StepExecutedTime>22:39:04</StepExecutedTime><ScreenShot Name="N/A">N/A</ScreenShot><Result>PASS</Result></LowLevelInfo></Step><Step Number="4"><LowLevelInfo><StepID>4</StepID><Description>RuleofThree icon is displaying for the third assessment in Assessment screen</Description><StepExecutedTime>22:39:11</StepExecutedTime><ScreenShot Name="N/A">N/A</ScreenShot><Result>PASS</Result></LowLevelInfo></Step><Step Number="5"><LowLevelInfo><StepID>5</StepID><Description>RuleofThree icon is displaying for the third assessment in Triage screen</Description><StepExecutedTime>22:39:21</StepExecutedTime><ScreenShot Name="N/A">N/A</ScreenShot><Result>PASS</Result></LowLevelInfo></Step><Step Number="6"><LowLevelInfo><StepID>6</StepID><Description>Urgency of the assessment is bumped up for RuleofThree from Routine to Recommended within 24 hrs.</Description><StepExecutedTime>22:39:23</StepExecutedTime><ScreenShot Name="N/A">N/A</ScreenShot><Result>PASS</Result></LowLevelInfo></Step><Step Number="7"><LowLevelInfo><StepID>7</StepID><Description>RuleofThree icon is displaying for the third assessment in Summary screen</Description><StepExecutedTime>22:39:27</StepExecutedTime><ScreenShot Name="N/A">N/A</ScreenShot><Result>PASS</Result></LowLevelInfo></Step><Step Number="8"><LowLevelInfo><StepID>8</StepID><Description>Urgency of the assessment is bumped up for RuleofThree from Routine to Recommended within 24 hrs.</Description><StepExecutedTime>22:39:29</StepExecutedTime><ScreenShot Name="N/A">N/A</ScreenShot><Result>PASS</Result></LowLevelInfo></Step><Step Number="9"><LowLevelInfo><StepID>9</StepID><Description>Default screen is displaying on completing 3rd assessment with ROT urgency</Description><StepExecutedTime>22:39:34</StepExecutedTime><ScreenShot Name="N/A">N/A</ScreenShot><Result>PASS</Result></LowLevelInfo></Step><TestCaseDescription>StandaloneClinician-Verify rule of three functionality for clinician when signpost is configured.</TestCaseDescription><Result>PASS</Result><EndTime>22:39:38</EndTime><EndExecutionTime>16/May/2023   22:39:38</EndExecutionTime><TotalTimeTaken>00:13:09</TotalTimeTaken></TestCase></Root>
